code,term
10053811000001103,Fluorouracil 250mg/10ml solution for injection vials (A A H Pharmaceuticals Ltd) (AMP)
10060111000001109,Vinblastine 10mg/10ml solution for injection vials (A A H Pharmaceuticals Ltd) (AMP)
10072211000001108,Temodal 5mg capsules (Merck Sharp & Dohme (UK) Ltd) (AMP)
10192911000001103,Thalidomide 50mg capsules (Imported (United States)) (AMP)
10193111000001107,Thalidomide 25mg tablets (VMP)
10193311000001109,Thalidomide 25mg tablets (Durbin Plc) (AMP)
10193511000001103,Thalidomide 50mg tablets (VMP)
10193811000001100,Thalidomide 50mg tablets (Durbin Plc) (AMP)
10194111000001109,Thalidomide 100mg tablets (VMP)
10194411000001104,Thalidomide 100mg tablets (Durbin Plc) (AMP)
10246911000001106,Oxaliplatin 50mg/10ml solution for infusion vials (VMP)
10247111000001106,Eloxatin 50mg/10ml concentrate for solution for infusion vials (Sanofi) (AMP)
10247311000001108,Oxaliplatin 100mg/20ml solution for infusion vials (VMP)
10247511000001102,Eloxatin 100mg/20ml concentrate for solution for infusion vials (Sanofi) (AMP)
10277911000001108,Dacarbazine 200mg powder for solution for injection vials (medac UK) (AMP)
10288111000001102,Azathioprine 50mg tablets (Focus Pharmaceuticals Ltd) (AMP)
10354511000001104,Antithymocyte immunoglobulin (rabbit) 25mg powder and solvent for solution for infusion vials (VMP)
10354711000001109,Thymoglobuline 25mg powder and solvent for solution for infusion vials (Sanofi) (AMP)
10356411000001106,Vinorelbine 50mg/5ml concentrate for solution for infusion vials (A A H Pharmaceuticals Ltd) (AMP)
10445811000001105,Fluorouracil 2.5g/100ml solution for infusion vials (Pfizer Ltd) (AMP)
10448111000001108,Cladribine 10mg/5ml solution for injection vials (VMP)
10448311000001105,Litak 10mg/5ml solution for injection vials (Lipomed GmbH) (AMP)
10454511000001108,Cytoxan 25mg tablets (Imported (United States)) (AMP)
10455611000001108,Droxia 300mg capsules (Imported (United States)) (AMP)
10478811000001100,CellCept 250mg capsules (Dowelhurst Ltd) (AMP)
10480711000001104,CellCept 500mg tablets (Dowelhurst Ltd) (AMP)
10485011000001107,Arava 10mg tablets (Waymade Healthcare Plc) (AMP)
10485511000001104,Arava 20mg tablets (Waymade Healthcare Plc) (AMP)
10524411000001104,Carboplatin 50mg/5ml concentrate for solution for infusion vials (Teva UK Ltd) (AMP)
10524611000001101,Carboplatin 150mg/15ml concentrate for solution for infusion vials (Teva UK Ltd) (AMP)
10525111000001108,Carboplatin 450mg/45ml concentrate for solution for infusion vials (Teva UK Ltd) (AMP)
10525511000001104,Carboplatin 600mg/60ml concentrate for solution for infusion vials (Teva UK Ltd) (AMP)
10528511000001107,Cisplatin 10mg/10ml solution for infusion vials (Teva UK Ltd) (AMP)
10528811000001105,Cisplatin 50mg/50ml solution for infusion vials (Teva UK Ltd) (AMP)
10529311000001107,Cisplatin 100mg/100ml solution for infusion vials (Teva UK Ltd) (AMP)
10531511000001104,Doxorubicin 10mg/5ml solution for injection vials (Teva UK Ltd) (AMP)
10531811000001101,Doxorubicin 50mg/25ml solution for injection vials (Teva UK Ltd) (AMP)
10532111000001103,Doxorubicin 200mg/100ml solution for infusion vials (Teva UK Ltd) (AMP)
10532811000001105,Etoposide 100mg/5ml concentrate for solution for infusion vials (Teva UK Ltd) (AMP)
10533011000001108,Etoposide 500mg/25ml concentrate for solution for infusion vials (Teva UK Ltd) (AMP)
10533211000001103,Paclitaxel 30mg/5ml concentrate for solution for infusion vials (Teva UK Ltd) (AMP)
10533411000001104,Paclitaxel 100mg/16.7ml concentrate for solution for infusion vials (Teva UK Ltd) (AMP)
10533611000001101,Paclitaxel 150mg/25ml concentrate for solution for infusion vials (Teva UK Ltd) (AMP)
10533811000001102,Paclitaxel 300mg/50ml concentrate for solution for infusion vials (Teva UK Ltd) (AMP)
10538811000001107,Mercaptopurine 50mg tablets (Waymade Healthcare Plc) (AMP)
10615511000001104,Fluorouracil 2.5g/100ml solution for infusion vials (medac UK) (AMP)
10615711000001109,Hydroxycarbamide 500mg capsules (medac UK) (AMP)
10619911000001108,Doxorubin 10mg powder for solution for injection vials (medac UK) (AMP)
10620211000001100,Doxorubin 50mg powder for solution for injection vials (medac UK) (AMP)
10620411000001101,Doxorubin 10mg/5ml solution for injection vials (medac UK) (AMP)
10620611000001103,Doxorubin 50mg/25ml solution for injection vials (medac UK) (AMP)
10620811000001104,Doxorubin 200mg/100ml solution for infusion vials (medac UK) (AMP)
10626311000001106,Tysabri 300mg/15ml concentrate for solution for infusion vials (Biogen Idec Ltd) (AMP)
10638811000001104,CeeNU 100mg capsules (Imported (United States)) (AMP)
10639111000001104,CeeNU 10mg capsules (Imported (United States)) (AMP)
10640911000001106,Paclitaxel 30mg/5ml concentrate for solution for infusion vials (Wockhardt UK Ltd) (AMP)
10641111000001102,Paclitaxel 100mg/16.7ml concentrate for solution for infusion vials (Wockhardt UK Ltd) (AMP)
10641511000001106,Paclitaxel 150mg/25ml concentrate for solution for infusion vials (Wockhardt UK Ltd) (AMP)
10641711000001101,Paclitaxel 300mg/50ml concentrate for solution for infusion vials (Wockhardt UK Ltd) (AMP)
10642011000001106,Vinorelbine 10mg/1ml concentrate for solution for infusion vials (Wockhardt UK Ltd) (AMP)
10642411000001102,Vinorelbine 50mg/5ml concentrate for solution for infusion vials (Wockhardt UK Ltd) (AMP)
10672611000001103,Metoject 7.5mg/0.75ml solution for injection pre-filled syringes (medac UK) (AMP)
10672911000001109,Metoject 10mg/1ml solution for injection pre-filled syringes (medac UK) (AMP)
10673211000001106,Metoject 15mg/1.5ml solution for injection pre-filled syringes (medac UK) (AMP)
10673511000001109,Metoject 20mg/2ml solution for injection pre-filled syringes (medac UK) (AMP)
10674011000001104,Metoject 25mg/2.5ml solution for injection pre-filled syringes (medac UK) (AMP)
10675611000001107,Methotrexate 10mg/1ml solution for injection pre-filled syringes (VMP)
10675711000001103,Methotrexate 15mg/1.5ml solution for injection pre-filled syringes (VMP)
10675811000001106,Methotrexate 20mg/2ml solution for injection pre-filled syringes (VMP)
10675911000001101,Methotrexate 25mg/2.5ml solution for injection pre-filled syringes (VMP)
10676011000001109,Methotrexate 7.5mg/0.75ml solution for injection pre-filled syringes (VMP)
10676411000001100,Vinorelbine 10mg/1ml concentrate for solution for infusion vials (medac UK) (AMP)
10676611000001102,Vinorelbine 50mg/5ml concentrate for solution for infusion vials (medac UK) (AMP)
10685111000001105,Nexavar 200mg tablets (Bayer Plc) (AMP)
10685411000001100,Evoltra 20mg/20ml concentrate for solution for infusion vials (Sanofi) (AMP)
10688011000001101,Clofarabine 20mg/20ml solution for infusion vials (VMP)
10816811000001103,Sutent 50mg capsules (Pfizer Ltd) (AMP)
10817111000001108,Sutent 25mg capsules (Pfizer Ltd) (AMP)
10817411000001103,Sutent 12.5mg capsules (Pfizer Ltd) (AMP)
10818111000001109,Muromonab-CD3 solution for injection 5mg/5ml ampoules (VMP)
10818811000001102,Orthoclone OKT3 solution for injection 5mg/5ml ampoules (Imported (United States)) (AMP)
10904711000001109,Epirubicin 10mg/5ml solution for injection vials (Pfizer Ltd) (AMP)
10904911000001106,Epirubicin 50mg/25ml solution for injection vials (Hospira UK Ltd) (AMP)
10905611000001104,Epirubicin 100mg/50ml solution for infusion vials (Hospira UK Ltd) (AMP)
10905811000001100,Epirubicin 200mg/100ml solution for infusion vials (Hospira UK Ltd) (AMP)
10907011000001104,Oxaliplatin 50mg powder for solution for infusion vials (Pfizer Ltd) (AMP)
10907211000001109,Oxaliplatin 100mg powder for solution for infusion vials (Pfizer Ltd) (AMP)
10919611000001103,Epirubicin 100mg/50ml solution for infusion vials (VMP)
10964511000001100,Oxaliplatin 50mg powder for solution for infusion vials (A A H Pharmaceuticals Ltd) (AMP)
10964711000001105,Oxaliplatin 100mg powder for solution for infusion vials (A A H Pharmaceuticals Ltd) (AMP)
10967711000001103,Enbrel 50mg/1ml solution for injection pre-filled syringes (Pfizer Ltd) (AMP)
10969111000001105,Eloxatin 200mg/40ml concentrate for solution for infusion vials (Sanofi) (AMP)
10970211000001102,Etanercept 50mg/1ml solution for injection pre-filled syringes (VMP)
10970711000001109,Oxaliplatin 200mg/40ml solution for infusion vials (VMP)
10979611000001106,Lymphoglobuline 100mg/5ml solution for infusion vials (Genzyme Therapeutics Ltd) (AMP)
10985011000001105,Sprycel 20mg tablets (Bristol-Myers Squibb Pharmaceuticals Ltd) (AMP)
10985511000001102,Sprycel 50mg tablets (Bristol-Myers Squibb Pharmaceuticals Ltd) (AMP)
10985811000001104,Sprycel 70mg tablets (Bristol-Myers Squibb Pharmaceuticals Ltd) (AMP)
10986511000001109,Hydroxycarbamide 500mg capsules (A A H Pharmaceuticals Ltd) (AMP)
10988011000001102,Methotrexate 50mg/2ml solution for injection vials (Teva UK Ltd) (AMP)
10988211000001107,Methotrexate 500mg/20ml solution for injection vials (Teva UK Ltd) (AMP)
110211000001101,Fluorouracil 500mg/20ml solution for injection vials (Alliance Healthcare (Distribution) Ltd) (AMP)
11023211000001107,Enbrel Paediatric 25mg powder and solvent for solution for injection vials (Pfizer Ltd) (AMP)
11026411000001101,Methotrexate 2.5mg tablets (Wockhardt UK Ltd) (AMP)
11026611000001103,Methotrexate 10mg tablets (Wockhardt UK Ltd) (AMP)
11033511000001108,Enbrel 25mg/0.5ml solution for injection pre-filled syringes (Pfizer Ltd) (AMP)
11034511000001106,Etanercept 25mg/0.5ml solution for injection pre-filled syringes (VMP)
11091011000001108,Methotrexate 1g/40ml solution for injection vials (Teva UK Ltd) (AMP)
11121311000001108,Rapamune 2mg tablets (Waymade Healthcare Plc) (AMP)
11159911000001109,Prograf 500microgram capsules (Waymade Healthcare Plc) (AMP)
11188011000001105,Humira 40mg/0.8ml solution for injection pre-filled pens (AbbVie Ltd) (AMP)
11236911000001103,Adalimumab 40mg/0.8ml solution for injection pre-filled disposable devices (VMP)
11248011000001104,Cisplatin 50mg powder for solution for infusion vials (Alliance Healthcare (Distribution) Ltd) (AMP)
11403011000001103,Dacarbazine 100mg powder for solution for injection vials (PLIVA Pharma Ltd) (AMP)
11403511000001106,Dacarbazine 200mg powder for solution for injection vials (PLIVA Pharma Ltd) (AMP)
11422411000001107,Mitoxantrone 20mg/10ml concentrate for solution for infusion vials (PLIVA Pharma Ltd) (AMP)
11423411000001103,Mitoxantrone 25mg/12.5ml concentrate for solution for infusion vials (Teva UK Ltd) (AMP)
11494311000001100,Cetuximab 100mg/20ml solution for infusion vials (VMP)
11494411000001107,Cetuximab 500mg/100ml solution for infusion vials (VMP)
11495111000001103,Erbitux 100mg/20ml solution for infusion vials (Merck Serono Ltd) (AMP)
11495411000001108,Erbitux 500mg/100ml solution for infusion vials (Merck Serono Ltd) (AMP)
11528811000001100,Doxorubicin 10mg powder for solution for injection vials (Alliance Healthcare (Distribution) Ltd) (AMP)
11529011000001101,Doxorubicin 50mg powder for solution for injection vials (Alliance Healthcare (Distribution) Ltd) (AMP)
11529511000001109,Doxorubicin 200mg/100ml solution for infusion vials (Alliance Healthcare (Distribution) Ltd) (AMP)
11556411000001102,Tarceva 25mg tablets (Neon Healthcare Ltd) (AMP)
11619211000001106,Advagraf 0.5mg modified-release capsules (Astellas Pharma Ltd) (AMP)
11619611000001108,Advagraf 1mg modified-release capsules (Astellas Pharma Ltd) (AMP)
11620011000001100,Advagraf 5mg modified-release capsules (Astellas Pharma Ltd) (AMP)
11649511000001103,Tacrolimus 1mg modified-release capsules (VMP)
11649611000001104,Tacrolimus 500microgram modified-release capsules (VMP)
11649711000001108,Tacrolimus 5mg modified-release capsules (VMP)
11753911000001100,Orencia 250mg powder for concentrate for solution for infusion vials (Bristol-Myers Squibb Pharmaceuticals Ltd) (AMP)
11755211000001108,Revlimid 5mg capsules (Bristol-Myers Squibb Pharmaceuticals Ltd) (AMP)
11755711000001101,Revlimid 10mg capsules (Bristol-Myers Squibb Pharmaceuticals Ltd) (AMP)
11756011000001107,Revlimid 15mg capsules (Bristol-Myers Squibb Pharmaceuticals Ltd) (AMP)
11756511000001104,Revlimid 25mg capsules (Bristol-Myers Squibb Pharmaceuticals Ltd) (AMP)
11762011000001101,Abatacept 250mg powder for solution for infusion vials (VMP)
11762911000001102,Lenalidomide 15mg capsules (VMP)
11763011000001105,Lenalidomide 25mg capsules (VMP)
11793511000001104,Cyclophosphamide 35mg/5ml oral suspension (Special Order) (AMP)
11793811000001101,Cyclophosphamide 35mg/5ml oral solution (Special Order) (AMP)
11794111000001105,Cyclophosphamide 40mg/5ml oral suspension (Special Order) (AMP)
11794411000001100,Cyclophosphamide 40mg/5ml oral solution (Special Order) (AMP)
11794711000001106,Cyclophosphamide 75mg/5ml oral suspension (Special Order) (AMP)
11795011000001108,Cyclophosphamide 75mg/5ml oral solution (Special Order) (AMP)
11812511000001108,Soliris 300mg/30ml concentrate for solution for infusion vials (Alexion Pharma UK Ltd) (AMP)
11818011000001102,Cyclophosphamide 35mg/5ml oral solution (VMP)
11818111000001101,Cyclophosphamide 35mg/5ml oral suspension (VMP)
11818211000001107,Cyclophosphamide 40mg/5ml oral solution (VMP)
11818311000001104,Cyclophosphamide 40mg/5ml oral suspension (VMP)
11818411000001106,Cyclophosphamide 75mg/5ml oral solution (VMP)
11818511000001105,Cyclophosphamide 75mg/5ml oral suspension (VMP)
12068711000001104,Azathioprine 125mg/5ml oral suspension (Special Order) (AMP)
12069011000001106,Azathioprine 125mg/5ml oral solution (Special Order) (AMP)
12070311000001107,Azathioprine 175mg/5ml oral suspension (Special Order) (AMP)
12070911000001108,Azathioprine 175mg/5ml oral solution (Special Order) (AMP)
12080411000001105,Azathioprine 125mg/5ml oral solution (VMP)
12080511000001109,Azathioprine 125mg/5ml oral suspension (VMP)
12080611000001108,Azathioprine 175mg/5ml oral solution (VMP)
12080711000001104,Azathioprine 175mg/5ml oral suspension (VMP)
12092411000001105,Azathioprine 17mg/5ml oral suspension (Special Order) (AMP)
12092711000001104,Azathioprine 17mg/5ml oral solution (Special Order) (AMP)
12093011000001105,Azathioprine 200mg/5ml oral suspension (Special Order) (AMP)
12093311000001108,Azathioprine 200mg/5ml oral solution (Special Order) (AMP)
12093611000001103,Azathioprine 35mg/5ml oral suspension (Special Order) (AMP)
12093911000001109,Azathioprine 35mg/5ml oral solution (Special Order) (AMP)
12096811000001108,Azathioprine 17mg/5ml oral solution (VMP)
12096911000001103,Azathioprine 17mg/5ml oral suspension (VMP)
12097011000001104,Azathioprine 200mg/5ml oral solution (VMP)
12097111000001103,Azathioprine 200mg/5ml oral suspension (VMP)
12097211000001109,Azathioprine 35mg/5ml oral solution (VMP)
12097311000001101,Azathioprine 35mg/5ml oral suspension (VMP)
12207711000001108,Atriance 250mg/50ml solution for infusion vials (Sandoz Ltd) (AMP)
12209611000001109,Azathioprine 37.5mg/5ml oral suspension (Special Order) (AMP)
12210411000001104,Azathioprine 37.5mg/5ml oral solution (Special Order) (AMP)
12211711000001102,Azathioprine 37.5mg/5ml oral solution (VMP)
12211811000001105,Azathioprine 37.5mg/5ml oral suspension (VMP)
12211911000001100,Azathioprine 45mg/5ml oral suspension (VMP)
12212311000001105,Azathioprine 45mg/5ml oral suspension (Special Order) (AMP)
12212411000001103,Nelarabine 250mg/50ml solution for infusion vials (VMP)
12213811000001109,Azathioprine 4mg/5ml oral suspension (Special Order) (AMP)
12214511000001109,Azathioprine 70mg/5ml oral suspension (Special Order) (AMP)
12214811000001107,Azathioprine 7mg/5ml oral suspension (Special Order) (AMP)
12215111000001101,Azathioprine 80mg/5ml oral suspension (Special Order) (AMP)
12215411000001106,Azathioprine 45mg/5ml oral solution (Special Order) (AMP)
12216011000001106,Azathioprine 4mg/5ml oral solution (Special Order) (AMP)
12217411000001100,Azathioprine 70mg/5ml oral solution (Special Order) (AMP)
12217811000001103,Azathioprine 7mg/5ml oral solution (Special Order) (AMP)
12218111000001106,Azathioprine 80mg/5ml oral solution (Special Order) (AMP)
12221811000001102,Azathioprine 45mg/5ml oral solution (VMP)
12221911000001107,Azathioprine 4mg/5ml oral solution (VMP)
12222011000001100,Azathioprine 4mg/5ml oral suspension (VMP)
12222111000001104,Azathioprine 70mg/5ml oral solution (VMP)
12222211000001105,Azathioprine 70mg/5ml oral suspension (VMP)
12222311000001102,Azathioprine 7mg/5ml oral solution (VMP)
12222411000001109,Azathioprine 7mg/5ml oral suspension (VMP)
12222511000001108,Azathioprine 80mg/5ml oral solution (VMP)
12222611000001107,Azathioprine 80mg/5ml oral suspension (VMP)
12241211000001101,Busulfan 2mg/5ml oral suspension (Special Order) (AMP)
12241611000001104,Busulfan 2mg/5ml oral solution (Special Order) (AMP)
12288011000001108,Busulfan 2mg/5ml oral solution (VMP)
12288111000001109,Busulfan 2mg/5ml oral suspension (VMP)
12532811000001101,Fludarabine phosphate 50mg/2ml concentrate for solution for injection vials (Teva UK Ltd) (AMP)
12533411000001107,Oxaliplatin 50mg/10ml concentrate for solution for infusion vials (Teva UK Ltd) (AMP)
12533611000001105,Oxaliplatin 100mg/20ml concentrate for solution for infusion vials (Teva UK Ltd) (AMP)
12540011000001107,Fludarabine phosphate 50mg/2ml solution for injection vials (VMP)
12557211000001100,Temodal 140mg capsules (Merck Sharp & Dohme (UK) Ltd) (AMP)
12557511000001102,Temodal 180mg capsules (Merck Sharp & Dohme (UK) Ltd) (AMP)
12564211000001102,Temozolomide 140mg capsules (VMP)
12564311000001105,Temozolomide 180mg capsules (VMP)
12566811000001108,Hydroxycarbamide 500mg/5ml oral solution (Special Order) (AMP)
12623611000001104,Hydroxycarbamide 500mg/5ml oral solution (VMP)
12695311000001100,Mercaptopurine 50mg/5ml oral suspension (Special Order) (AMP)
12695511000001106,Mercaptopurine 5mg/5ml oral suspension (Special Order) (AMP)
12696211000001102,Mercaptopurine 75mg/5ml oral suspension (Special Order) (AMP)
12701511000001101,Mercaptopurine 50mg/5ml oral suspension (VMP)
12701611000001102,Mercaptopurine 5mg/5ml oral suspension (VMP)
12701711000001106,Mercaptopurine 75mg/5ml oral suspension (VMP)
12779011000001104,Oxaliplatin 50mg/10ml concentrate for solution for infusion vials (Pfizer Ltd) (AMP)
12779211000001109,Oxaliplatin 100mg/20ml concentrate for solution for infusion vials (Pfizer Ltd) (AMP)
12793711000001105,Methotrexate 12mg/5ml oral suspension (Special Order) (AMP)
12794011000001105,Methotrexate 12mg/5ml oral solution (Special Order) (AMP)
12794311000001108,Methotrexate 17.5mg/5ml oral suspension (Special Order) (AMP)
12794611000001103,Methotrexate 17.5mg/5ml oral solution (Special Order) (AMP)
12795811000001103,Methotrexate 18mg/5ml oral suspension (Special Order) (AMP)
12796111000001104,Methotrexate 18mg/5ml oral solution (Special Order) (AMP)
12796411000001109,Methotrexate 1mg/5ml oral suspension (Special Order) (AMP)
12796711000001103,Methotrexate 1mg/5ml oral solution (Special Order) (AMP)
12798211000001106,Methotrexate 20mg/5ml oral suspension (Special Order) (AMP)
12798611000001108,Methotrexate 20mg/5ml oral solution (Special Order) (AMP)
12799711000001108,Methotrexate 22.5mg/5ml oral suspension (Special Order) (AMP)
12800111000001102,Methotrexate 22.5mg/5ml oral solution (Special Order) (AMP)
12800611000001105,Methotrexate 25mg/5ml oral suspension (Special Order) (AMP)
12800911000001104,Methotrexate 25mg/5ml oral solution (Special Order) (AMP)
12801211000001102,Methotrexate 3.75mg/5ml oral suspension (Special Order) (AMP)
12801511000001104,Methotrexate 3.75mg/5ml oral solution (Special Order) (AMP)
12801911000001106,Methotrexate 4mg/5ml oral suspension (Special Order) (AMP)
12802211000001109,Methotrexate 4mg/5ml oral solution (Special Order) (AMP)
12802611000001106,Methotrexate 50mg/5ml oral suspension (Special Order) (AMP)
12803011000001108,Methotrexate 50mg/5ml oral solution (Special Order) (AMP)
12803311000001106,Methotrexate 6mg/5ml oral suspension (Special Order) (AMP)
12803611000001101,Methotrexate 6mg/5ml oral solution (Special Order) (AMP)
12804011000001105,Methotrexate 750micrograms/5ml oral suspension (Special Order) (AMP)
12804611000001103,Methotrexate 750micrograms/5ml oral solution (Special Order) (AMP)
12805111000001105,Methotrexate 7mg/5ml oral suspension (Special Order) (AMP)
12805711000001106,Methotrexate 7mg/5ml oral solution (Special Order) (AMP)
12806311000001102,Methotrexate 8mg/5ml oral suspension (Special Order) (AMP)
12806611000001107,Methotrexate 8mg/5ml oral solution (Special Order) (AMP)
12813911000001109,Methotrexate 12mg/5ml oral solution (VMP)
12814011000001107,Methotrexate 12mg/5ml oral suspension (VMP)
12814111000001108,Methotrexate 17.5mg/5ml oral solution (VMP)
12814211000001102,Methotrexate 17.5mg/5ml oral suspension (VMP)
12814311000001105,Methotrexate 18mg/5ml oral solution (VMP)
12814411000001103,Methotrexate 18mg/5ml oral suspension (VMP)
12814511000001104,Methotrexate 1mg/5ml oral solution (VMP)
12814611000001100,Methotrexate 1mg/5ml oral suspension (VMP)
12814711000001109,Methotrexate 20mg/5ml oral solution (VMP)
12814811000001101,Methotrexate 20mg/5ml oral suspension (VMP)
12814911000001106,Methotrexate 22.5mg/5ml oral solution (VMP)
12815011000001106,Methotrexate 22.5mg/5ml oral suspension (VMP)
12815111000001107,Methotrexate 50mg/5ml oral suspension (VMP)
12815211000001101,Methotrexate 6mg/5ml oral solution (VMP)
12815311000001109,Methotrexate 6mg/5ml oral suspension (VMP)
12815411000001102,Methotrexate 750micrograms/5ml oral solution (VMP)
12815511000001103,Methotrexate 750micrograms/5ml oral suspension (VMP)
12815611000001104,Methotrexate 7mg/5ml oral solution (VMP)
12815711000001108,Methotrexate 7mg/5ml oral suspension (VMP)
12815811000001100,Methotrexate 8mg/5ml oral solution (VMP)
12815911000001105,Methotrexate 8mg/5ml oral suspension (VMP)
12816911000001103,Methotrexate 25mg/5ml oral solution (VMP)
12817011000001104,Methotrexate 25mg/5ml oral suspension (VMP)
12817111000001103,Methotrexate 3.75mg/5ml oral solution (VMP)
12817211000001109,Methotrexate 3.75mg/5ml oral suspension (VMP)
12817311000001101,Methotrexate 4mg/5ml oral solution (VMP)
12817411000001108,Methotrexate 4mg/5ml oral suspension (VMP)
12817511000001107,Methotrexate 50mg/5ml oral solution (VMP)
12984311000001102,Mycophenolate mofetil 100mg/5ml oral suspension (Special Order) (AMP)
12984911000001101,Mycophenolate mofetil 125mg/5ml oral suspension (Special Order) (AMP)
12986111000001106,Penicillamine 125mg/5ml oral solution (Special Order) (AMP)
12986311000001108,Mycophenolate mofetil 250mg/5ml oral suspension (Special Order) (AMP)
12986711000001107,Penicillamine 250mg/5ml oral solution (Special Order) (AMP)
12987211000001103,Mycophenolate mofetil 300mg/5ml oral suspension (Special Order) (AMP)
12987611000001101,Penicillamine 50mg/5ml oral solution (Special Order) (AMP)
12988111000001105,Mycophenolate mofetil 500mg/5ml oral suspension (Special Order) (AMP)
13000311000001106,Mycophenolate mofetil 100mg/5ml oral suspension (VMP)
13000411000001104,Mycophenolate mofetil 125mg/5ml oral suspension (VMP)
13000511000001100,Mycophenolate mofetil 250mg/5ml oral suspension (VMP)
13000611000001101,Mycophenolate mofetil 300mg/5ml oral suspension (VMP)
13000711000001105,Mycophenolate mofetil 500mg/5ml oral suspension (VMP)
13005011000001102,Penicillamine 125mg/5ml oral solution (VMP)
13005111000001101,Penicillamine 250mg/5ml oral solution (VMP)
13005211000001107,Penicillamine 50mg/5ml oral solution (VMP)
13094411000001107,Vectibix 100mg/5ml concentrate for solution for infusion vials (Amgen Ltd) (AMP)
13098711000001109,Arava 10mg tablets (Dowelhurst Ltd) (AMP)
13142811000001103,Cisplatin 50mg/50ml concentrate for solution for infusion vials (Wockhardt UK Ltd) (AMP)
13235611000001105,Penicillamine 125mg tablets (Dowelhurst Ltd) (AMP)
13236111000001108,Penicillamine 250mg tablets (Dowelhurst Ltd) (AMP)
13282011000001100,Tacrolimus 2mg/5ml oral suspension (Special Order) (AMP)
13290811000001109,Thalidomide 50mg/5ml oral suspension (Special Order) (AMP)
13291111000001108,Thalidomide 50mg/5ml oral solution (Special Order) (AMP)
13303011000001104,Thalidomide 50mg/5ml oral solution (VMP)
13303111000001103,Thalidomide 50mg/5ml oral suspension (VMP)
13303311000001101,Tacrolimus 2mg/5ml oral suspension (VMP)
13369011000001100,Fludarabine phosphate 50mg/2ml solution for injection vials (A A H Pharmaceuticals Ltd) (AMP)
13379511000001102,Doxorubicin 50mg/25ml concentrate for solution for infusion vials (Wockhardt UK Ltd) (AMP)
13386711000001105,Azathioprine 50mg tablets (Arrow Generics Ltd) (AMP)
13410511000001106,Paclitaxel 30mg/5ml concentrate for solution for infusion vials (PLIVA Pharma Ltd) (AMP)
13410711000001101,Paclitaxel 100mg/16.7ml concentrate for solution for infusion vials (PLIVA Pharma Ltd) (AMP)
13410911000001104,Paclitaxel 300mg/50ml concentrate for solution for infusion vials (PLIVA Pharma Ltd) (AMP)
13441711000001103,Doxorubicin 10mg/2ml concentrate for solution for infusion vials (Wockhardt UK Ltd) (AMP)
13453911000001102,Doxorubicin 10mg/2ml solution for injection vials (VMP)
13572011000001100,Tacrolimus 500micrograms/5ml oral suspension (Special Order) (AMP)
13573411000001100,Tacrolimus 500micrograms/5ml oral suspension (VMP)
13599311000001102,Tasigna 200mg capsules (Novartis Pharmaceuticals UK Ltd) (AMP)
136411000001105,Methotrexate 10mg tablets (Alliance Healthcare (Distribution) Ltd) (AMP)
13643911000001102,Oxaliplatin 100mg powder for solution for infusion vials (PLIVA Pharma Ltd) (AMP)
13645511000001108,Tacrolimus 25mg/5ml oral solution (Special Order) (AMP)
13645811000001106,Tacrolimus 25mg/5ml oral suspension (Special Order) (AMP)
13648411000001104,Tacrolimus 25mg/5ml oral solution (VMP)
13648511000001100,Tacrolimus 25mg/5ml oral suspension (VMP)
13667811000001109,Tyverb 250mg tablets (Novartis Pharmaceuticals UK Ltd) (AMP)
13711000001108,Distamine 250mg tablets (Alliance Pharmaceuticals Ltd) (AMP)
13740711000001100,Azathioprine 25mg tablets (Tillomed Laboratories Ltd) (AMP)
13740911000001103,Azathioprine 50mg tablets (Tillomed Laboratories Ltd) (AMP)
13829111000001105,Arava 10mg tablets (DE Pharmaceuticals) (AMP)
13829311000001107,Arava 20mg tablets (DE Pharmaceuticals) (AMP)
13848011000001102,CellCept 250mg capsules (DE Pharmaceuticals) (AMP)
13848211000001107,CellCept 500mg tablets (DE Pharmaceuticals) (AMP)
13851311000001109,Thalidomide BMS 50mg capsules (Bristol-Myers Squibb Pharmaceuticals Ltd) (AMP)
13947611000001101,Prograf 500microgram capsules (DE Pharmaceuticals) (AMP)
13947911000001107,Prograf 1mg capsules (DE Pharmaceuticals) (AMP)
13955911000001104,Siklos 1000mg tablets (Masters Pharmaceuticals Ltd) (AMP)
13961411000001100,Busulfan 25mg capsules (VMP)
13961611000001102,Busulfan 25mg capsules (Special Order) (AMP)
13967911000001100,Hydroxycarbamide 1g tablets (VMP)
14051111000001106,Advagraf 1mg modified-release capsules (Sigma Pharmaceuticals Plc) (AMP)
14051611000001103,Advagraf 5mg modified-release capsules (Sigma Pharmaceuticals Plc) (AMP)
14194111000001106,Arava 10mg tablets (Sigma Pharmaceuticals Plc) (AMP)
14195011000001109,Arava 20mg tablets (Sigma Pharmaceuticals Plc) (AMP)
14225911000001104,Hycamtin 0.25mg capsules (Sandoz Ltd) (AMP)
14226211000001102,Hycamtin 1mg capsules (Sandoz Ltd) (AMP)
14251711000001102,Imuran 25mg tablets (Sigma Pharmaceuticals Plc) (AMP)
14343911000001108,Neoral 100mg/ml oral solution (Sigma Pharmaceuticals Plc) (AMP)
14344711000001108,Neoral 100mg capsules (Sigma Pharmaceuticals Plc) (AMP)
14345511000001102,Neoral 25mg capsules (Sigma Pharmaceuticals Plc) (AMP)
14346111000001100,Neoral 50mg capsules (Sigma Pharmaceuticals Plc) (AMP)
14592711000001107,Hydrea 500mg capsules (Waymade Healthcare Plc) (AMP)
14602911000001103,Torisel 30mg/1.2ml concentrate for solution for infusion vials and diluent (Pfizer Ltd) (AMP)
14653611000001108,Ridaura Tiltab 3mg tablets (Sigma Pharmaceuticals Plc) (AMP)
14675711000001100,Alimta 100mg powder for concentrate for solution for infusion vials (Eli Lilly and Company Ltd) (AMP)
14680811000001106,Pemetrexed 100mg powder for solution for infusion vials (VMP)
14689011000001108,Vectibix 400mg/20ml concentrate for solution for infusion vials (Amgen Ltd) (AMP)
14696711000001104,Panitumumab 400mg/20ml solution for infusion vials (VMP)
14709211000001105,Methotrexate 2.5mg tablets (Sigma Pharmaceuticals Plc) (AMP)
14728411000001109,Prograf 500microgram capsules (Sigma Pharmaceuticals Plc) (AMP)
14728611000001107,Prograf 1mg capsules (Sigma Pharmaceuticals Plc) (AMP)
14751111000001108,Epirubicin 10mg/5ml solution for injection vials (medac UK) (AMP)
14751311000001105,Epirubicin 50mg/25ml solution for injection vials (medac UK) (AMP)
14751511000001104,Epirubicin 200mg/100ml solution for infusion vials (medac UK) (AMP)
14752011000001104,Oxaliplatin 50mg powder for solution for infusion vials (medac UK) (AMP)
14752211000001109,Oxaliplatin 100mg powder for solution for infusion vials (medac UK) (AMP)
14752511000001107,Oxaliplatin 150mg powder for solution for infusion vials (medac UK) (AMP)
14779511000001101,Oxaliplatin 150mg powder for solution for infusion vials (VMP)
14781911000001101,Fludarabine phosphate 50mg powder for solution for injection vials (Actavis UK Ltd) (AMP)
14788211000001101,Epirubicin 10mg powder for solution for injection vials (Actavis UK Ltd) (AMP)
14788411000001102,Epirubicin 50mg powder for solution for injection vials (Actavis UK Ltd) (AMP)
14788611000001104,Oxaliplatin 50mg powder for solution for infusion vials (Actavis UK Ltd) (AMP)
14946711000001105,Methotrexate 2.5mg tablets (Waymade Healthcare Plc) (AMP)
14953811000001108,Abraxane 100mg powder for suspension for infusion vials (Celgene Ltd) (AMP)
14962511000001107,Methotrexate 2.5mg tablets (Orion Pharma (UK) Ltd) (AMP)
14963911000001107,Methotrexate 10mg tablets (Orion Pharma (UK) Ltd) (AMP)
14966311000001102,Doxorubicin 200mg/100ml solution for infusion vials (hameln pharma Ltd) (AMP)
14966611000001107,Methotrexate 25mg/3ml solution for injection pre-filled syringes (Special Order) (AMP)
14966811000001106,Methotrexate 500mg/20ml solution for injection vials (hameln pharma Ltd) (AMP)
14967011000001102,Epirubicin 10mg/5ml solution for injection vials (hameln pharma Ltd) (AMP)
14967911000001103,Methotrexate 25mg/3ml solution for injection pre-filled syringes (VMP)
15029311000001100,Vincristine 1mg/1ml solution for injection vials (Teva UK Ltd) (AMP)
15030011000001109,Vincristine 2mg/2ml solution for injection vials (Teva UK Ltd) (AMP)
15070411000001103,Azathioprine 25mg tablets (Sigma Pharmaceuticals Plc) (AMP)
15070611000001100,Azathioprine 50mg tablets (Sigma Pharmaceuticals Plc) (AMP)
15109411000001107,Methotrexate 10mg tablets (Sigma Pharmaceuticals Plc) (AMP)
15115911000001104,Oxaliplatin 100mg powder for solution for infusion vials (Actavis UK Ltd) (AMP)
15116111000001108,Vinorelbine 50mg/5ml concentrate for solution for infusion vials (Accord-UK Ltd) (AMP)
15116311000001105,Vinorelbine 10mg/1ml concentrate for solution for infusion vials (Accord-UK Ltd) (AMP)
15117011000001105,Stelara 45mg/0.5ml solution for injection vials (Janssen-Cilag Ltd) (AMP)
15125511000001103,Ustekinumab 45mg/0.5ml solution for injection vials (VMP)
15138411000001109,Methotrexate 50mg/2ml solution for injection vials (hameln pharma Ltd) (AMP)
15148411000001105,Epirubicin 50mg/25ml solution for injection vials (hameln pharma Ltd) (AMP)
15158011000001104,Epirubicin 10mg/5ml concentrate for solution for injection vials (Wockhardt UK Ltd) (AMP)
15158211000001109,Epirubicin 50mg/25ml concentrate for solution for injection vials (Wockhardt UK Ltd) (AMP)
15158411000001108,Fludarabine phosphate 50mg/2ml concentrate for solution for injection vials (Wockhardt UK Ltd) (AMP)
15161011000001101,Oxaliplatin 50mg powder for solution for infusion vials (Wockhardt UK Ltd) (AMP)
15161211000001106,Oxaliplatin 100mg powder for solution for infusion vials (Wockhardt UK Ltd) (AMP)
15165511000001107,Epirubicin 200mg/100ml concentrate for solution for infusion vials (Wockhardt UK Ltd) (AMP)
15165711000001102,Epirubicin 100mg/50ml concentrate for solution for infusion vials (Wockhardt UK Ltd) (AMP)
15167211000001101,Paclitaxel 30mg/5ml concentrate for solution for infusion vials (Actavis UK Ltd) (AMP)
15167411000001102,Paclitaxel 100mg/16.7ml concentrate for solution for infusion vials (Actavis UK Ltd) (AMP)
15167611000001104,Paclitaxel 150mg/25ml concentrate for solution for infusion vials (Actavis UK Ltd) (AMP)
15167811000001100,Paclitaxel 300mg/50ml concentrate for solution for infusion vials (Actavis UK Ltd) (AMP)
15236711000001104,Vidaza 100mg powder for suspension for injection vials (Bristol-Myers Squibb Pharmaceuticals Ltd) (AMP)
15242511000001109,Azacitidine 100mg powder for suspension for injection vials (VMP)
15377711000001109,Gemcitabine 200mg powder for solution for infusion vials (Teva UK Ltd) (AMP)
15377911000001106,Gemcitabine 1g powder for solution for infusion vials (Teva UK Ltd) (AMP)
15406411000001101,Sprycel 100mg tablets (Bristol-Myers Squibb Pharmaceuticals Ltd) (AMP)
15410411000001101,Dasatinib 100mg tablets (VMP)
15472211000001106,Gemcitabine 200mg powder for solution for infusion vials (Sun Pharmaceutical Industries Europe B.V.) (AMP)
15472411000001105,Gemcitabine 1g powder for solution for infusion vials (Sun Pharma UK Ltd) (AMP)
15513111000001105,Metoject 7.5mg/0.15ml solution for injection pre-filled syringes (medac UK) (AMP)
15513411000001100,Metoject 10mg/0.2ml solution for injection pre-filled syringes (medac UK) (AMP)
15513711000001106,Metoject 15mg/0.3ml solution for injection pre-filled syringes (medac UK) (AMP)
15514011000001106,Metoject 25mg/0.5ml solution for injection pre-filled syringes (medac UK) (AMP)
15514311000001109,Metoject 20mg/0.4ml solution for injection pre-filled syringes (medac UK) (AMP)
15516411000001105,Gemcitabine 200mg powder for solution for infusion vials (Actavis UK Ltd) (AMP)
15516611000001108,Gemcitabine 1g powder for solution for infusion vials (Actavis UK Ltd) (AMP)
15516911000001102,Navelbine 80mg capsules (Pierre Fabre Ltd) (AMP)
15517911000001104,Methotrexate 10mg/0.2ml solution for injection pre-filled syringes (VMP)
15518011000001102,Methotrexate 15mg/0.3ml solution for injection pre-filled syringes (VMP)
15518111000001101,Methotrexate 20mg/0.4ml solution for injection pre-filled syringes (VMP)
15518211000001107,Methotrexate 25mg/0.5ml solution for injection pre-filled syringes (VMP)
15518311000001104,Methotrexate 7.5mg/0.15ml solution for injection pre-filled syringes (VMP)
15518611000001109,Vinorelbine 80mg capsules (VMP)
15546011000001108,Campto 300mg/15ml concentrate for solution for infusion vials (Pfizer Ltd) (AMP)
15548111000001108,Yondelis 0.25mg powder for concentrate for solution for infusion vials (Immedica Pharma AB) (AMP)
15548411000001103,Yondelis 1mg powder for concentrate for solution for infusion vials (Immedica Pharma AB) (AMP)
15568011000001101,Irinotecan 300mg/15ml solution for infusion vials (VMP)
15568211000001106,Trabectedin 1mg powder for solution for infusion vials (VMP)
15568311000001103,Trabectedin 250microgram powder for solution for infusion vials (VMP)
15597911000001100,Epirubicin 50mg/25ml solution for injection vials (Teva UK Ltd) (AMP)
15598111000001102,Epirubicin 10mg/5ml solution for injection vials (Teva UK Ltd) (AMP)
15603811000001106,Advagraf 3mg modified-release capsules (Astellas Pharma Ltd) (AMP)
15614511000001109,Tacrolimus 3mg modified-release capsules (VMP)
15861111000001107,Irinotecan 40mg/2ml concentrate for solution for infusion vials (Actavis UK Ltd) (AMP)
15861311000001109,Irinotecan 100mg/5ml concentrate for solution for infusion vials (Actavis UK Ltd) (AMP)
15867011000001101,Cyclophosphamide 25mg tablets (Special Order) (AMP)
15870711000001105,Hydroxycarbamide 300mg capsules (Special Order) (AMP)
15874011000001101,Lomustine 100mg capsules (Special Order) (AMP)
15874311000001103,Lomustine 10mg capsules (Special Order) (AMP)
15874611000001108,Trabectedin 250microgram powder for solution for infusion vials (Special Order) (AMP)
15875311000001104,Trabectedin 1mg powder for solution for infusion vials (Special Order) (AMP)
15884111000001108,Puri-Nethol 50mg tablets (Waymade Healthcare Plc) (AMP)
15926411000001109,Irinotecan 40mg/2ml concentrate for solution for infusion vials (Teva UK Ltd) (AMP)
15926611000001107,Irinotecan 100mg/5ml concentrate for solution for infusion vials (Teva UK Ltd) (AMP)
15933911000001109,Gemcitabine 200mg powder for solution for infusion vials (A A H Pharmaceuticals Ltd) (AMP)
15934111000001108,Gemcitabine 1g powder for solution for infusion vials (A A H Pharmaceuticals Ltd) (AMP)
15978511000001108,Iressa 250mg tablets (AstraZeneca UK Ltd) (AMP)
15980311000001108,Enbrel 50mg/1ml solution for injection pre-filled MyClic pens (Pfizer Ltd) (AMP)
15987111000001107,Etanercept 50mg/1ml solution for injection pre-filled disposable devices (VMP)
16012511000001109,Azathioprine 250mg/5ml oral solution (Special Order) (AMP)
16014711000001109,Azathioprine 250mg/5ml oral suspension (Special Order) (AMP)
16035911000001102,Azathioprine 250mg/5ml oral solution (VMP)
16036011000001105,Azathioprine 250mg/5ml oral suspension (VMP)
16055511000001105,Afinitor 5mg tablets (Novartis Pharmaceuticals UK Ltd) (AMP)
16056111000001107,Afinitor 10mg tablets (Novartis Pharmaceuticals UK Ltd) (AMP)
16099111000001105,RoActemra 200mg/10ml concentrate for solution for infusion vials (Roche Products Ltd) (AMP)
16099411000001100,RoActemra 80mg/4ml concentrate for solution for infusion vials (Roche Products Ltd) (AMP)
16099711000001106,RoActemra 400mg/20ml concentrate for solution for infusion vials (Roche Products Ltd) (AMP)
16100511000001101,Oxaliplatin 100mg powder for solution for infusion vials (Viatris UK Healthcare Ltd) (AMP)
16100711000001106,Oxaliplatin 50mg powder for solution for infusion vials (Viatris UK Healthcare Ltd) (AMP)
16101911000001101,Tocilizumab 200mg/10ml solution for infusion vials (VMP)
16102011000001108,Tocilizumab 400mg/20ml solution for infusion vials (VMP)
16102111000001109,Tocilizumab 80mg/4ml solution for infusion vials (VMP)
16135911000001105,Advagraf 1mg modified-release capsules (Lexon (UK) Ltd) (AMP)
16198211000001103,Leukeran 2mg tablets (Lexon (UK) Ltd) (AMP)
16231611000001104,Puri-Nethol 50mg tablets (Lexon (UK) Ltd) (AMP)
16233811000001101,Ridaura Tiltab 3mg tablets (Lexon (UK) Ltd) (AMP)
16264311000001100,Arava 20mg tablets (Mawdsley-Brooks & Company Ltd) (AMP)
16306511000001107,Deximune 25mg capsules (Dexcel-Pharma Ltd) (AMP)
16306711000001102,Deximune 50mg capsules (Dexcel-Pharma Ltd) (AMP)
16306911000001100,Deximune 100mg capsules (Dexcel-Pharma Ltd) (AMP)
16444011000001109,Irinotecan 40mg/2ml concentrate for solution for infusion vials (A A H Pharmaceuticals Ltd) (AMP)
16444211000001104,Irinotecan 100mg/5ml concentrate for solution for infusion vials (A A H Pharmaceuticals Ltd) (AMP)
16445311000001106,Epirubicin 10mg/5ml solution for injection vials (Actavis UK Ltd) (AMP)
16445511000001100,Epirubicin 50mg/25ml solution for injection vials (Actavis UK Ltd) (AMP)
16445711000001105,Epirubicin 100mg/50ml solution for infusion vials (Actavis UK Ltd) (AMP)
16446711000001102,Irinotecan 500mg/25ml concentrate for solution for infusion vials (Actavis UK Ltd) (AMP)
16459511000001100,CellCept 250mg capsules (Mawdsley-Brooks & Company Ltd) (AMP)
16459711000001105,CellCept 500mg tablets (Mawdsley-Brooks & Company Ltd) (AMP)
16460411000001100,Irinotecan 500mg/25ml solution for infusion vials (VMP)
16547711000001106,Imuran 25mg tablets (Stephar (U.K.) Ltd) (AMP)
16550511000001102,Ciclosporin 25mg capsules (A A H Pharmaceuticals Ltd) (AMP)
16550711000001107,Ciclosporin 50mg capsules (A A H Pharmaceuticals Ltd) (AMP)
16550911000001109,Ciclosporin 100mg capsules (A A H Pharmaceuticals Ltd) (AMP)
16561911000001109,Neoral 25mg capsules (Mawdsley-Brooks & Company Ltd) (AMP)
16562311000001104,Neoral 50mg capsules (Mawdsley-Brooks & Company Ltd) (AMP)
16562711000001100,Neoral 100mg capsules (Mawdsley-Brooks & Company Ltd) (AMP)
16591411000001103,Ilaris 150mg powder for solution for injection vials (Novartis Pharmaceuticals UK Ltd) (AMP)
16592911000001100,Canakinumab 150mg powder for solution for injection vials (VMP)
16658211000001106,Tacrolimus 200microgram granules for oral suspension sachets sugar free (VMP)
16658411000001105,Modigraf 0.2mg granules for oral suspension sachets (Astellas Pharma Ltd) (AMP)
16658611000001108,Tacrolimus 1mg granules for oral suspension sachets sugar free (VMP)
16658811000001107,Modigraf 1mg granules for oral suspension sachets (Astellas Pharma Ltd) (AMP)
16667211000001103,Epirubicin 200mg/100ml solution for infusion vials (Viatris UK Healthcare Ltd) (AMP)
16667411000001104,Epirubicin 50mg/25ml solution for injection vials (Viatris UK Healthcare Ltd) (AMP)
16668111000001105,Epirubicin 10mg/5ml solution for injection vials (Viatris UK Healthcare Ltd) (AMP)
16697811000001100,Vinflunine 250mg/10ml solution for infusion vials (VMP)
16698011000001107,Javlor 250mg/10ml concentrate for solution for infusion vials (Pierre Fabre Ltd) (AMP)
16698211000001102,Vinflunine 50mg/2ml solution for infusion vials (VMP)
16698411000001103,Javlor 50mg/2ml concentrate for solution for infusion vials (Pierre Fabre Ltd) (AMP)
16698811000001101,Mifamurtide 4mg powder for dispersion for infusion vials (VMP)
16699011000001102,Mepact 4mg powder for concentrate for dispersion for infusion vials (Takeda UK Ltd) (AMP)
16731811000001107,Irinotecan 500mg/25ml concentrate for solution for infusion vials (A A H Pharmaceuticals Ltd) (AMP)
167911000001107,Methotrexate 2.5mg tablets (Kent Pharma (UK) Ltd) (AMP)
170511000001109,Fluorouracil 500mg/20ml solution for injection vials (Pfizer Ltd) (AMP)
17053711000001102,Cyclophosphamide 50mg tablets (Baxter Healthcare Ltd) (AMP)
17053911000001100,Cyclophosphamide 500mg powder for solution for injection vials (Baxter Healthcare Ltd) (AMP)
17054111000001101,Cyclophosphamide 1g powder for solution for injection vials (Baxter Healthcare Ltd) (AMP)
17063511000001102,Temozolomide 250mg capsules (Hospira UK Ltd) (AMP)
17063911000001109,Temozolomide 100mg capsules (Hospira UK Ltd) (AMP)
17064711000001109,Temozolomide 20mg capsules (Hospira UK Ltd) (AMP)
17065111000001107,Temozolomide 5mg capsules (Hospira UK Ltd) (AMP)
17169211000001106,Temozolomide 5mg capsules (Teva UK Ltd) (AMP)
17169411000001105,Temozolomide 20mg capsules (Teva UK Ltd) (AMP)
17169611000001108,Temozolomide 100mg capsules (Teva UK Ltd) (AMP)
17169811000001107,Temozolomide 140mg capsules (Teva UK Ltd) (AMP)
17170011000001103,Temozolomide 180mg capsules (Teva UK Ltd) (AMP)
17170211000001108,Temozolomide 250mg capsules (Teva UK Ltd) (AMP)
17190711000001109,Ofatumumab 100mg/5ml solution for infusion vials (VMP)
17191011000001103,Arzerra 100mg/5ml concentrate for solution for infusion vials (Novartis Pharmaceuticals UK Ltd) (AMP)
17220211000001106,Ifosfamide 1g powder for concentrate for solution for injection vials (Baxter Healthcare Ltd) (AMP)
17220411000001105,Ifosfamide 2g powder for concentrate for solution for injection vials (Baxter Healthcare Ltd) (AMP)
172611000001109,Sandimmun 100mg capsules (Novartis Pharmaceuticals UK Ltd) (AMP)
17291511000001108,Temozolomide 5mg capsules (A A H Pharmaceuticals Ltd) (AMP)
17291711000001103,Temozolomide 20mg capsules (A A H Pharmaceuticals Ltd) (AMP)
17291911000001101,Temozolomide 100mg capsules (A A H Pharmaceuticals Ltd) (AMP)
17292111000001109,Temozolomide 140mg capsules (A A H Pharmaceuticals Ltd) (AMP)
17292311000001106,Temozolomide 180mg capsules (A A H Pharmaceuticals Ltd) (AMP)
17292511000001100,Temozolomide 250mg capsules (A A H Pharmaceuticals Ltd) (AMP)
17315811000001100,Certolizumab pegol 200mg/1ml solution for injection pre-filled syringes (VMP)
17316011000001102,Cimzia 200mg/1ml solution for injection pre-filled syringes (UCB Pharma Ltd) (AMP)
17400011000001106,Temozolomide 140mg capsules (Hospira UK Ltd) (AMP)
17401211000001107,Temozolomide 180mg capsules (Hospira UK Ltd) (AMP)
17421711000001106,Prograf 500microgram capsules (Mawdsley-Brooks & Company Ltd) (AMP)
17422111000001100,Prograf 1mg capsules (Mawdsley-Brooks & Company Ltd) (AMP)
17422311000001103,Prograf 5mg capsules (Mawdsley-Brooks & Company Ltd) (AMP)
17426211000001107,Puri-Nethol 50mg tablets (Mawdsley-Brooks & Company Ltd) (AMP)
17430511000001105,Taxotere 20mg/1ml concentrate for solution for infusion vials (Sanofi) (AMP)
17430811000001108,Taxotere 80mg/4ml concentrate for solution for infusion vials (Sanofi) (AMP)
17431011000001106,Docetaxel 20mg/1ml solution for infusion vials (VMP)
17431111000001107,Docetaxel 80mg/4ml solution for infusion vials (VMP)
17462011000001109,Votrient 400mg tablets (Novartis Pharmaceuticals UK Ltd) (AMP)
17462311000001107,Votrient 200mg tablets (Novartis Pharmaceuticals UK Ltd) (AMP)
17462711000001106,Stelara 45mg/0.5ml solution for injection pre-filled syringes (Janssen-Cilag Ltd) (AMP)
17484011000001100,Ustekinumab 45mg/0.5ml solution for injection pre-filled syringes (VMP)
17489311000001101,Advagraf 1mg modified-release capsules (Mawdsley-Brooks & Company Ltd) (AMP)
17489511000001107,Advagraf 0.5mg modified-release capsules (Mawdsley-Brooks & Company Ltd) (AMP)
17520311000001105,Irinotecan 100mg/5ml concentrate for solution for infusion vials (Viatris UK Healthcare Ltd) (AMP)
17520511000001104,Irinotecan 40mg/2ml concentrate for solution for infusion vials (Viatris UK Healthcare Ltd) (AMP)
17523211000001107,Irinotecan 40mg/2ml concentrate for solution for infusion vials (medac UK) (AMP)
17523311000001104,Irinotecan 100mg/5ml concentrate for solution for infusion vials (medac UK) (AMP)
17523411000001106,Irinotecan 300mg/15ml concentrate for solution for infusion vials (medac UK) (AMP)
17558111000001109,Doxorubicin 200mg/100ml solution for injection Cytosafe vials (Pfizer Ltd) (AMP)
17577911000001108,Advagraf 1mg modified-release capsules (Necessity Supplies Ltd) (AMP)
17578611000001103,Advagraf 5mg modified-release capsules (Necessity Supplies Ltd) (AMP)
17586811000001108,Arava 10mg tablets (Necessity Supplies Ltd) (AMP)
17587211000001109,Arava 20mg tablets (Necessity Supplies Ltd) (AMP)
17589811000001102,Puri-Nethol 50mg tablets (Sigma Pharmaceuticals Plc) (AMP)
17593711000001106,Neoral 50mg capsules (Necessity Supplies Ltd) (AMP)
17594411000001102,Neoral 100mg/ml oral solution (Necessity Supplies Ltd) (AMP)
17624911000001109,Prograf 500microgram capsules (Necessity Supplies Ltd) (AMP)
17625111000001105,Prograf 1mg capsules (Necessity Supplies Ltd) (AMP)
17648911000001100,Paclitaxel 30mg/5ml concentrate for solution for infusion vials (medac UK) (AMP)
17649111000001105,Paclitaxel 100mg/16.7ml concentrate for solution for infusion vials (medac UK) (AMP)
17649311000001107,Paclitaxel 300mg/50ml concentrate for solution for infusion vials (medac UK) (AMP)
17649711000001106,Gemcitabine 1g powder for solution for infusion vials (medac UK) (AMP)
17649911000001108,Gemcitabine 200mg powder for solution for infusion vials (medac UK) (AMP)
17650211000001109,Gemcitabine 1.5g powder for solution for infusion vials (medac UK) (AMP)
17652111000001104,Gemcitabine 1.5g powder for solution for infusion vials (VMP)
17652411000001109,Temomedac 5mg capsules (medac UK) (AMP)
17652811000001106,Temomedac 20mg capsules (medac UK) (AMP)
17653011000001109,Temomedac 100mg capsules (medac UK) (AMP)
17653211000001104,Temomedac 140mg capsules (medac UK) (AMP)
17653411000001100,Temomedac 180mg capsules (medac UK) (AMP)
17653611000001102,Temomedac 250mg capsules (medac UK) (AMP)
17665211000001107,Gemcitabine 1g powder for solution for infusion vials (Viatris UK Healthcare Ltd) (AMP)
17665411000001106,Gemcitabine 200mg powder for solution for infusion vials (Viatris UK Healthcare Ltd) (AMP)
17665611000001109,Capimune 50mg capsules (Viatris UK Healthcare Ltd) (AMP)
17665811000001108,Capimune 100mg capsules (Viatris UK Healthcare Ltd) (AMP)
17666911000001105,Capimune 25mg capsules (Viatris UK Healthcare Ltd) (AMP)
17789111000001105,Azathioprine 25mg tablets (Phoenix Healthcare Distribution Ltd) (AMP)
17790011000001100,Azathioprine 50mg tablets (Phoenix Healthcare Distribution Ltd) (AMP)
17828911000001107,Gemcitabine 2g powder for solution for infusion vials (Actavis UK Ltd) (AMP)
17844811000001107,Gemcitabine 2g powder for solution for infusion vials (VMP)
17845911000001103,Irinotecan 40mg/2ml concentrate for solution for infusion vials (Pfizer Ltd) (AMP)
17846111000001107,Irinotecan 100mg/5ml concentrate for solution for infusion vials (Pfizer Ltd) (AMP)
17846311000001109,Irinotecan 500mg/25ml concentrate for solution for infusion vials (Pfizer Ltd) (AMP)
17846511000001103,Gemcitabine 200mg powder for solution for infusion vials (Pfizer Ltd) (AMP)
17846711000001108,Gemcitabine 1g powder for solution for infusion vials (Pfizer Ltd) (AMP)
17846911000001105,Gemcitabine 2g powder for solution for infusion vials (Pfizer Ltd) (AMP)
17847211000001104,Fludarabine phosphate 50mg powder for solution for injection vials (Hospira UK Ltd) (AMP)
178511000001107,Azathioprine 50mg tablets (IVAX Pharmaceuticals UK Ltd) (AMP)
17856611000001101,Ciclosporin 25mg capsules (Phoenix Healthcare Distribution Ltd) (AMP)
17856811000001102,Ciclosporin 50mg capsules (Phoenix Healthcare Distribution Ltd) (AMP)
17857011000001106,Ciclosporin 100mg capsules (Phoenix Healthcare Distribution Ltd) (AMP)
17871411000001107,Bendamustine 25mg powder for solution for infusion vials (VMP)
17871511000001106,Levact 25mg powder for concentrate for solution for infusion vials (Napp Pharmaceuticals Ltd) (AMP)
17872411000001102,Bendamustine 100mg powder for solution for infusion vials (VMP)
17872511000001103,Levact 100mg powder for concentrate for solution for infusion vials (Napp Pharmaceuticals Ltd) (AMP)
17880111000001103,Epirubicin 50mg/25ml solution for injection vials (A A H Pharmaceuticals Ltd) (AMP)
17930811000001105,Hydroxycarbamide 500mg capsules (Phoenix Healthcare Distribution Ltd) (AMP)
17953911000001107,Penicillamine 125mg tablets (Phoenix Healthcare Distribution Ltd) (AMP)
17954111000001106,Penicillamine 250mg tablets (Phoenix Healthcare Distribution Ltd) (AMP)
18032111000001103,Cyclophosphamide 1g powder for solution for injection vials (Alliance Healthcare (Distribution) Ltd) (AMP)
18035511000001101,Simponi 50mg/0.5ml solution for injection pre-filled syringes (Janssen-Cilag Ltd) (AMP)
18035811000001103,Simponi 50mg/0.5ml solution for injection pre-filled pens (Janssen-Cilag Ltd) (AMP)
18038011000001101,Golimumab 50mg/0.5ml solution for injection pre-filled disposable devices (VMP)
18038111000001100,Golimumab 50mg/0.5ml solution for injection pre-filled syringes (VMP)
18044211000001101,Adoport 5mg capsules (Sandoz Ltd) (AMP)
18044411000001102,Adoport 1mg capsules (Sandoz Ltd) (AMP)
18044811000001100,Adoport 0.5mg capsules (Sandoz Ltd) (AMP)
18065711000001103,Prograf 1mg capsules (Lexon (UK) Ltd) (AMP)
18159111000001102,Arava 10mg tablets (Mawdsley-Brooks & Company Ltd) (AMP)
18163911000001106,Myfenax 500mg tablets (Teva UK Ltd) (AMP)
18164111000001105,Myfenax 250mg capsules (Teva UK Ltd) (AMP)
18164311000001107,Mycophenolate mofetil 250mg capsules (Actavis UK Ltd) (AMP)
18164511000001101,Mycophenolate mofetil 500mg tablets (Actavis UK Ltd) (AMP)
18166711000001102,Arzip 500mg tablets (Zentiva Pharma UK Ltd) (AMP)
18166911000001100,Arzip 250mg capsules (Zentiva Pharma UK Ltd) (AMP)
18172711000001109,Leflunomide 10mg tablets (medac UK) (AMP)
18172911000001106,Leflunomide 20mg tablets (medac UK) (AMP)
18179211000001105,Puri-Nethol 50mg tablets (Necessity Supplies Ltd) (AMP)
18189211000001103,Hydrea 500mg capsules (Mawdsley-Brooks & Company Ltd) (AMP)
18190611000001106,Glivec 100mg tablets (Mawdsley-Brooks & Company Ltd) (AMP)
18208411000001106,Metoject 30mg/0.6ml solution for injection pre-filled syringes (medac UK) (AMP)
18245711000001104,Methotrexate 30mg/0.6ml solution for injection pre-filled syringes (VMP)
18275811000001106,Gemcitabine 2g powder for solution for infusion vials (A A H Pharmaceuticals Ltd) (AMP)
18280311000001100,Azathioprine 50mg tablets (Strides Pharma UK Ltd) (AMP)
18298811000001106,Docetaxel 20mg/1ml concentrate for solution for infusion vials (Teva UK Ltd) (AMP)
18300111000001109,Docetaxel 80mg/4ml concentrate for solution for infusion vials (Teva UK Ltd) (AMP)
18300411000001104,Docetaxel 140mg/7ml concentrate for solution for infusion vials (Teva UK Ltd) (AMP)
18300811000001102,Docetaxel 140mg/7ml solution for infusion vials (VMP)
18304811000001107,Docetaxel 20mg/2ml concentrate for solution for infusion vials (Pfizer Ltd) (AMP)
18305511000001105,Docetaxel 80mg/8ml concentrate for solution for infusion vials (Pfizer Ltd) (AMP)
18305811000001108,Docetaxel 160mg/16ml concentrate for solution for infusion vials (Pfizer Ltd) (AMP)
18305911000001103,Docetaxel 160mg/16ml solution for infusion vials (VMP)
18306011000001106,Docetaxel 20mg/2ml solution for infusion vials (VMP)
18306111000001107,Docetaxel 80mg/8ml solution for infusion vials (VMP)
18309311000001102,Taxotere 160mg/8ml concentrate for solution for infusion vials (Sanofi) (AMP)
18310411000001102,Mycophenolate mofetil 250mg capsules (A A H Pharmaceuticals Ltd) (AMP)
18310611000001104,Mycophenolate mofetil 500mg tablets (A A H Pharmaceuticals Ltd) (AMP)
18342011000001101,Leflunomide 10mg tablets (Alliance Healthcare (Distribution) Ltd) (AMP)
18342211000001106,Leflunomide 20mg tablets (Alliance Healthcare (Distribution) Ltd) (AMP)
18342411000001105,Mycophenolate mofetil 250mg capsules (Alliance Healthcare (Distribution) Ltd) (AMP)
18342611000001108,Mycophenolate mofetil 500mg tablets (Alliance Healthcare (Distribution) Ltd) (AMP)
18347511000001107,Docetaxel 160mg/8ml solution for infusion vials (VMP)
18401611000001102,Rapamune 0.5mg tablets (Pfizer Ltd) (AMP)
18412111000001102,Mycophenolate mofetil 500mg tablets (Viatris UK Healthcare Ltd) (AMP)
18413011000001107,Mercaptopurine 10mg tablets (Part VIIID Drug Tariff Special Order) (AMP)
18430611000001102,Mercaptopurine 10mg tablets (VMP)
18430811000001103,Sirolimus 500microgram tablets (VMP)
18431311000001102,Sprycel 140mg tablets (Bristol-Myers Squibb Pharmaceuticals Ltd) (AMP)
18431611000001107,Sprycel 80mg tablets (Bristol-Myers Squibb Pharmaceuticals Ltd) (AMP)
18446611000001104,Hydroxycarbamide 500mg capsules (Alliance Healthcare (Distribution) Ltd) (AMP)
18448611000001103,Tasigna 150mg capsules (Novartis Pharmaceuticals UK Ltd) (AMP)
18464211000001103,Mycophenolate mofetil 250mg capsules (Accord-UK Ltd) (AMP)
18464411000001104,Mycophenolate mofetil 500mg tablets (Accord-UK Ltd) (AMP)
18468211000001109,Nilotinib 150mg capsules (VMP)
18470311000001105,Dasatinib 140mg tablets (VMP)
18470411000001103,Dasatinib 80mg tablets (VMP)
18477511000001100,Mycophenolate mofetil 500mg tablets (Dr Reddy's Laboratories (UK) Ltd) (AMP)
18477711000001105,Mycophenolate mofetil 250mg capsules (Dr Reddy's Laboratories (UK) Ltd) (AMP)
18497511000001105,Azathioprine 50mg tablets (Almus Pharmaceuticals Ltd) (AMP)
18499611000001104,Fluorouracil 2.5g/100ml solution for infusion vials (A A H Pharmaceuticals Ltd) (AMP)
18530911000001102,Taxceus 20mg/1ml concentrate for solution for infusion vials (medac UK) (AMP)
18531911000001109,Taxceus 80mg/4ml concentrate for solution for infusion vials (medac UK) (AMP)
18533211000001101,Taxceus 140mg/7ml concentrate for solution for infusion vials (medac UK) (AMP)
18542411000001107,Docetaxel 20mg/1ml concentrate for solution for infusion vials (A A H Pharmaceuticals Ltd) (AMP)
18542611000001105,Docetaxel 20mg/2ml concentrate for solution for infusion vials (A A H Pharmaceuticals Ltd) (AMP)
18542811000001109,Docetaxel 80mg/4ml concentrate for solution for infusion vials (A A H Pharmaceuticals Ltd) (AMP)
18543011000001107,Docetaxel 80mg/8ml concentrate for solution for infusion vials (A A H Pharmaceuticals Ltd) (AMP)
18543611000001100,Docetaxel 140mg/7ml concentrate for solution for infusion vials (A A H Pharmaceuticals Ltd) (AMP)
18543811000001101,Irinotecan 300mg/15ml concentrate for solution for infusion vials (A A H Pharmaceuticals Ltd) (AMP)
18590011000001107,Gemcitabine 200mg/5.3ml concentrate for solution for infusion vials (Pfizer Ltd) (AMP)
18590911000001106,Gemcitabine 1g/26.3ml concentrate for solution for infusion vials (Pfizer Ltd) (AMP)
18591211000001108,Gemcitabine 2g/52.6ml concentrate for solution for infusion vials (Pfizer Ltd) (AMP)
18594811000001106,Gemcitabine 1g/26.3ml solution for infusion vials (VMP)
18594911000001101,Gemcitabine 200mg/5.3ml solution for infusion vials (VMP)
18595011000001101,Gemcitabine 2g/52.6ml solution for infusion vials (VMP)
18603011000001107,Neoral 100mg capsules (DE Pharmaceuticals) (AMP)
18607911000001102,Puri-Nethol 50mg tablets (DE Pharmaceuticals) (AMP)
18617711000001101,Vivadex 1mg capsules (Dexcel-Pharma Ltd) (AMP)
18618011000001102,Vivadex 0.5mg capsules (Dexcel-Pharma Ltd) (AMP)
18618211000001107,Vivadex 5mg capsules (Dexcel-Pharma Ltd) (AMP)
18622711000001109,Mycophenolate mofetil 250mg capsules (Phoenix Healthcare Distribution Ltd) (AMP)
18622911000001106,Mycophenolate mofetil 500mg tablets (Phoenix Healthcare Distribution Ltd) (AMP)
18643411000001109,Tacrolimus 500microgram capsules (A A H Pharmaceuticals Ltd) (AMP)
18643711000001103,Tacrolimus 1mg capsules (A A H Pharmaceuticals Ltd) (AMP)
18644711000001101,Tacrolimus 5mg capsules (A A H Pharmaceuticals Ltd) (AMP)
18677311000001108,Tioguanine 10mg capsules (Special Order) (AMP)
18684611000001101,Tioguanine 10mg capsules (VMP)
18728911000001102,Mycophenolate mofetil 250mg capsules (Sigma Pharmaceuticals Plc) (AMP)
18730111000001104,Mycophenolate mofetil 500mg tablets (Sigma Pharmaceuticals Plc) (AMP)
18741011000001105,Gilenya 0.5mg capsules (Novartis Pharmaceuticals UK Ltd) (AMP)
18744111000001109,Epirubicin 200mg/100ml solution for infusion vials (Teva UK Ltd) (AMP)
18748011000001104,Fingolimod 500microgram capsules (VMP)
18754511000001103,Carboplatin 50mg/5ml solution for infusion vials (A A H Pharmaceuticals Ltd) (AMP)
18754711000001108,Carboplatin 150mg/15ml solution for infusion vials (A A H Pharmaceuticals Ltd) (AMP)
18754911000001105,Carboplatin 450mg/45ml solution for infusion vials (A A H Pharmaceuticals Ltd) (AMP)
18755311000001108,Carboplatin 600mg/60ml solution for infusion vials (A A H Pharmaceuticals Ltd) (AMP)
18756811000001107,Leflunomide 10mg tablets (A A H Pharmaceuticals Ltd) (AMP)
18757211000001108,Leflunomide 20mg tablets (A A H Pharmaceuticals Ltd) (AMP)
18758511000001105,Cyclophosphamide 1g powder for solution for injection vials (A A H Pharmaceuticals Ltd) (AMP)
18758711000001100,Daunorubicin 20mg powder for solution for infusion vials (A A H Pharmaceuticals Ltd) (AMP)
18772311000001100,Halaven 0.88mg/2ml solution for injection vials (Eisai Ltd) (AMP)
18781111000001100,Eribulin 880micrograms/2ml solution for injection vials (VMP)
18810411000001100,Leflunomide 10mg tablets (Teva UK Ltd) (AMP)
18812611000001101,Leflunomide 20mg tablets (Teva UK Ltd) (AMP)
18870811000001105,Docetaxel 160mg/16ml concentrate for solution for infusion vials (A A H Pharmaceuticals Ltd) (AMP)
18871511000001100,Doxorubicin 10mg/5ml solution for injection vials (A A H Pharmaceuticals Ltd) (AMP)
18872211000001105,Doxorubicin 200mg/100ml solution for infusion vials (A A H Pharmaceuticals Ltd) (AMP)
18872811000001106,Doxorubicin 50mg/25ml solution for injection vials (A A H Pharmaceuticals Ltd) (AMP)
18873311000001107,Epirubicin 100mg/50ml solution for infusion vials (A A H Pharmaceuticals Ltd) (AMP)
18873811000001103,Epirubicin 10mg/5ml solution for injection vials (A A H Pharmaceuticals Ltd) (AMP)
18874311000001109,Epirubicin 200mg/100ml solution for infusion vials (A A H Pharmaceuticals Ltd) (AMP)
18875011000001105,Etoposide 100mg/5ml concentrate for solution for infusion vials (A A H Pharmaceuticals Ltd) (AMP)
18875311000001108,Etoposide 500mg/25ml concentrate for solution for infusion vials (A A H Pharmaceuticals Ltd) (AMP)
18876211000001106,Fludarabine phosphate 50mg powder for solution for injection vials (A A H Pharmaceuticals Ltd) (AMP)
191111000001100,Methotrexate 10mg tablets (Pfizer Ltd) (AMP)
19177811000001101,Cabazitaxel 60mg/1.5ml concentrate and solvent for solution for infusion vials (VMP)
19177911000001106,JEVTANA 60mg/1.5ml concentrate and solvent for solution for infusion vials (Sanofi) (AMP)
19224611000001108,Metoject 12.5mg/0.25ml solution for injection pre-filled syringes (medac UK) (AMP)
19225111000001101,Metoject 17.5mg/0.35ml solution for injection pre-filled syringes (medac UK) (AMP)
19225411000001106,Metoject 22.5mg/0.45ml solution for injection pre-filled syringes (medac UK) (AMP)
19225811000001108,Metoject 27.5mg/0.55ml solution for injection pre-filled syringes (medac UK) (AMP)
19231311000001104,Methotrexate 12.5mg/0.25ml solution for injection pre-filled syringes (VMP)
19231411000001106,Methotrexate 17.5mg/0.35ml solution for injection pre-filled syringes (VMP)
19231511000001105,Methotrexate 22.5mg/0.45ml solution for injection pre-filled syringes (VMP)
19231611000001109,Methotrexate 27.5mg/0.55ml solution for injection pre-filled syringes (VMP)
19265711000001106,Ofatumumab 1g/50ml solution for infusion vials (VMP)
19265811000001103,Arzerra 1000mg/50ml concentrate for solution for infusion vials (Novartis Pharmaceuticals UK Ltd) (AMP)
19293811000001104,Tacni 0.5mg capsules (Teva UK Ltd) (AMP)
19294011000001107,Tacni 1mg capsules (Teva UK Ltd) (AMP)
19294211000001102,Tacni 5mg capsules (Teva UK Ltd) (AMP)
19311511000001108,Thiotepa 15mg powder for solution for infusion vials (VMP)
19311711000001103,Tepadina 15mg powder for concentrate for solution for infusion vials (Adienne Pharma & Biotech) (AMP)
19311911000001101,Thiotepa 100mg powder for solution for infusion vials (VMP)
19312111000001109,Tepadina 100mg powder for concentrate for solution for infusion vials (Adienne Pharma & Biotech) (AMP)
19313611000001106,Siklos 100mg tablets (Masters Pharmaceuticals Ltd) (AMP)
19345811000001103,Hydroxycarbamide 100mg tablets (VMP)
19353311000001109,Carboplatin 150mg/15ml concentrate for solution for infusion vials (Sun Pharmaceutical Industries Europe B.V.) (AMP)
19353511000001103,Carboplatin 450mg/45ml concentrate for solution for infusion vials (Sun Pharmaceutical Industries Europe B.V.) (AMP)
19353711000001108,Carboplatin 50mg/5ml concentrate for solution for infusion vials (Sun Pharmaceutical Industries Europe B.V.) (AMP)
19353911000001105,Carboplatin 600mg/60ml concentrate for solution for infusion vials (Sun Pharmaceutical Industries Europe B.V.) (AMP)
19363311000001102,Pegasys 135micrograms/0.5ml solution for injection pre-filled pens (Roche Products Ltd) (AMP)
19363911000001101,Pegasys 180micrograms/0.5ml solution for injection pre-filled pens (Roche Products Ltd) (AMP)
19376911000001102,Capsorin 100mg capsules (Morningside Healthcare Ltd) (AMP)
19377111000001102,Capsorin 50mg capsules (Morningside Healthcare Ltd) (AMP)
19377311000001100,Capsorin 25mg capsules (Morningside Healthcare Ltd) (AMP)
19381511000001106,Yervoy 50mg/10ml concentrate for solution for infusion vials (Bristol-Myers Squibb Pharmaceuticals Ltd) (AMP)
19382711000001108,Yervoy 200mg/40ml concentrate for solution for infusion vials (Bristol-Myers Squibb Pharmaceuticals Ltd) (AMP)
19410411000001109,Peginterferon alfa-2a 135micrograms/0.5ml solution for injection pre-filled disposable devices (VMP)
19410511000001108,Peginterferon alfa-2a 180micrograms/0.5ml solution for injection pre-filled disposable devices (VMP)
19429811000001107,Mycophenolate mofetil 500mg tablets (Wockhardt UK Ltd) (AMP)
19431511000001106,Amsacrine 75mg/1.5ml solution for infusion ampoules and diluent (VMP)
19448511000001100,Ipilimumab 200mg/40ml solution for infusion vials (VMP)
19448611000001101,Ipilimumab 50mg/10ml solution for infusion vials (VMP)
19463411000001100,Nulojix 250mg powder for concentrate for solution for infusion vials (Bristol-Myers Squibb Pharmaceuticals Ltd) (AMP)
19464711000001108,Belatacept 250mg powder for solution for infusion vials (VMP)
19473111000001104,Oxaliplatin 50mg/10ml concentrate for solution for infusion vials (A A H Pharmaceuticals Ltd) (AMP)
19473311000001102,Oxaliplatin 100mg/20ml concentrate for solution for infusion vials (A A H Pharmaceuticals Ltd) (AMP)
19480311000001104,Benlysta 400mg powder for concentrate for solution for infusion vials (GlaxoSmithKline UK Ltd) (AMP)
19480611000001109,Benlysta 120mg powder for concentrate for solution for infusion vials (GlaxoSmithKline UK Ltd) (AMP)
19482011000001103,Belimumab 120mg powder for solution for infusion vials (VMP)
19482111000001102,Belimumab 400mg powder for solution for infusion vials (VMP)
19496811000001109,Capexion 0.5mg capsules (Viatris UK Healthcare Ltd) (AMP)
19497011000001100,Capexion 1mg capsules (Viatris UK Healthcare Ltd) (AMP)
19498011000001104,Capexion 5mg capsules (Viatris UK Healthcare Ltd) (AMP)
19573411000001102,Mitoxantrone 20mg/10ml concentrate for solution for infusion vials (A A H Pharmaceuticals Ltd) (AMP)
19574611000001101,Paclitaxel 30mg/5ml concentrate for solution for infusion vials (A A H Pharmaceuticals Ltd) (AMP)
19574811000001102,Paclitaxel 100mg/16.7ml concentrate for solution for infusion vials (A A H Pharmaceuticals Ltd) (AMP)
19575011000001107,Paclitaxel 150mg/25ml concentrate for solution for infusion vials (A A H Pharmaceuticals Ltd) (AMP)
19575211000001102,Paclitaxel 300mg/50ml concentrate for solution for infusion vials (A A H Pharmaceuticals Ltd) (AMP)
19575811000001101,Vinorelbine 10mg/1ml concentrate for solution for infusion vials (A A H Pharmaceuticals Ltd) (AMP)
19617911000001102,Neoral 25mg capsules (DE Pharmaceuticals) (AMP)
19625511000001108,Topotecan 4mg/4ml concentrate for solution for infusion vials (Pfizer Ltd) (AMP)
19627511000001104,Topotecan 4mg/4ml solution for infusion vials (VMP)
19633311000001101,Irinotecan 300mg/15ml concentrate for solution for infusion vials (Actavis UK Ltd) (AMP)
19633511000001107,Topotecan 1mg powder for solution for infusion vials (Actavis UK Ltd) (AMP)
19633711000001102,Topotecan 4mg powder for solution for infusion vials (Actavis UK Ltd) (AMP)
19671611000001105,Topotecan 1mg powder for solution for infusion vials (A A H Pharmaceuticals Ltd) (AMP)
19671811000001109,Topotecan 4mg powder for solution for infusion vials (A A H Pharmaceuticals Ltd) (AMP)
19680911000001100,Avastin 1.25mg/50microlitres solution for injection vials (Special Order) (AMP)
19687311000001100,Humira 40mg/0.8ml solution for injection vials (AbbVie Ltd) (AMP)
19697711000001100,Adalimumab 40mg/0.8ml solution for injection vials (VMP)
19697811000001108,Bevacizumab 1.25mg/50microlitres solution for injection vials (VMP)
19711011000001101,Votubia 5mg tablets (Novartis Pharmaceuticals UK Ltd) (AMP)
19716211000001103,Votubia 2.5mg tablets (Novartis Pharmaceuticals UK Ltd) (AMP)
19744011000001106,Everolimus 2.5mg tablets (VMP)
19783111000001102,Leflunomide 10mg tablets (Actavis UK Ltd) (AMP)
19783511000001106,Leflunomide 20mg tablets (Actavis UK Ltd) (AMP)
19812311000001109,Bevacizumab 1.25mg/50microlitres solution for injection vials (Special Order) (AMP)
19828211000001106,Temozolomide 100mg capsules (Viatris UK Healthcare Ltd) (AMP)
19828411000001105,Temozolomide 20mg capsules (Viatris UK Healthcare Ltd) (AMP)
19865611000001109,Aminolevulinic acid hydrochloride 30mg/ml oral solution (VMP)
19866111000001107,Gliolan 30mg/ml oral solution (medac UK) (AMP)
19867411000001100,CellCept 250mg capsules (Lexon (UK) Ltd) (AMP)
19867611000001102,CellCept 500mg tablets (Lexon (UK) Ltd) (AMP)
19921411000001107,Enbrel Paediatric 10mg powder and solvent for solution for injection vials (Pfizer Ltd) (AMP)
19946811000001101,Etanercept 10mg powder and solvent for solution for injection vials (VMP)
19953911000001102,Ebetrex 7.5mg/0.75ml solution for injection pre-filled syringes (Sandoz Ltd) (AMP)
19954111000001103,Ebetrex 10mg/1ml solution for injection pre-filled syringes (Sandoz Ltd) (AMP)
19954411000001108,Ebetrex 15mg/1.5ml solution for injection pre-filled syringes (Sandoz Ltd) (AMP)
19955711000001103,Ebetrex 25mg/1.25ml solution for injection pre-filled syringes (Sandoz Ltd) (AMP)
19956011000001109,Ebetrex 20mg/1ml solution for injection pre-filled syringes (Sandoz Ltd) (AMP)
19972411000001103,Ebetrex 30mg/1.5ml solution for injection pre-filled syringes (Sandoz Ltd) (AMP)
19976011000001106,Methotrexate 20mg/1ml solution for injection pre-filled syringes (VMP)
19976111000001107,Methotrexate 25mg/1.25ml solution for injection pre-filled syringes (VMP)
19976211000001101,Methotrexate 30mg/1.5ml solution for injection pre-filled syringes (VMP)
20095311000001101,Temozolomide 50mg/5ml oral suspension (VMP)
20095611000001106,Temozolomide 50mg/5ml oral suspension (Special Order) (AMP)
20106311000001101,Zelboraf 240mg tablets (Roche Products Ltd) (AMP)
20114011000001106,Vemurafenib 240mg tablets (VMP)
20158911000001108,Abraxane 100mg powder for suspension for infusion vials (Bristol-Myers Squibb Pharmaceuticals Ltd) (AMP)
20164511000001102,Neoral 50mg capsules (DE Pharmaceuticals) (AMP)
20177211000001100,Paclitaxel albumin 100mg powder for suspension for infusion vials (VMP)
201811000001107,Methotrexate 2.5mg tablets (A A H Pharmaceuticals Ltd) (AMP)
20204811000001101,Carboplatin 150mg/15ml concentrate for solution for infusion vials (Accord-UK Ltd) (AMP)
20205611000001104,Carboplatin 450mg/45ml concentrate for solution for infusion vials (Accord-UK Ltd) (AMP)
20206211000001107,Carboplatin 50mg/5ml concentrate for solution for infusion vials (Accord-UK Ltd) (AMP)
20206611000001109,Carboplatin 600mg/60ml concentrate for solution for infusion vials (Accord-UK Ltd) (AMP)
20208411000001107,Cisplatin 50mg/50ml concentrate for solution for infusion vials (Accord-UK Ltd) (AMP)
20208911000001104,Cisplatin 10mg/10ml concentrate for solution for infusion vials (Accord-UK Ltd) (AMP)
20209211000001103,Cisplatin 100mg/100ml concentrate for solution for infusion vials (Accord-UK Ltd) (AMP)
20210911000001103,Cytarabine 1g/10ml solution for injection vials (Accord-UK Ltd) (AMP)
20211311000001109,Cytarabine 100mg/1ml solution for injection vials (Accord-UK Ltd) (AMP)
20211811000001100,Cytarabine 500mg/5ml solution for injection vials (Accord-UK Ltd) (AMP)
20262711000001100,Doxorubicin 200mg/100ml concentrate for solution for infusion vials (Accord-UK Ltd) (AMP)
20262911000001103,Doxorubicin 50mg/25ml concentrate for solution for infusion vials (Accord-UK Ltd) (AMP)
20263511000001103,Doxorubicin 10mg/5ml concentrate for solution for infusion vials (Accord-UK Ltd) (AMP)
20265411000001103,Epirubicin 200mg/100ml solution for infusion vials (Accord-UK Ltd) (AMP)
20265811000001101,Epirubicin 50mg/25ml solution for injection vials (Accord-UK Ltd) (AMP)
20266211000001108,Epirubicin 10mg/5ml solution for injection vials (Accord-UK Ltd) (AMP)
20268111000001103,Epirubicin 20mg/10ml solution for injection vials (Accord-UK Ltd) (AMP)
20271611000001105,Fluorouracil 5g/100ml solution for infusion vials (Accord-UK Ltd) (AMP)
20272011000001106,Fluorouracil 500mg/10ml solution for injection vials (Accord-UK Ltd) (AMP)
20272211000001101,Fluorouracil 1g/20ml solution for injection vials (Accord-UK Ltd) (AMP)
20272711000001108,Fluorouracil 2.5g/50ml solution for infusion vials (Accord-UK Ltd) (AMP)
20273511000001105,Fluorouracil 250mg/5ml solution for injection vials (Accord-UK Ltd) (AMP)
20274211000001105,Gemcitabine 2g powder for solution for infusion vials (Accord-UK Ltd) (AMP)
20274411000001109,Gemcitabine 1g powder for solution for infusion vials (Accord-UK Ltd) (AMP)
20274611000001107,Gemcitabine 200mg powder for solution for infusion vials (Accord-UK Ltd) (AMP)
20274811000001106,Irinotecan 40mg/2ml concentrate for solution for infusion vials (Fresenius Kabi Ltd) (AMP)
20275011000001101,Irinotecan 100mg/5ml concentrate for solution for infusion vials (Fresenius Kabi Ltd) (AMP)
20275211000001106,Irinotecan 500mg/25ml concentrate for solution for infusion vials (Accord-UK Ltd) (AMP)
20278311000001107,Oxaliplatin 50mg/10ml concentrate for solution for infusion vials (Accord-UK Ltd) (AMP)
20278511000001101,Paclitaxel 100mg/16.7ml concentrate for solution for infusion vials (Accord-UK Ltd) (AMP)
20278711000001106,Paclitaxel 300mg/50ml concentrate for solution for infusion vials (Accord-UK Ltd) (AMP)
20278911000001108,Paclitaxel 30mg/5ml concentrate for solution for infusion vials (Accord-UK Ltd) (AMP)
20290211000001108,Leflunomide 10mg tablets (Sandoz Ltd) (AMP)
20290411000001107,Leflunomide 20mg tablets (Sandoz Ltd) (AMP)
20293611000001101,Epirubicin 20mg/10ml solution for injection vials (VMP)
20293711000001105,Fluorouracil 250mg/5ml solution for injection vials (VMP)
20307311000001108,Removab 10micrograms/0.1ml concentrate for solution for infusion pre-filled syringes (Neovii Biotech GmbH) (AMP)
20307611000001103,Removab 50micrograms/0.5ml concentrate for solution for infusion pre-filled syringes (Neovii Biotech GmbH) (AMP)
20310611000001100,Methotrexate 2.5mg tablets (Sandoz Ltd) (AMP)
20310811000001101,Methotrexate 10mg tablets (Sandoz Ltd) (AMP)
20312011000001106,Mycophenolate mofetil 250mg capsules (Sandoz Ltd) (AMP)
20312211000001101,Mycophenolate mofetil 500mg tablets (Sandoz Ltd) (AMP)
20344311000001106,Catumaxomab 10micrograms/0.1ml solution for infusion pre-filled syringes (VMP)
20344411000001104,Catumaxomab 50micrograms/0.5ml solution for infusion pre-filled syringes (VMP)
20358611000001109,Caprelsa 100mg tablets (Sanofi) (AMP)
20358911000001103,Caprelsa 300mg tablets (Sanofi) (AMP)
20363411000001107,Vandetanib 100mg tablets (VMP)
20363511000001106,Vandetanib 300mg tablets (VMP)
20366511000001103,Teysuno 20mg/5.8mg/15.8mg capsules (Nordic Pharma Ltd) (AMP)
20367111000001105,Teysuno 15mg/4.35mg/11.8mg capsules (Nordic Pharma Ltd) (AMP)
20419211000001101,Generic Teysuno 15mg/4.35mg/11.8mg capsules (VMP)
20419311000001109,Generic Teysuno 20mg/5.8mg/15.8mg capsules (VMP)
20471811000001105,Caelyx pegylated liposomal 20mg/10ml concentrate for solution for infusion vials (Baxter Healthcare Ltd) (AMP)
20472311000001105,Caelyx pegylated liposomal 50mg/25ml concentrate for solution for infusion vials (Baxter Healthcare Ltd) (AMP)
20478211000001100,Doxorubicin pegylated liposomal 20mg/10ml solution for infusion vials (VMP)
20478311000001108,Doxorubicin pegylated liposomal 50mg/25ml solution for infusion vials (VMP)
20538611000001107,Mercaptopurine 25mg tablets (Special Order) (AMP)
20556311000001100,Mercaptopurine 25mg tablets (VMP)
20839511000001103,Leflunomide 10mg tablets (Aspire Pharma Ltd) (AMP)
20839811000001100,Leflunomide 20mg tablets (Aspire Pharma Ltd) (AMP)
20886411000001102,Mercaptopurine 45mg/5ml oral suspension (Special Order) (AMP)
20886711000001108,Thalidomide 50mg tablets (Special Order) (AMP)
20914411000001104,Leflunomide 10mg tablets (Zentiva Pharma UK Ltd) (AMP)
20914611000001101,Leflunomide 20mg tablets (Zentiva Pharma UK Ltd) (AMP)
20921111000001100,Mercaptopurine 45mg/5ml oral suspension (VMP)
20929311000001104,Thalidomide 25mg tablets (Special Order) (AMP)
20930211000001103,Thalidomide 100mg tablets (Special Order) (AMP)
209911000001103,Prograf 1mg capsules (Astellas Pharma Ltd) (AMP)
21210111000001107,Xalkori 250mg capsules (Imported (United States)) (AMP)
21263111000001101,Ciclosporin 25mg capsules (Sigma Pharmaceuticals Plc) (AMP)
21263311000001104,Ciclosporin 50mg capsules (Sigma Pharmaceuticals Plc) (AMP)
21263511000001105,Ciclosporin 100mg capsules (Sigma Pharmaceuticals Plc) (AMP)
21274511000001100,Jakavi 20mg tablets (Novartis Pharmaceuticals UK Ltd) (AMP)
21275011000001107,Jakavi 5mg tablets (Novartis Pharmaceuticals UK Ltd) (AMP)
21275311000001105,Jakavi 15mg tablets (Novartis Pharmaceuticals UK Ltd) (AMP)
21290711000001107,Ruxolitinib 15mg tablets (VMP)
21290811000001104,Ruxolitinib 20mg tablets (VMP)
21293211000001105,Cytarabine 2g/20ml solution for injection vials (Accord-UK Ltd) (AMP)
21293411000001109,Docetaxel 160mg/8ml concentrate for solution for infusion vials (Accord-UK Ltd) (AMP)
21293611000001107,Docetaxel 20mg/1ml concentrate for solution for infusion vials (Accord-UK Ltd) (AMP)
21293811000001106,Docetaxel 80mg/4ml concentrate for solution for infusion vials (Accord-UK Ltd) (AMP)
21294011000001103,Irinotecan 300mg/15ml concentrate for solution for infusion vials (Fresenius Kabi Ltd) (AMP)
21294211000001108,Oxaliplatin 100mg/20ml concentrate for solution for infusion vials (Accord-UK Ltd) (AMP)
21294511000001106,Topotecan 1mg/1ml concentrate for solution for infusion vials (Accord-UK Ltd) (AMP)
21294711000001101,Topotecan 4mg powder for solution for infusion vials (Accord-UK Ltd) (AMP)
21297311000001109,Oxaliplatin 200mg/40ml concentrate for solution for infusion vials (Accord-UK Ltd) (AMP)
21298711000001109,Topotecan 4mg/4ml concentrate for solution for infusion vials (Accord-UK Ltd) (AMP)
21303211000001104,Tacrolimus 800micrograms/5ml oral solution (Special Order) (AMP)
21305711000001107,Tacrolimus 800micrograms/5ml oral solution (VMP)
21305811000001104,Topotecan 1mg/1ml solution for infusion vials (VMP)
21505811000001102,Inlyta 5mg tablets (Pfizer Ltd) (AMP)
21506111000001103,Inlyta 1mg tablets (Pfizer Ltd) (AMP)
21510211000001109,Axitinib 1mg tablets (VMP)
21510311000001101,Axitinib 5mg tablets (VMP)
21516311000001103,Pixantrone 29mg powder for solution for infusion vials (VMP)
21516711000001104,Pixuvri 29mg powder for concentrate for solution for infusion vials (Servier Laboratories Ltd) (AMP)
21521511000001107,Dacogen 50mg powder for concentrate for solution for infusion vials (Janssen-Cilag Ltd) (AMP)
21557911000001107,Foscan 1mg/1ml solution for injection vials (Biolitec Pharma Ltd) (AMP)
21558211000001104,Foscan 3mg/3ml solution for injection vials (Biolitec Pharma Ltd) (AMP)
21558511000001101,Foscan 6mg/6ml solution for injection vials (Biolitec Pharma Ltd) (AMP)
21572311000001106,Brentuximab vedotin 50mg powder for solution for infusion vials (VMP)
21572511000001100,Adcetris 50mg powder for concentrate for solution for infusion vials (Takeda UK Ltd) (AMP)
21578711000001108,Decitabine 50mg powder for solution for infusion vials (VMP)
21580111000001100,Temoporfin 1mg/1ml solution for injection vials (VMP)
21580211000001106,Temoporfin 3mg/3ml solution for injection vials (VMP)
21580311000001103,Temoporfin 6mg/6ml solution for injection vials (VMP)
21596111000001101,Xalkori 250mg capsules (Pfizer Ltd) (AMP)
21598111000001102,Xalkori 200mg capsules (Pfizer Ltd) (AMP)
21678611000001108,Votubia 10mg tablets (Novartis Pharmaceuticals UK Ltd) (AMP)
21699611000001106,Orencia 125mg/1ml solution for injection pre-filled syringes (Bristol-Myers Squibb Pharmaceuticals Ltd) (AMP)
21704711000001107,Abatacept 125mg/1ml solution for injection pre-filled syringes (VMP)
21780411000001106,Azathioprine 25mg tablets (Waymade Healthcare Plc) (AMP)
21780711000001100,Azathioprine 50mg tablets (Waymade Healthcare Plc) (AMP)
21785811000001102,Temozolomide 20mg capsules (Waymade Healthcare Plc) (AMP)
21786011000001104,Temozolomide 100mg capsules (Waymade Healthcare Plc) (AMP)
21796211000001108,Methotrexate 2.5mg tablets (Waymade Healthcare Plc) (AMP)
21796511000001106,Methotrexate 10mg tablets (Waymade Healthcare Plc) (AMP)
21808611000001106,Mycophenolate mofetil 250mg capsules (Waymade Healthcare Plc) (AMP)
21808811000001105,Mycophenolate mofetil 500mg tablets (Waymade Healthcare Plc) (AMP)
21835311000001101,Ciclosporin 100mg capsules (Cubic Pharmaceuticals Ltd) (AMP)
21835511000001107,Ciclosporin 50mg capsules (Cubic Pharmaceuticals Ltd) (AMP)
21835711000001102,Ciclosporin 25mg capsules (Cubic Pharmaceuticals Ltd) (AMP)
21842511000001100,Penicillamine 125mg tablets (Waymade Healthcare Plc) (AMP)
21842611000001101,Mycophenolate mofetil 250mg capsules (Cubic Pharmaceuticals Ltd) (AMP)
21842911000001107,Penicillamine 250mg tablets (Waymade Healthcare Plc) (AMP)
21929811000001100,Bevacizumab 1.25mg/50microlitres solution for injection pre-filled syringes (VMP)
21930511000001108,Bevacizumab 1.25mg/50microlitres solution for injection pre-filled syringes (Special Order) (AMP)
21969411000001109,Xaluprine 20mg/ml oral suspension (Nova Laboratories Ltd) (AMP)
22063011000001107,Leflunomide 10mg tablets (Waymade Healthcare Plc) (AMP)
22063211000001102,Leflunomide 20mg tablets (Waymade Healthcare Plc) (AMP)
22101211000001108,Mercaptopurine 25mg capsules (Special Order) (AMP)
22135211000001104,Perjeta 420mg/14ml concentrate for solution for infusion vials (Roche Products Ltd) (AMP)
22154611000001102,Mercaptopurine 25mg capsules (VMP)
22154811000001103,Pertuzumab 420mg/14ml solution for infusion vials (VMP)
22222111000001103,Methotrexate 10mg tablets (Teva UK Ltd) (AMP)
22222311000001101,Methotrexate 2.5mg tablets (Teva UK Ltd) (AMP)
22311211000001101,Doxorubicin 20mg/10ml solution for infusion pre-filled syringes (VMP)
22311811000001100,Doxorubicin 20mg/10ml solution for infusion pre-filled syringes (Special Order) (AMP)
22312511000001106,Doxorubicin 45mg/22.5ml solution for infusion pre-filled syringes (VMP)
22313211000001102,Doxorubicin 45mg/22.5ml solution for infusion pre-filled syringes (Special Order) (AMP)
22313511000001104,Doxorubicin 55mg/27.5ml solution for infusion pre-filled syringes (VMP)
22313811000001101,Doxorubicin 55mg/27.5ml solution for infusion pre-filled syringes (Special Order) (AMP)
22314111000001105,Doxorubicin 5mg/2.5ml solution for infusion pre-filled syringes (VMP)
22314411000001100,Doxorubicin 5mg/2.5ml solution for infusion pre-filled syringes (Special Order) (AMP)
22333211000001109,Esbriet 267mg capsules (Roche Products Ltd) (AMP)
22343011000001103,Pirfenidone 267mg capsules (VMP)
22352411000001100,Mycophenolate mofetil 250mg capsules (AM Distributions (Yorkshire) Ltd) (AMP)
22408311000001108,Ciclosporin 25mg capsules (DE Pharmaceuticals) (AMP)
22408511000001102,Ciclosporin 50mg capsules (DE Pharmaceuticals) (AMP)
22408711000001107,Ciclosporin 100mg capsules (DE Pharmaceuticals) (AMP)
22409911000001101,Mycophenolate mofetil 250mg capsules (DE Pharmaceuticals) (AMP)
22440211000001105,Epirubicin 100mg/50ml solution for infusion pre-filled syringes (VMP)
22440511000001108,Epirubicin 100mg/50ml solution for infusion pre-filled syringes (Special Order) (AMP)
22440811000001106,Epirubicin 20mg/10ml solution for injection pre-filled syringes (VMP)
22441111000001105,Epirubicin 20mg/10ml solution for injection pre-filled syringes (Special Order) (AMP)
22441411000001100,Epirubicin 40mg/20ml solution for injection pre-filled syringes (VMP)
22441711000001106,Epirubicin 40mg/20ml solution for injection pre-filled syringes (Special Order) (AMP)
22442011000001101,Epirubicin 50mg/25ml solution for injection pre-filled syringes (VMP)
22442311000001103,Epirubicin 50mg/25ml solution for injection pre-filled syringes (Special Order) (AMP)
22442711000001104,Epirubicin 60mg/30ml solution for injection pre-filled syringes (VMP)
22443011000001105,Epirubicin 60mg/30ml solution for injection pre-filled syringes (Special Order) (AMP)
22443511000001102,Epirubicin 5mg/2.5ml solution for injection pre-filled syringes (VMP)
22444011000001107,Epirubicin 5mg/2.5ml solution for injection pre-filled syringes (Special Order) (AMP)
22444511000001104,Epirubicin 90mg/45ml solution for injection pre-filled syringes (VMP)
22444811000001101,Epirubicin 90mg/45ml solution for injection pre-filled syringes (Special Order) (AMP)
22449011000001108,Ifosfamide 1g powder for concentrate for solution for injection vials (Alliance Healthcare (Distribution) Ltd) (AMP)
22449711000001105,Ifosfamide 2g powder for concentrate for solution for injection vials (Alliance Healthcare (Distribution) Ltd) (AMP)
22459711000001108,Cyclophosphamide 1g/50ml solution for infusion pre-filled syringes (VMP)
22460011000001107,Cyclophosphamide 1g/50ml solution for infusion pre-filled syringes (Special Order) (AMP)
22460311000001105,Cyclophosphamide 200mg/10ml solution for injection pre-filled syringes (VMP)
22460611000001100,Cyclophosphamide 200mg/10ml solution for injection pre-filled syringes (Special Order) (AMP)
22460911000001106,Cyclophosphamide 500mg/25ml solution for injection pre-filled syringes (VMP)
22461211000001108,Cyclophosphamide 500mg/25ml solution for injection pre-filled syringes (Special Order) (AMP)
22461511000001106,Cyclophosphamide 550mg/27.5ml solution for injection pre-filled syringes (VMP)
22461811000001109,Cyclophosphamide 550mg/27.5ml solution for injection pre-filled syringes (Special Order) (AMP)
22462111000001107,Cyclophosphamide 600mg/30ml solution for injection pre-filled syringes (VMP)
22462411000001102,Cyclophosphamide 600mg/30ml solution for injection pre-filled syringes (Special Order) (AMP)
22462711000001108,Cyclophosphamide 900mg/45ml solution for injection pre-filled syringes (VMP)
22463011000001102,Cyclophosphamide 900mg/45ml solution for injection pre-filled syringes (Special Order) (AMP)
22463311000001104,Cyclophosphamide 950mg/47.5ml solution for injection pre-filled syringes (VMP)
22463611000001109,Cyclophosphamide 950mg/47.5ml solution for injection pre-filled syringes (Special Order) (AMP)
22464411000001109,Mycophenolate mofetil 500mg tablets (Arrow Generics Ltd) (AMP)
22475211000001102,Cytarabine 20mg/0.2ml solution for injection pre-filled syringes (VMP)
22475511000001104,Cytarabine 20mg/0.2ml solution for injection pre-filled syringes (Special Order) (AMP)
22479811000001103,Temozolomide 5mg capsules (Sun Pharma UK Ltd) (AMP)
22519811000001102,Mercaptopurine 50mg tablets (Aspen Pharma Trading Ltd) (AMP)
22520911000001108,Tioguanine 40mg tablets (Aspen Pharma Trading Ltd) (AMP)
22522211000001103,Melphalan 50mg powder and solvent for solution for injection vials (Aspen Pharma Trading Ltd) (AMP)
22566811000001107,Ifosfamide 1g powder for solution for injection vials (A A H Pharmaceuticals Ltd) (AMP)
22604011000001104,Ciclosporin 100mg capsules (Colorama Pharmaceuticals Ltd) (AMP)
22604211000001109,Ciclosporin 25mg capsules (Colorama Pharmaceuticals Ltd) (AMP)
22604411000001108,Ciclosporin 50mg capsules (Colorama Pharmaceuticals Ltd) (AMP)
22605811000001106,Mycophenolate mofetil 250mg capsules (Colorama Pharmaceuticals Ltd) (AMP)
22614111000001101,Azathioprine 25mg tablets (DE Pharmaceuticals) (AMP)
22615211000001108,Azathioprine 50mg tablets (DE Pharmaceuticals) (AMP)
22641611000001100,Oxaliplatin 100mg/20ml concentrate for solution for infusion vials (Sun Pharma UK Ltd) (AMP)
22643311000001106,Oxaliplatin 50mg/10ml concentrate for solution for infusion vials (Sun Pharma UK Ltd) (AMP)
22649711000001108,Idarubicin 5mg powder for solution for injection vials (Teva UK Ltd) (AMP)
22649911000001105,Idarubicin 10mg powder for solution for injection vials (Teva UK Ltd) (AMP)
22652611000001109,Talidex 25mg tablets (Special Order) (AMP)
22673711000001106,Mercaptopurine 50mg tablets (Alliance Healthcare (Distribution) Ltd) (AMP)
22680611000001100,Melphalan 50mg powder and solvent for solution for injection vials (A A H Pharmaceuticals Ltd) (AMP)
22685811000001107,Pegasys 90micrograms/0.5ml solution for injection pre-filled syringes (pharmaand GmbH) (AMP)
22690811000001102,Peginterferon alfa-2a 90micrograms/0.5ml solution for injection pre-filled syringes (VMP)
22697611000001102,Bosulif 100mg tablets (Pfizer Ltd) (AMP)
22697911000001108,Bosulif 500mg tablets (Pfizer Ltd) (AMP)
22705211000001100,Idarubicin 10mg/10ml solution for injection vials (Teva UK Ltd) (AMP)
22705511000001102,Idarubicin 5mg/5ml solution for injection vials (Teva UK Ltd) (AMP)
22756511000001104,Docetaxel 20mg/0.5ml solution for infusion vials and diluent (Teva UK Ltd) (AMP)
22756711000001109,Docetaxel 80mg/2ml solution for infusion vials and diluent (Teva UK Ltd) (AMP)
22764011000001107,Erivedge 150mg capsules (Roche Products Ltd) (AMP)
22785511000001101,Idarubicin 5mg/5ml solution for injection vials (A A H Pharmaceuticals Ltd) (AMP)
22785711000001106,Idarubicin 10mg/10ml solution for injection vials (A A H Pharmaceuticals Ltd) (AMP)
22831311000001104,Docetaxel 20mg/2ml solution for infusion vials and diluent (Teva UK Ltd) (AMP)
22831611000001109,Docetaxel 80mg/8ml solution for infusion vials and diluent (Teva UK Ltd) (AMP)
22836011000001109,Chlorambucil 2mg tablets (Aspen Pharma Trading Ltd) (AMP)
22857911000001107,Docetaxel 20mg/2ml solution for infusion vials and diluent (VMP)
22858011000001109,Docetaxel 80mg/8ml solution for infusion vials and diluent (VMP)
23046711000001104,Topotecan 4mg/4ml concentrate for solution for infusion vials (Teva UK Ltd) (AMP)
23047011000001103,Topotecan 1mg/1ml concentrate for solution for infusion vials (Teva UK Ltd) (AMP)
23070511000001108,Tafinlar 50mg capsules (Novartis Pharmaceuticals UK Ltd) (AMP)
23070811000001106,Tafinlar 75mg capsules (Novartis Pharmaceuticals UK Ltd) (AMP)
23118711000001104,Chlorambucil 2mg tablets (A A H Pharmaceuticals Ltd) (AMP)
23157311000001105,Herceptin 600mg/5ml solution for injection vials (Roche Products Ltd) (AMP)
23179111000001104,Melphalan 50mg powder and solvent for solution for injection vials (Alliance Healthcare (Distribution) Ltd) (AMP)
23204911000001105,Trastuzumab 600mg/5ml solution for injection vials (VMP)
23218811000001105,Mycophenolate mofetil 250mg capsules (J M McGill Ltd) (AMP)
23269311000001106,Stivarga 40mg tablets (Bayer Plc) (AMP)
23285111000001105,Imnovid 1mg capsules (Bristol-Myers Squibb Pharmaceuticals Ltd) (AMP)
23285411000001100,Imnovid 2mg capsules (Bristol-Myers Squibb Pharmaceuticals Ltd) (AMP)
23285711000001106,Imnovid 3mg capsules (Bristol-Myers Squibb Pharmaceuticals Ltd) (AMP)
23286011000001100,Imnovid 4mg capsules (Bristol-Myers Squibb Pharmaceuticals Ltd) (AMP)
23307411000001100,Revlimid 2.5mg capsules (Bristol-Myers Squibb Pharmaceuticals Ltd) (AMP)
23326611000001106,Melphalan 2mg tablets (Aspen Pharma Trading Ltd) (AMP)
23344511000001104,Lenalidomide 2.5mg capsules (VMP)
23361911000001104,Melphalan 2mg tablets (A A H Pharmaceuticals Ltd) (AMP)
23410511000001105,Gilotrif 30mg tablets (Imported (United States)) (AMP)
23410811000001108,Gilotrif 40mg tablets (Imported (United States)) (AMP)
23411111000001107,Gilotrif 20mg tablets (Imported (United States)) (AMP)
23428211000001103,Ciclosporin 100mg capsules (J M McGill Ltd) (AMP)
23428411000001104,Ciclosporin 25mg capsules (J M McGill Ltd) (AMP)
23428611000001101,Ciclosporin 50mg capsules (J M McGill Ltd) (AMP)
23472211000001101,Fludarabine phosphate 50mg/2ml concentrate for solution for injection vials (Accord-UK Ltd) (AMP)
23563711000001102,Perixis 0.5mg capsules (Accord-UK Ltd) (AMP)
23564011000001102,Perixis 1mg capsules (Accord-UK Ltd) (AMP)
23564611000001109,Perixis 5mg capsules (Accord-UK Ltd) (AMP)
23564911000001103,Epirubicin 100mg/50ml solution for infusion vials (Accord-UK Ltd) (AMP)
23566911000001106,Gemcitabine 200mg/2ml concentrate for solution for infusion vials (Accord-UK Ltd) (AMP)
23569011000001101,Gemcitabine 1g/10ml concentrate for solution for infusion vials (Accord-UK Ltd) (AMP)
23570911000001104,Gemcitabine 2g/20ml concentrate for solution for infusion vials (Accord-UK Ltd) (AMP)
23576111000001104,Paclitaxel 150mg/25ml concentrate for solution for infusion vials (Accord-UK Ltd) (AMP)
23582311000001108,Iclusig 15mg tablets (Incyte Biosciences UK Ltd) (AMP)
23582911000001109,Iclusig 45mg tablets (Incyte Biosciences UK Ltd) (AMP)
23603711000001109,Gemcitabine 1g/10ml solution for infusion vials (VMP)
23603811000001101,Gemcitabine 200mg/2ml solution for infusion vials (VMP)
23603911000001106,Gemcitabine 2g/20ml solution for infusion vials (VMP)
23605811000001102,Prograf 5mg capsules (Waymade Healthcare Plc) (AMP)
23609711000001107,Tacrolimus 900micrograms/5ml oral suspension (Special Order) (AMP)
23612111000001104,Tacrolimus 900micrograms/5ml oral suspension (VMP)
23640111000001106,Capecitabine 150mg tablets (A A H Pharmaceuticals Ltd) (AMP)
23640311000001108,Capecitabine 500mg tablets (A A H Pharmaceuticals Ltd) (AMP)
23668711000001104,Capecitabine 150mg tablets (Zentiva Pharma UK Ltd) (AMP)
23668911000001102,Capecitabine 500mg tablets (Zentiva Pharma UK Ltd) (AMP)
23673011000001104,Cyclophosphamide 300mg/15ml solution for injection pre-filled syringes (VMP)
23673311000001101,Cyclophosphamide 300mg/15ml solution for injection pre-filled syringes (Special Order) (AMP)
23855511000001104,Giotrif 20mg tablets (Boehringer Ingelheim Ltd) (AMP)
23858411000001108,Giotrif 30mg tablets (Boehringer Ingelheim Ltd) (AMP)
23859211000001104,Giotrif 40mg tablets (Boehringer Ingelheim Ltd) (AMP)
23861011000001101,Giotrif 50mg tablets (Boehringer Ingelheim Ltd) (AMP)
23905211000001104,Afatinib 50mg tablets (VMP)
23936311000001108,Ciclosporin 100mg capsules (Niche Pharma Ltd) (AMP)
23936511000001102,Ciclosporin 25mg capsules (Niche Pharma Ltd) (AMP)
23936711000001107,Ciclosporin 50mg capsules (Niche Pharma Ltd) (AMP)
23950411000001104,Temozolomide 100mg capsules (Sun Pharma UK Ltd) (AMP)
23950611000001101,Temozolomide 140mg capsules (Sun Pharma UK Ltd) (AMP)
23950811000001102,Temozolomide 180mg capsules (Sun Pharma UK Ltd) (AMP)
23951011000001104,Temozolomide 20mg capsules (Sun Pharma UK Ltd) (AMP)
23951211000001109,Temozolomide 250mg capsules (Sun Pharma UK Ltd) (AMP)
23958811000001104,Mycophenolate mofetil 250mg capsules (Niche Pharma Ltd) (AMP)
23964811000001100,Kadcyla 100mg powder for concentrate for solution for infusion vials (Roche Products Ltd) (AMP)
23965111000001106,Kadcyla 160mg powder for concentrate for solution for infusion vials (Roche Products Ltd) (AMP)
23982811000001109,Simponi 100mg/1ml solution for injection pre-filled pens (Janssen-Cilag Ltd) (AMP)
23984711000001106,Golimumab 100mg/1ml solution for injection pre-filled disposable devices (VMP)
23985411000001104,Trastuzumab emtansine 100mg powder for solution for infusion vials (VMP)
23985511000001100,Trastuzumab emtansine 160mg powder for solution for infusion vials (VMP)
24028011000001102,Mycophenolate mofetil 250mg capsules (CST Pharma Ltd) (AMP)
24104211000001101,Afinitor 2.5mg tablets (Novartis Pharmaceuticals UK Ltd) (AMP)
24113511000001103,Ciclosporin 100mg capsules (Lexon (UK) Ltd) (AMP)
24116711000001101,Leflunomide 10mg tablets (Morningside Healthcare Ltd) (AMP)
24116911000001104,Leflunomide 20mg tablets (Morningside Healthcare Ltd) (AMP)
24135711000001100,Methotrexate 10mg tablets (Morningside Healthcare Ltd) (AMP)
24136011000001106,Methotrexate 2.5mg tablets (Morningside Healthcare Ltd) (AMP)
24157711000001107,Ciclosporin 25mg capsules (Ethigen Ltd) (AMP)
24157911000001109,Ciclosporin 50mg capsules (Ethigen Ltd) (AMP)
24158111000001107,Ciclosporin 100mg capsules (Ethigen Ltd) (AMP)
24200211000001107,Capecitabine 150mg tablets (Actavis UK Ltd) (AMP)
24200411000001106,Capecitabine 500mg tablets (Actavis UK Ltd) (AMP)
24363111000001104,Leflunomide 10mg tablets (DE Pharmaceuticals) (AMP)
24363311000001102,Leflunomide 20mg tablets (DE Pharmaceuticals) (AMP)
24375211000001100,Capecitabine 150mg tablets (medac UK) (AMP)
24375411000001101,Capecitabine 500mg tablets (medac UK) (AMP)
24376011000001101,Topotecan 1mg/1ml concentrate for solution for infusion vials (medac UK) (AMP)
24376211000001106,Topotecan 4mg/4ml concentrate for solution for infusion vials (medac UK) (AMP)
24376511000001109,Capecitabine 300mg tablets (medac UK) (AMP)
24376811000001107,Leflunomide 15mg tablets (medac UK) (AMP)
24377211000001108,Doxorubicin 50mg/25ml solution for infusion vials (medac UK) (AMP)
24377411000001107,Doxorubicin 200mg/100ml solution for infusion vials (medac UK) (AMP)
24378411000001106,Doxorubicin 10mg/5ml solution for infusion vials (medac UK) (AMP)
24381411000001107,Methotrexate 10mg tablets (DE Pharmaceuticals) (AMP)
24381611000001105,Methotrexate 2.5mg tablets (DE Pharmaceuticals) (AMP)
24403811000001102,Amsidine 75mg/1.5ml solution for infusion ampoules and diluent (Eurocept International bv) (AMP)
24405511000001101,Mycophenolate mofetil 500mg tablets (DE Pharmaceuticals) (AMP)
24405711000001106,Potactasol 1mg powder for concentrate for solution for infusion vials (Actavis UK Ltd) (AMP)
24405911000001108,Potactasol 4mg powder for concentrate for solution for infusion vials (Actavis UK Ltd) (AMP)
24407611000001109,Capecitabine 300mg tablets (VMP)
24408011000001101,Leflunomide 15mg tablets (VMP)
24436711000001107,Hydroxycarbamide 500mg/5ml oral suspension (Special Order) (AMP)
24504611000001108,Aubagio 14mg tablets (Sanofi) (AMP)
24504911000001102,Docetaxel 20mg/0.72ml concentrate for solution for infusion vials and diluent (Teva UK Ltd) (AMP)
24505211000001107,Azathioprine 25mg tablets (Sandoz Ltd) (AMP)
24505311000001104,Docetaxel 80mg/2.88ml concentrate for solution for infusion vials and diluent (Teva UK Ltd) (AMP)
24507811000001103,Inlyta 7mg tablets (Pfizer Ltd) (AMP)
24508111000001106,Inlyta 3mg tablets (Pfizer Ltd) (AMP)
24509011000001100,Axitinib 3mg tablets (VMP)
24509111000001104,Axitinib 7mg tablets (VMP)
24509511000001108,Docetaxel 20mg/0.72ml solution for infusion vials and diluent (VMP)
24509611000001107,Docetaxel 80mg/2.88ml solution for infusion vials and diluent (VMP)
24510211000001101,Hydroxycarbamide 500mg/5ml oral suspension (VMP)
24519911000001104,Ciclosporin 25mg capsules (Mawdsley-Brooks & Company Ltd) (AMP)
24520111000001101,Ciclosporin 50mg capsules (Mawdsley-Brooks & Company Ltd) (AMP)
24520311000001104,Ciclosporin 100mg capsules (Mawdsley-Brooks & Company Ltd) (AMP)
24559811000001100,Capecitabine 150mg tablets (Viatris UK Healthcare Ltd) (AMP)
24560011000001107,Capecitabine 500mg tablets (Viatris UK Healthcare Ltd) (AMP)
24561811000001109,Lemtrada 12mg/1.2ml concentrate for solution for infusion vials (Sanofi) (AMP)
24565711000001104,Alemtuzumab 12mg/1.2ml solution for infusion vials (VMP)
24571011000001105,Mycophenolate mofetil 250mg capsules (Mawdsley-Brooks & Company Ltd) (AMP)
24574711000001105,Capecitabine 500mg tablets (Sun Pharmaceutical Industries Europe B.V.) (AMP)
24588411000001102,Metoject PEN 7.5mg/0.15ml solution for injection pre-filled pens (medac UK) (AMP)
24588711000001108,Metoject PEN 30mg/0.6ml solution for injection pre-filled pens (medac UK) (AMP)
24589011000001101,Metoject PEN 27.5mg/0.55ml solution for injection pre-filled pens (medac UK) (AMP)
24589311000001103,Metoject PEN 25mg/0.5ml solution for injection pre-filled pens (medac UK) (AMP)
24589611000001108,Metoject PEN 15mg/0.3ml solution for injection pre-filled pens (medac UK) (AMP)
24589911000001102,Metoject PEN 12.5mg/0.25ml solution for injection pre-filled pens (medac UK) (AMP)
24590211000001100,Metoject PEN 10mg/0.2ml solution for injection pre-filled pens (medac UK) (AMP)
24590411000001101,Metoject PEN 22.5mg/0.45ml solution for injection pre-filled pens (medac UK) (AMP)
24590811000001104,Metoject PEN 20mg/0.4ml solution for injection pre-filled pens (medac UK) (AMP)
24591111000001100,Metoject PEN 17.5mg/0.35ml solution for injection pre-filled pens (medac UK) (AMP)
24594311000001100,Methotrexate 10mg/0.2ml solution for injection pre-filled disposable devices (VMP)
24594411000001107,Methotrexate 12.5mg/0.25ml solution for injection pre-filled disposable devices (VMP)
24594511000001106,Methotrexate 15mg/0.3ml solution for injection pre-filled disposable devices (VMP)
24594611000001105,Methotrexate 17.5mg/0.35ml solution for injection pre-filled disposable devices (VMP)
24594711000001101,Methotrexate 20mg/0.4ml solution for injection pre-filled disposable devices (VMP)
24594811000001109,Methotrexate 22.5mg/0.45ml solution for injection pre-filled disposable devices (VMP)
24594911000001104,Methotrexate 25mg/0.5ml solution for injection pre-filled disposable devices (VMP)
24595011000001104,Methotrexate 27.5mg/0.55ml solution for injection pre-filled disposable devices (VMP)
24595111000001103,Methotrexate 30mg/0.6ml solution for injection pre-filled disposable devices (VMP)
24595211000001109,Methotrexate 7.5mg/0.15ml solution for injection pre-filled disposable devices (VMP)
24656211000001103,Capecitabine 500mg tablets (Dr Reddy's Laboratories (UK) Ltd) (AMP)
24657811000001100,Entyvio 300mg powder for concentrate for solution for infusion vials (Takeda UK Ltd) (AMP)
24670211000001102,Vedolizumab 300mg powder for solution for infusion vials (VMP)
24775211000001101,Leflunomide 15mg tablets (Alliance Healthcare (Distribution) Ltd) (AMP)
24780211000001103,MabThera 1400mg/11.7ml solution for injection vials (Roche Products Ltd) (AMP)
24780811000001102,RoActemra 162mg/0.9ml solution for injection pre-filled syringes (Roche Products Ltd) (AMP)
24796311000001105,Sylvant 400mg powder for concentrate for solution for infusion vials (Recordati UK Ltd) (AMP)
24797411000001101,Sylvant 100mg powder for concentrate for solution for infusion vials (Recordati UK Ltd) (AMP)
24856511000001109,Rituximab 1.4g/11.7ml solution for injection vials (VMP)
24856911000001102,Tocilizumab 162mg/0.9ml solution for injection pre-filled syringes (VMP)
25091011000001106,Siltuximab 100mg powder for solution for infusion vials (VMP)
25091211000001101,Siltuximab 400mg powder for solution for infusion vials (VMP)
25371411000001105,Zortress 250microgram tablets (Imported (United States)) (AMP)
25371711000001104,Zortress 750microgram tablets (Imported (United States)) (AMP)
25444111000001106,Gazyvaro 1000mg/40ml concentrate for solution for infusion vials (Roche Products Ltd) (AMP)
25503511000001103,Obinutuzumab 1g/40ml solution for infusion vials (VMP)
25553011000001101,Temozolomide 5mg capsules (Zentiva Pharma UK Ltd) (AMP)
25553511000001109,Temozolomide 20mg capsules (Zentiva Pharma UK Ltd) (AMP)
25553811000001107,Temozolomide 100mg capsules (Zentiva Pharma UK Ltd) (AMP)
25554711000001102,Temozolomide 140mg capsules (Zentiva Pharma UK Ltd) (AMP)
25555011000001100,Temozolomide 180mg capsules (Zentiva Pharma UK Ltd) (AMP)
25555511000001108,Temozolomide 250mg capsules (Zentiva Pharma UK Ltd) (AMP)
25694011000001104,Ciclosporin 25mg capsules (Icarus Pharmaceuticals Ltd) (AMP)
25694711000001102,Ciclosporin 50mg capsules (Icarus Pharmaceuticals Ltd) (AMP)
25695111000001104,Ciclosporin 100mg capsules (Icarus Pharmaceuticals Ltd) (AMP)
25881711000001105,Mycophenolate mofetil 250mg capsules (Icarus Pharmaceuticals Ltd) (AMP)
25933411000001100,Docetaxel 80mg/4ml concentrate for solution for infusion vials (Dr Reddy's Laboratories (UK) Ltd) (AMP)
25933611000001102,Docetaxel 20mg/1ml concentrate for solution for infusion vials (Dr Reddy's Laboratories (UK) Ltd) (AMP)
25964511000001108,Trametinib 2mg tablets (VMP)
25964911000001101,Mekinist 2mg tablets (Imported (United States)) (AMP)
26019111000001108,Ciclosporin 100mg capsules (Ennogen Healthcare Ltd) (AMP)
26021211000001109,Ciclosporin 25mg capsules (Ennogen Healthcare Ltd) (AMP)
26022211000001102,Ciclosporin 50mg capsules (Ennogen Healthcare Ltd) (AMP)
26658011000001100,Azapress 50mg tablets (Ennogen Pharma Ltd) (AMP)
27044711000001102,Capecitabine 300mg tablets (A A H Pharmaceuticals Ltd) (AMP)
27855611000001105,Capecitabine 150mg tablets (Accord-UK Ltd) (AMP)
27856011000001107,Capecitabine 300mg tablets (Accord-UK Ltd) (AMP)
27856711000001109,Capecitabine 500mg tablets (Accord-UK Ltd) (AMP)
27946711000001104,Idelalisib 100mg tablets (VMP)
27946811000001107,Zydelig 100mg tablets (Gilead Sciences Ltd) (AMP)
27947111000001102,Idelalisib 150mg tablets (VMP)
27947211000001108,Zydelig 150mg tablets (Gilead Sciences Ltd) (AMP)
27950611000001109,Etoposide 100mg/5ml concentrate for solution for infusion vials (Accord-UK Ltd) (AMP)
27951711000001108,Methotrexate 1g/40ml solution for injection vials (Accord-UK Ltd) (AMP)
27952411000001107,Methotrexate 500mg/20ml solution for injection vials (Accord-UK Ltd) (AMP)
27990111000001105,Azathioprine 50mg tablets (Ennogen Healthcare Ltd) (AMP)
28003411000001105,Capecitabine 150mg tablets (Dr Reddy's Laboratories (UK) Ltd) (AMP)
28009911000001104,Cometriq 20mg capsules (Ipsen Ltd) (AMP)
28010411000001100,Cometriq 80mg capsules (Ipsen Ltd) (AMP)
28010711000001106,Cometriq 20mg capsules and Cometriq 80mg capsules (Ipsen Ltd) (AMP)
28012311000001106,Cabozantinib 20mg capsules (VMP)
28012411000001104,Cabozantinib 20mg capsules and Cabozantinib 80mg capsules (VMP)
28012511000001100,Cabozantinib 80mg capsules (VMP)
28093711000001101,Chlorambucil 2mg tablets (Alliance Healthcare (Distribution) Ltd) (AMP)
28094111000001100,Melphalan 2mg tablets (Alliance Healthcare (Distribution) Ltd) (AMP)
28095411000001106,Tioguanine 40mg tablets (Alliance Healthcare (Distribution) Ltd) (AMP)
28122211000001100,Ciclosporin 100mg capsules (Pharma-z Ltd) (AMP)
28122711000001107,Ciclosporin 25mg capsules (Pharma-z Ltd) (AMP)
28123311000001103,Ciclosporin 50mg capsules (Pharma-z Ltd) (AMP)
28279111000001101,Mercaptopurine 30mg capsules (Special Order) (AMP)
28282411000001107,Imbruvica 140mg capsules (Janssen-Cilag Ltd) (AMP)
28335911000001108,Vanquoral 25mg capsules (Teva UK Ltd) (AMP)
28337411000001106,Vanquoral 50mg capsules (Teva UK Ltd) (AMP)
28338911000001102,Vanquoral 100mg capsules (Teva UK Ltd) (AMP)
28366311000001107,Mercaptopurine 30mg capsules (VMP)
28395011000001103,Ibrutinib 140mg capsules (VMP)
28397011000001105,Mercaptopurine 75mg tablets (Special Order) (AMP)
28415311000001105,Mercaptopurine 75mg tablets (VMP)
28469211000001103,Cyramza 500mg/50ml concentrate for solution for infusion vials (Eli Lilly and Company Ltd) (AMP)
284711000001102,Imuran 25mg tablets (Aspen Pharma Trading Ltd) (AMP)
28770611000001108,Otezla 30mg tablets (Amgen Ltd) (AMP)
28770911000001102,Otezla 10mg tablets (Amgen Ltd) (AMP)
28771211000001100,Otezla 20mg tablets (Amgen Ltd) (AMP)
28771711000001107,Otezla tablets treatment initiation pack (Amgen Ltd) (AMP)
28782311000001106,Vargatef 100mg capsules (Boehringer Ingelheim Ltd) (AMP)
28782611000001101,Vargatef 150mg capsules (Boehringer Ingelheim Ltd) (AMP)
28789011000001101,Apremilast 10mg tablets (VMP)
28789111000001100,Apremilast 20mg tablets (VMP)
28789211000001106,Apremilast 30mg tablets (VMP)
28790111000001106,Apremilast 10mg/20mg/30mg tablets treatment initiation pack (VMP)
28790211000001100,Nintedanib 100mg capsules (VMP)
28790311000001108,Nintedanib 150mg capsules (VMP)
28790411000001101,Ramucirumab 100mg/10ml solution for infusion vials (VMP)
28790511000001102,Ramucirumab 500mg/50ml solution for infusion vials (VMP)
28791311000001103,Cyramza 100mg/10ml concentrate for solution for infusion vials (Eli Lilly and Company Ltd) (AMP)
28791811000001107,Envarsus 1mg modified-release tablets (Chiesi Ltd) (AMP)
28792111000001105,Envarsus 750microgram modified-release tablets (Chiesi Ltd) (AMP)
28792411000001100,Envarsus 4mg modified-release tablets (Chiesi Ltd) (AMP)
28795911000001100,Temozolomide 5mg capsules (Actavis UK Ltd) (AMP)
28796111000001109,Temozolomide 20mg capsules (Actavis UK Ltd) (AMP)
28796311000001106,Temozolomide 100mg capsules (Actavis UK Ltd) (AMP)
28796511000001100,Temozolomide 140mg capsules (Actavis UK Ltd) (AMP)
28796711000001105,Temozolomide 180mg capsules (Actavis UK Ltd) (AMP)
28796911000001107,Temozolomide 250mg capsules (Actavis UK Ltd) (AMP)
28797211000001101,"Asparaginase 5,000unit powder for solution for injection vials (Imported (Germany)) (AMP)"
28797711000001108,"Asparaginase 10,000unit powder for solution for injection vials (Imported (Germany)) (AMP)"
28800611000001103,Adoport 0.75mg capsules (Sandoz Ltd) (AMP)
28800911000001109,Adoport 2mg capsules (Sandoz Ltd) (AMP)
28803711000001103,Remsima 100mg powder for concentrate for solution for infusion vials (Celltrion Healthcare UK Ltd) (AMP)
28807711000001108,"Asparaginase 10,000unit powder for solution for injection vials (VMP)"
28807811000001100,"Asparaginase 5,000unit powder for solution for injection vials (VMP)"
28808811000001101,Tacrolimus 1mg modified-release tablets (VMP)
28808911000001106,Tacrolimus 4mg modified-release tablets (VMP)
28809011000001102,Tacrolimus 750microgram modified-release tablets (VMP)
28883311000001103,Cyclophosphamide 2g powder for solution for injection vials (Sandoz Ltd) (AMP)
28926411000001102,Cyclophosphamide 1g powder for solution for injection vials (Sandoz Ltd) (AMP)
28943211000001105,Inflectra 100mg powder for concentrate for solution for infusion vials (Pfizer Ltd) (AMP)
28947611000001104,Tacrolimus 2mg capsules (VMP)
28947711000001108,Tacrolimus 750microgram capsules (VMP)
28962711000001102,Fluorouracil 5g/100ml solution for infusion vials (A A H Pharmaceuticals Ltd) (AMP)
28991611000001102,Methotrexate 50mg/2ml solution for injection vials (Accord-UK Ltd) (AMP)
29211611000001100,Secukinumab 150mg/1ml solution for injection pre-filled disposable devices (VMP)
29212511000001107,Cosentyx 150mg/1ml solution for injection pre-filled pens (Novartis Pharmaceuticals UK Ltd) (AMP)
29212711000001102,Secukinumab 150mg/1ml solution for injection pre-filled syringes (VMP)
29212911000001100,Cosentyx 150mg/1ml solution for injection pre-filled syringes (Novartis Pharmaceuticals UK Ltd) (AMP)
29224211000001105,Docetaxel 80mg/2.88ml concentrate for solution for infusion vials and diluent (A A H Pharmaceuticals Ltd) (AMP)
29507211000001103,Jakavi 10mg tablets (Novartis Pharmaceuticals UK Ltd) (AMP)
29676311000001107,Halaven 1.32mg/3ml solution for injection vials (Eisai Ltd) (AMP)
29686811000001106,Eribulin 1320micrograms/3ml solution for injection vials (VMP)
29699211000001100,Certican 0.25mg tablets (Novartis Pharmaceuticals UK Ltd) (AMP)
29699411000001101,Certican 0.75mg tablets (Novartis Pharmaceuticals UK Ltd) (AMP)
29699711000001107,Certican 0.5mg tablets (Novartis Pharmaceuticals UK Ltd) (AMP)
29701811000001108,Gemcitabine 1g/26.3ml concentrate for solution for infusion vials (A A H Pharmaceuticals Ltd) (AMP)
29702011000001105,Gemcitabine 200mg/5.3ml concentrate for solution for infusion vials (A A H Pharmaceuticals Ltd) (AMP)
29743711000001105,Topotecan 1mg/1ml concentrate for solution for infusion vials (A A H Pharmaceuticals Ltd) (AMP)
29743911000001107,Topotecan 4mg/4ml concentrate for solution for infusion vials (A A H Pharmaceuticals Ltd) (AMP)
29747111000001101,Orencia ClickJect 125mg/1ml solution for injection pre-filled pens (Bristol-Myers Squibb Pharmaceuticals Ltd) (AMP)
29747411000001106,Lynparza 50mg capsules (AstraZeneca UK Ltd) (AMP)
29759911000001108,Auranofin 3mg tablets (Special Order) (AMP)
29767011000001106,Abatacept 125mg/1ml solution for injection pre-filled disposable devices (VMP)
29768811000001101,Olaparib 50mg capsules (VMP)
29865011000001101,Lenvima 4mg capsules (Eisai Ltd) (AMP)
29865311000001103,Lenvima 10mg capsules (Eisai Ltd) (AMP)
29884411000001106,Leflunomide 10mg tablets (Sigma Pharmaceuticals Plc) (AMP)
29884611000001109,Leflunomide 20mg tablets (Sigma Pharmaceuticals Plc) (AMP)
29887311000001108,Opdivo 40mg/4ml concentrate for solution for infusion vials (Bristol-Myers Squibb Pharmaceuticals Ltd) (AMP)
29887611000001103,Opdivo 100mg/10ml concentrate for solution for infusion vials (Bristol-Myers Squibb Pharmaceuticals Ltd) (AMP)
29888911000001105,Lenvatinib 10mg capsules (VMP)
29889011000001101,Lenvatinib 4mg capsules (VMP)
29889111000001100,Nivolumab 100mg/10ml solution for infusion vials (VMP)
29889211000001106,Nivolumab 40mg/4ml solution for infusion vials (VMP)
29894911000001104,Revlimid 7.5mg capsules (Bristol-Myers Squibb Pharmaceuticals Ltd) (AMP)
29895411000001108,Revlimid 20mg capsules (Bristol-Myers Squibb Pharmaceuticals Ltd) (AMP)
29903711000001107,Lenalidomide 20mg capsules (VMP)
29903811000001104,Lenalidomide 7.5mg capsules (VMP)
29918911000001101,Methotrexate 2.5mg tablets (Sigma Pharmaceuticals Plc) (AMP)
29934411000001106,Busulfan 2mg tablets (Aspen Pharma Trading Ltd) (AMP)
29934611000001109,Vanquoral 10mg capsules (Teva UK Ltd) (AMP)
29956211000001103,Adoport 1mg capsules (Lexon (UK) Ltd) (AMP)
29960811000001107,Arava 10mg tablets (Lexon (UK) Ltd) (AMP)
29961011000001105,Arava 20mg tablets (Lexon (UK) Ltd) (AMP)
29983111000001105,Penicillamine 125mg tablets (Sigma Pharmaceuticals Plc) (AMP)
29997811000001108,Azathioprine 25mg tablets (Mawdsley-Brooks & Company Ltd) (AMP)
29998111000001100,Azathioprine 50mg tablets (Mawdsley-Brooks & Company Ltd) (AMP)
30005511000001109,Keytruda 50mg powder for concentrate for solution for infusion vials (Organon Pharma (UK) Ltd) (AMP)
30033011000001108,Pembrolizumab 50mg powder for solution for infusion vials (VMP)
30033711000001105,Advagraf 1mg modified-release capsules (Waymade Healthcare Plc) (AMP)
30040911000001100,Advagraf 3mg modified-release capsules (Waymade Healthcare Plc) (AMP)
30074711000001109,Penicillamine 125mg tablets (DE Pharmaceuticals) (AMP)
30074911000001106,Penicillamine 250mg tablets (DE Pharmaceuticals) (AMP)
30089111000001104,Nivolumab BMS 40mg/4ml concentrate for solution for infusion vials (Bristol-Myers Squibb Pharmaceuticals Ltd) (AMP)
30089411000001109,Nivolumab BMS 100mg/10ml concentrate for solution for infusion vials (Bristol-Myers Squibb Pharmaceuticals Ltd) (AMP)
30108611000001106,Etoposide 100mg/5ml concentrate for solution for infusion vials (Actavis UK Ltd) (AMP)
30219011000001109,Leflunomide 10mg tablets (Mawdsley-Brooks & Company Ltd) (AMP)
303511000001103,Neoral 10mg capsules (Novartis Pharmaceuticals UK Ltd) (AMP)
30595111000001100,Methotrexate 2mg/ml oral solution sugar free (Rosemont Pharmaceuticals Ltd) (AMP)
30758811000001108,Ceritinib 150mg capsules (VMP)
30759111000001108,Zykadia 150mg capsules (Novartis Pharmaceuticals UK Ltd) (AMP)
30768311000001108,Ofev 100mg capsules (Boehringer Ingelheim Ltd) (AMP)
30768811000001104,Ofev 150mg capsules (Boehringer Ingelheim Ltd) (AMP)
30788811000001101,Temozolomide 5mg capsules (Accord-UK Ltd) (AMP)
30789111000001101,Temozolomide 20mg capsules (Accord-UK Ltd) (AMP)
30789911000001103,Temozolomide 100mg capsules (Accord-UK Ltd) (AMP)
30790111000001107,Temozolomide 140mg capsules (Accord-UK Ltd) (AMP)
30790311000001109,Temozolomide 180mg capsules (Accord-UK Ltd) (AMP)
30790611000001104,Temozolomide 250mg capsules (Accord-UK Ltd) (AMP)
30799911000001104,Methotrexate 2mg/ml oral solution sugar free (VMP)
30816311000001105,Stelara 90mg/1ml solution for injection pre-filled syringes (Janssen-Cilag Ltd) (AMP)
30849511000001103,Mycophenolate mofetil 500mg tablets (Mawdsley-Brooks & Company Ltd) (AMP)
30920411000001100,Ustekinumab 90mg/1ml solution for injection pre-filled syringes (VMP)
30985211000001103,Methotrexate 2mg/ml oral solution sugar free (Alliance Healthcare (Distribution) Ltd) (AMP)
31000011000001104,Azathioprine 65mg/5ml oral suspension (Special Order) (AMP)
31002111000001104,Azathioprine 65mg/5ml oral suspension (VMP)
31065011000001106,Methotrexate 2mg/ml oral solution sugar free (A A H Pharmaceuticals Ltd) (AMP)
31079211000001108,Mekinist 2mg tablets (Novartis Pharmaceuticals UK Ltd) (AMP)
31079711000001101,Mekinist 0.5mg tablets (Novartis Pharmaceuticals UK Ltd) (AMP)
31088511000001109,Trametinib 500micrograms tablets (VMP)
31092211000001108,Cisplatin 100mg/100ml concentrate for solution for infusion vials (Sandoz Ltd) (AMP)
31092511000001106,Fludarabine phosphate 50mg/2ml concentrate for solution for injection vials (Sandoz Ltd) (AMP)
31138211000001109,Paclitaxel 100mg/16.7ml concentrate for solution for infusion vials (Fresenius Kabi Ltd) (AMP)
31143211000001102,Carfilzomib 60mg powder for solution for infusion vials (VMP)
31143311000001105,Kyprolis 60mg powder for solution for infusion vials (Amgen Ltd) (AMP)
31143811000001101,Blinatumomab 38.5micrograms powder and solution for solution for infusion vials (VMP)
31143911000001106,Blincyto 38.5micrograms powder for concentrate and solution for solution for infusion vials (Amgen Ltd) (AMP)
31258511000001108,HEXALEN 50mg capsules (Imported (United States)) (AMP)
31375911000001100,Pemetrexed 100mg/4ml solution for infusion vials (VMP)
31376011000001108,Pemetrexed 100mg/4ml concentrate for solution for infusion vials (Actavis UK Ltd) (AMP)
31382611000001105,Pemetrexed 500mg/20ml solution for infusion vials (VMP)
31382711000001101,Pemetrexed 500mg/20ml concentrate for solution for infusion vials (Actavis UK Ltd) (AMP)
31384111000001105,Pemetrexed 1g/40ml solution for infusion vials (VMP)
31384711000001106,Pemetrexed 1g/40ml concentrate for solution for infusion vials (Actavis UK Ltd) (AMP)
31406711000001106,Zlatal 20mg/0.8ml solution for injection pre-filled syringes (Nordic Pharma Ltd) (AMP)
31407211000001102,Zlatal 22.5mg/0.9ml solution for injection pre-filled syringes (Nordic Pharma Ltd) (AMP)
31407411000001103,Zlatal 25mg/1ml solution for injection pre-filled syringes (Nordic Pharma Ltd) (AMP)
31407911000001106,Zlatal 10mg/0.4ml solution for injection pre-filled syringes (Nordic Pharma Ltd) (AMP)
31408511000001100,Zlatal 7.5mg/0.3ml solution for injection pre-filled syringes (Nordic Pharma Ltd) (AMP)
31409011000001103,Zlatal 12.5mg/0.5ml solution for injection pre-filled syringes (Nordic Pharma Ltd) (AMP)
31409611000001105,Zlatal 15mg/0.6ml solution for injection pre-filled syringes (Nordic Pharma Ltd) (AMP)
31410211000001104,Zlatal 17.5mg/0.7ml solution for injection pre-filled syringes (Nordic Pharma Ltd) (AMP)
31508511000001107,Mercaptopurine 75mg capsules (Special Order) (AMP)
31535311000001101,Mercaptopurine 75mg capsules (VMP)
318611000001108,Immunoprin 50mg tablets (Ashbourne Pharmaceuticals Ltd) (AMP)
31880111000001103,Busulfan 2mg tablets (Alliance Healthcare (Distribution) Ltd) (AMP)
319211000001101,Neoral 50mg capsules (Novartis Pharmaceuticals UK Ltd) (AMP)
32149811000001100,Anti-human T lymphocyte immunoglobulin (equine) 250mg/5ml solution for infusion ampoules (VMP)
32150511000001109,Atgam 250mg/5ml solution for infusion ampoules (Imported (United States)) (AMP)
32189011000001104,Antithymocyte immunoglobulin (rabbit) 100mg/5ml solution for infusion vials (VMP)
32189711000001102,Grafalon 100mg/5ml concentrate for solution for infusion vials (Imported (Germany)) (AMP)
322011000001106,Maxtrex 10mg tablets (Pfizer Ltd) (AMP)
32227111000001100,Benepali 50mg/1ml solution for injection pre-filled syringes (Biogen Idec Ltd) (AMP)
32230111000001103,Benepali 50mg/1ml solution for injection pre-filled pens (Biogen Idec Ltd) (AMP)
32403511000001105,Farydak 10mg capsules (pharmaand GmbH) (AMP)
32404311000001102,Farydak 15mg capsules (pharmaand GmbH) (AMP)
32404611000001107,Farydak 20mg capsules (pharmaand GmbH) (AMP)
32419811000001108,Panobinostat 10mg capsules (VMP)
32419911000001103,Panobinostat 15mg capsules (VMP)
32420011000001101,Panobinostat 20mg capsules (VMP)
32424411000001104,Mycophenolate mofetil 250mg capsules (Kent Pharma (UK) Ltd) (AMP)
32424611000001101,Mycophenolate mofetil 500mg tablets (Kent Pharma (UK) Ltd) (AMP)
32453711000001109,Talimogene laherparepvec 100million plaque forming units/1ml solution for injection vials (VMP)
32453811000001101,Imlygic 100million plaque forming units/1ml solution for injection vials (Amgen Ltd) (AMP)
32454711000001106,Talimogene laherparepvec 1million plaque forming units/1ml solution for injection vials (VMP)
32455411000001104,Imlygic 1million plaque forming units/1ml solution for injection vials (Amgen Ltd) (AMP)
32642811000001109,Bendamustine 25mg powder for concentrate for solution for infusion vials (Accord-UK Ltd) (AMP)
32643011000001107,Bendamustine 100mg powder for concentrate for solution for infusion vials (Accord-UK Ltd) (AMP)
32683711000001104,Bendamustine 25mg powder for concentrate for solution for infusion vials (medac UK) (AMP)
32684011000001104,Bendamustine 100mg powder for concentrate for solution for infusion vials (medac UK) (AMP)
32686711000001106,Bendamustine 25mg powder for concentrate for solution for infusion vials (Teva UK Ltd) (AMP)
32687111000001108,Bendamustine 100mg powder for concentrate for solution for infusion vials (Teva UK Ltd) (AMP)
32700811000001109,Tagrisso 40mg tablets (AstraZeneca UK Ltd) (AMP)
32701411000001103,Tagrisso 80mg tablets (AstraZeneca UK Ltd) (AMP)
32704211000001100,Osimertinib 40mg tablets (VMP)
32704311000001108,Osimertinib 80mg tablets (VMP)
32711411000001100,Oxaliplatin 200mg/40ml concentrate for solution for infusion vials (Pfizer Ltd) (AMP)
32774711000001101,Gemcitabine 200mg/5ml concentrate for solution for infusion vials (Actavis UK Ltd) (AMP)
32775011000001104,Gemcitabine 1g/25ml concentrate for solution for infusion vials (Actavis UK Ltd) (AMP)
32775311000001101,Gemcitabine 2g/50ml concentrate for solution for infusion vials (Actavis UK Ltd) (AMP)
32780911000001103,Gemcitabine 1g/25ml solution for infusion vials (VMP)
32781011000001106,Gemcitabine 200mg/5ml solution for infusion vials (VMP)
32781111000001107,Gemcitabine 2g/50ml solution for infusion vials (VMP)
32786611000001106,Bendamustine 25mg powder for concentrate for solution for infusion vials (Dr Reddy's Laboratories (UK) Ltd) (AMP)
32786911000001100,Bendamustine 100mg powder for concentrate for solution for infusion vials (Dr Reddy's Laboratories (UK) Ltd) (AMP)
32881711000001106,Humira 40mg/0.4ml solution for injection pre-filled pens (AbbVie Ltd) (AMP)
32882011000001101,Humira 40mg/0.4ml solution for injection pre-filled syringes (AbbVie Ltd) (AMP)
32887211000001109,Daratumumab 100mg/5ml solution for infusion vials (VMP)
32887311000001101,Darzalex 100mg/5ml concentrate for solution for infusion vials (Janssen-Cilag Ltd) (AMP)
32887611000001106,Daratumumab 400mg/20ml solution for infusion vials (VMP)
32887711000001102,Darzalex 400mg/20ml concentrate for solution for infusion vials (Janssen-Cilag Ltd) (AMP)
32888111000001102,Adalimumab 40mg/0.4ml solution for injection pre-filled disposable devices (VMP)
32888211000001108,Adalimumab 40mg/0.4ml solution for injection pre-filled syringes (VMP)
32903411000001108,Gemcitabine 1g/25ml concentrate for solution for infusion vials (A A H Pharmaceuticals Ltd) (AMP)
32903611000001106,Gemcitabine 2g/50ml concentrate for solution for infusion vials (A A H Pharmaceuticals Ltd) (AMP)
32903811000001105,Gemcitabine 200mg/5ml concentrate for solution for infusion vials (A A H Pharmaceuticals Ltd) (AMP)
32919411000001108,"Asparaginase 10,000unit powder for solution for infusion vials (VMP)"
32919811000001105,"Spectrila 10,000unit powder for concentrate for solution for infusion vials (medac UK) (AMP)"
32975511000001100,Lonsurf 15mg/6.14mg tablets (Servier Laboratories Ltd) (AMP)
32976011000001104,Lonsurf 20mg/8.19mg tablets (Servier Laboratories Ltd) (AMP)
32977311000001103,Trifluridine 15mg / Tipiracil 6.14mg tablets (VMP)
32977411000001105,Trifluridine 20mg / Tipiracil 8.19mg tablets (VMP)
33087411000001104,Flixabi 100mg powder for concentrate for solution for infusion vials (Biogen Idec Ltd) (AMP)
33155511000001107,Bendamustine 25mg powder for concentrate for solution for infusion vials (Zentiva Pharma UK Ltd) (AMP)
33156111000001109,Bendamustine 100mg powder for concentrate for solution for infusion vials (Zentiva Pharma UK Ltd) (AMP)
33254711000001104,Pemetrexed 100mg powder for concentrate for solution for infusion vials (Dr Reddy's Laboratories (UK) Ltd) (AMP)
33255911000001103,Pemetrexed 500mg powder for concentrate for solution for infusion vials (Dr Reddy's Laboratories (UK) Ltd) (AMP)
33341411000001104,Mycophenolate mofetil 500mg powder for concentrate for solution for infusion vials (Accord-UK Ltd) (AMP)
33420911000001109,Oxaliplatin 50mg/10ml concentrate for solution for infusion vials (medac UK) (AMP)
33421111000001100,Oxaliplatin 100mg/20ml concentrate for solution for infusion vials (medac UK) (AMP)
33421311000001103,Oxaliplatin 200mg/40ml concentrate for solution for infusion vials (medac UK) (AMP)
33491311000001109,Gemcitabine 1.2g/120ml infusion bags (Sun Pharma UK Ltd) (AMP)
33491511000001103,Gemcitabine 1.2g/120ml infusion bags (VMP)
33491611000001104,Gemcitabine 1.6g/160ml infusion bags (VMP)
33491811000001100,Gemcitabine 1.6g/160ml infusion bags (Sun Pharma UK Ltd) (AMP)
33492011000001103,Gemcitabine 1.8g/180ml infusion bags (VMP)
33492211000001108,Gemcitabine 1.8g/180ml infusion bags (Sun Pharma UK Ltd) (AMP)
33492511000001106,Gemcitabine 2g/200ml infusion bags (VMP)
33492811000001109,Gemcitabine 2g/200ml infusion bags (Sun Pharma UK Ltd) (AMP)
33493311000001105,Gemcitabine 2.2g/220ml infusion bags (VMP)
33493511000001104,Gemcitabine 2.2g/220ml infusion bags (Sun Pharma UK Ltd) (AMP)
33511811000001109,Cimzia 200mg/1ml solution for injection pre-filled pens (UCB Pharma Ltd) (AMP)
33523711000001105,Certolizumab pegol 200mg/1ml solution for injection pre-filled disposable devices (VMP)
33529111000001107,Epirubicin 30mg/15ml solution for injection pre-filled syringes (VMP)
33529311000001109,Epirubicin 30mg/15ml solution for injection pre-filled syringes (Special Order) (AMP)
33561411000001108,Kisplyx 4mg capsules (Eisai Ltd) (AMP)
33561611000001106,Kisplyx 10mg capsules (Eisai Ltd) (AMP)
33579311000001108,Penicillamine 250mg/5ml oral suspension (Special Order) (AMP)
33592411000001101,Leflunomide 10mg tablets (Viatris UK Healthcare Ltd) (AMP)
33592811000001104,Leflunomide 20mg tablets (Viatris UK Healthcare Ltd) (AMP)
33596211000001104,Penicillamine 250mg/5ml oral suspension (VMP)
33602811000001108,Fluorouracil 1000mg/40ml solution for injection pre-filled syringes (Special Order) (AMP)
33603111000001107,Fluorouracil 1.1g/44ml solution for injection pre-filled syringes (Special Order) (AMP)
33603411000001102,Fluorouracil 1.2g/48ml solution for injection pre-filled syringes (Special Order) (AMP)
33603711000001108,Fluorouracil 200mg/8ml solution for injection pre-filled syringes (Special Order) (AMP)
33604111000001109,Fluorouracil 500mg/20ml solution for injection pre-filled syringes (Special Order) (AMP)
33604511000001100,Fluorouracil 600mg/24ml solution for injection pre-filled syringes (Special Order) (AMP)
33605011000001107,Fluorouracil 800mg/32ml solution for injection pre-filled syringes (Special Order) (AMP)
33605511000001104,Fluorouracil 900mg/36ml solution for injection pre-filled syringes (Special Order) (AMP)
33605911000001106,Fluorouracil 950mg/38ml solution for injection pre-filled syringes (Special Order) (AMP)
336111000001109,Penicillamine 250mg tablets (A A H Pharmaceuticals Ltd) (AMP)
33618311000001103,Fluorouracil 1.1g/44ml solution for injection pre-filled syringes (VMP)
33618411000001105,Fluorouracil 1.2g/48ml solution for injection pre-filled syringes (VMP)
33618511000001109,Fluorouracil 1000mg/40ml solution for injection pre-filled syringes (VMP)
33618711000001104,Fluorouracil 200mg/8ml solution for injection pre-filled syringes (VMP)
33618811000001107,Fluorouracil 500mg/20ml solution for injection pre-filled syringes (VMP)
33618911000001102,Fluorouracil 600mg/24ml solution for injection pre-filled syringes (VMP)
33619011000001106,Fluorouracil 800mg/32ml solution for injection pre-filled syringes (VMP)
33619111000001107,Fluorouracil 900mg/36ml solution for injection pre-filled syringes (VMP)
33619211000001101,Fluorouracil 950mg/38ml solution for injection pre-filled syringes (VMP)
33622811000001100,Cabometyx 20mg tablets (Ipsen Ltd) (AMP)
33623111000001101,Cabometyx 40mg tablets (Ipsen Ltd) (AMP)
33630911000001109,Cabozantinib 20mg tablets (VMP)
33631011000001101,Cabozantinib 40mg tablets (VMP)
33632811000001103,Cabometyx 60mg tablets (Ipsen Ltd) (AMP)
33655111000001104,Capecitabine 150mg tablets (Morningside Healthcare Ltd) (AMP)
33655711000001103,Capecitabine 500mg tablets (Morningside Healthcare Ltd) (AMP)
33657311000001105,Cabozantinib 60mg tablets (VMP)
33686211000001107,Venetoclax 10mg tablets (VMP)
33686411000001106,Venclexta 10mg tablets (Imported (United States)) (AMP)
33686711000001100,Venetoclax 50mg tablets (VMP)
33686911000001103,Venclexta 50mg tablets (Imported (United States)) (AMP)
33687111000001103,Venetoclax 100mg tablets (VMP)
33687411000001108,Venclexta 100mg tablets (Imported (United States)) (AMP)
33692311000001102,Ibrance 75mg capsules (Pfizer Ltd) (AMP)
33692711000001103,Ibrance 100mg capsules (Pfizer Ltd) (AMP)
33693111000001105,Ibrance 125mg capsules (Pfizer Ltd) (AMP)
33734111000001107,Palbociclib 100mg capsules (VMP)
33734211000001101,Palbociclib 125mg capsules (VMP)
33734311000001109,Palbociclib 75mg capsules (VMP)
33749511000001100,Stelara 130mg/26ml concentrate for solution for infusion vials (Janssen-Cilag Ltd) (AMP)
33749811000001102,Ustekinumab 130mg/26ml solution for infusion vials (VMP)
33750211000001108,Imatinib 400mg tablets (Teva UK Ltd) (AMP)
33750411000001107,Imatinib 100mg tablets (Teva UK Ltd) (AMP)
33756811000001106,Zinbryta 150mg/1ml solution for injection pre-filled pens (Biogen Idec Ltd) (AMP)
33757711000001100,Imatinib 100mg tablets (Actavis UK Ltd) (AMP)
33757911000001103,Imatinib 400mg tablets (Actavis UK Ltd) (AMP)
33759211000001101,Venclyxto 100mg tablets (AbbVie Ltd) (AMP)
33759711000001108,Venclyxto 50mg tablets (AbbVie Ltd) (AMP)
33759911000001105,Venclyxto 10mg tablets (AbbVie Ltd) (AMP)
33760311000001105,Daclizumab 150mg/1ml solution for injection pre-filled disposable devices (VMP)
33760511000001104,Imatinib 100mg tablets (Esteve Pharmaceuticals Ltd) (AMP)
33760711000001109,Imatinib 400mg tablets (Esteve Pharmaceuticals Ltd) (AMP)
338311000001105,Azathioprine 25mg tablets (Kent Pharma (UK) Ltd) (AMP)
33866911000001106,Imatinib 100mg tablets (A A H Pharmaceuticals Ltd) (AMP)
33867211000001100,Imatinib 400mg tablets (A A H Pharmaceuticals Ltd) (AMP)
33931011000001102,Imatinib 100mg tablets (Wockhardt UK Ltd) (AMP)
33959611000001106,Imatinib 400mg tablets (Wockhardt UK Ltd) (AMP)
339911000001103,Azathioprine 50mg tablets (Actavis UK Ltd) (AMP)
34006211000001102,Carmustine 100mg powder and solvent for solution for infusion vials (Emcure Pharma UK Ltd) (AMP)
34024011000001105,Imatinib 100mg capsules (Dr Reddy's Laboratories (UK) Ltd) (AMP)
34024411000001101,Imatinib 400mg capsules (Dr Reddy's Laboratories (UK) Ltd) (AMP)
34025211000001104,Imatinib 100mg tablets (Dr Reddy's Laboratories (UK) Ltd) (AMP)
34025411000001100,Imatinib 400mg tablets (Dr Reddy's Laboratories (UK) Ltd) (AMP)
34034411000001103,Imatinib 100mg tablets (Accord-UK Ltd) (AMP)
34034611000001100,Imatinib 400mg tablets (Accord-UK Ltd) (AMP)
34103311000001106,Onivyde pegylated liposomal 43mg/10ml concentrate for dispersion for infusion vials (Servier Laboratories Ltd) (AMP)
34155811000001108,Irinotecan pegylated liposomal 43mg/10ml dispersion for infusion vials (VMP)
34161711000001105,Nordimet 7.5mg/0.3ml solution for injection pre-filled pens (Nordic Pharma Ltd) (AMP)
34162611000001107,Nordimet 10mg/0.4ml solution for injection pre-filled pens (Nordic Pharma Ltd) (AMP)
34162911000001101,Nordimet 12.5mg/0.5ml solution for injection pre-filled pens (Nordic Pharma Ltd) (AMP)
34163211000001104,Nordimet 15mg/0.6ml solution for injection pre-filled pens (Nordic Pharma Ltd) (AMP)
34163511000001101,Nordimet 17.5mg/0.7ml solution for injection pre-filled pens (Nordic Pharma Ltd) (AMP)
34163811000001103,Nordimet 20mg/0.8ml solution for injection pre-filled pens (Nordic Pharma Ltd) (AMP)
34164111000001107,Nordimet 22.5mg/0.9ml solution for injection pre-filled pens (Nordic Pharma Ltd) (AMP)
34164411000001102,Nordimet 25mg/1ml solution for injection pre-filled pens (Nordic Pharma Ltd) (AMP)
34164811000001100,Votubia 2mg dispersible tablets (Novartis Pharmaceuticals UK Ltd) (AMP)
34165111000001106,Votubia 3mg dispersible tablets (Novartis Pharmaceuticals UK Ltd) (AMP)
34165411000001101,Votubia 5mg dispersible tablets (Novartis Pharmaceuticals UK Ltd) (AMP)
34165611000001103,Truxima 500mg/50ml concentrate for solution for infusion vials (Celltrion Healthcare UK Ltd) (AMP)
34166411000001105,Imatinib 100mg tablets (Sandoz Ltd) (AMP)
34166611000001108,Imatinib 400mg tablets (Sandoz Ltd) (AMP)
34167311000001100,Everolimus 2mg dispersible tablets sugar free (VMP)
34167411000001107,Everolimus 3mg dispersible tablets sugar free (VMP)
34167511000001106,Everolimus 5mg dispersible tablets sugar free (VMP)
34167711000001101,Methotrexate 10mg/0.4ml solution for injection pre-filled disposable devices (VMP)
34167811000001109,Methotrexate 12.5mg/0.5ml solution for injection pre-filled disposable devices (VMP)
34167911000001104,Methotrexate 15mg/0.6ml solution for injection pre-filled disposable devices (VMP)
34168011000001102,Methotrexate 17.5mg/0.7ml solution for injection pre-filled disposable devices (VMP)
34168111000001101,Methotrexate 20mg/0.8ml solution for injection pre-filled disposable devices (VMP)
34168211000001107,Methotrexate 22.5mg/0.9ml solution for injection pre-filled disposable devices (VMP)
34168311000001104,Methotrexate 25mg/1ml solution for injection pre-filled disposable devices (VMP)
34168411000001106,Methotrexate 7.5mg/0.3ml solution for injection pre-filled disposable devices (VMP)
34177311000001109,Cisplatin 50mg/50ml concentrate for solution for infusion vials (Sandoz Ltd) (AMP)
34177511000001103,Cisplatin 10mg/10ml concentrate for solution for infusion vials (Sandoz Ltd) (AMP)
34177711000001108,Cyclophosphamide 500mg powder for solution for injection vials (Sandoz Ltd) (AMP)
34187811000001107,Imatinib 100mg capsules (A A H Pharmaceuticals Ltd) (AMP)
34191511000001102,Cytarabine 4g/40ml solution for injection vials (Accord-UK Ltd) (AMP)
34191811000001104,Cytarabine 5g/50ml solution for infusion vials (Accord-UK Ltd) (AMP)
34199111000001105,Cytarabine 4g/40ml solution for injection vials (VMP)
34199211000001104,Cytarabine 5g/50ml solution for infusion vials (VMP)
34209411000001100,Imatinib 100mg tablets (Viatris UK Healthcare Ltd) (AMP)
34210011000001103,Imatinib 400mg tablets (Viatris UK Healthcare Ltd) (AMP)
34228111000001105,Oxaliplatin 50mg/10ml concentrate for solution for infusion vials (Fresenius Kabi Ltd) (AMP)
34228811000001103,Oxaliplatin 100mg/20ml concentrate for solution for infusion vials (Fresenius Kabi Ltd) (AMP)
34229511000001107,Etoposide 500mg/25ml concentrate for solution for infusion vials (Fresenius Kabi Ltd) (AMP)
34238111000001108,Tioguanine 50mg/5ml oral suspension (VMP)
34238311000001105,Tioguanine 50mg/5ml oral suspension (Special Order) (AMP)
34349311000001108,Keytruda 100mg/4ml concentrate for solution for infusion vials (Merck Sharp & Dohme (UK) Ltd) (AMP)
34378411000001105,Pembrolizumab 100mg/4ml solution for infusion vials (VMP)
34468011000001101,Mercaptopurine 50mg tablets (A A H Pharmaceuticals Ltd) (AMP)
34497511000001107,Vincristine 2mg/50ml in Sodium chloride 0.9% infusion bags (VMP)
34497711000001102,Vincristine 2mg/50ml in Sodium chloride 0.9% infusion bags (Special Order) (AMP)
34530511000001106,Carfilzomib 10mg powder for solution for infusion vials (VMP)
34530811000001109,Kyprolis 10mg powder for solution for infusion vials (Amgen Ltd) (AMP)
34531211000001102,Carfilzomib 30mg powder for solution for infusion vials (VMP)
34531411000001103,Kyprolis 30mg powder for solution for infusion vials (Amgen Ltd) (AMP)
34559211000001100,Docetaxel 160mg/8ml concentrate for solution for infusion vials (A A H Pharmaceuticals Ltd) (AMP)
34575711000001108,Paclitaxel 150mg/25ml concentrate for solution for infusion vials (Alliance Healthcare (Distribution) Ltd) (AMP)
34576411000001106,Nibix 100mg capsules (Rivopharm (UK) Ltd) (AMP)
34576611000001109,Nibix 400mg capsules (Rivopharm (UK) Ltd) (AMP)
34595611000001105,Atezolizumab 1.2g/20ml solution for infusion vials (VMP)
34595811000001109,Tecentriq 1200mg/20ml solution for infusion vials (Imported (United States)) (AMP)
34609111000001108,Benepali 25mg/0.5ml solution for injection pre-filled syringes (Biogen Idec Ltd) (AMP)
34613711000001108,Truxima 100mg/10ml concentrate for solution for infusion vials (Celltrion Healthcare UK Ltd) (AMP)
34623211000001105,Esbriet 267mg tablets (Roche Products Ltd) (AMP)
34623711000001103,Esbriet 801mg tablets (Roche Products Ltd) (AMP)
34625511000001107,Pirfenidone 267mg tablets (VMP)
34625611000001106,Pirfenidone 801mg tablets (VMP)
34632811000001101,Mitomycin 20mg powder and solvent for intravesical solution vials (VMP)
34633111000001102,Mitomycin 20mg powder and solvent for intravesical solution vials (medac UK) (AMP)
34633311000001100,Mitomycin 40mg powder and solvent for intravesical solution vials (VMP)
34633511000001106,Mitomycin 40mg powder and solvent for intravesical solution vials (medac UK) (AMP)
34633711000001101,Erelzi 25mg/0.5ml solution for injection pre-filled syringes (Sandoz Ltd) (AMP)
34633911000001104,Erelzi 50mg/1ml solution for injection pre-filled syringes (Sandoz Ltd) (AMP)
34634111000001100,Erelzi 50mg/1ml solution for injection pre-filled pens (Sandoz Ltd) (AMP)
34634311000001103,Rixathon 100mg/10ml concentrate for solution for infusion vials (Sandoz Ltd) (AMP)
34634611000001108,Rixathon 500mg/50ml concentrate for solution for infusion vials (Sandoz Ltd) (AMP)
34646211000001100,Besponsa 1mg powder for concentrate for solution for infusion vials (Pfizer Ltd) (AMP)
34665011000001106,Inotuzumab ozogamicin 1mg powder for solution for infusion vials (VMP)
34692611000001105,Anagrelide 500microgram capsules (Consilient Health Ltd) (AMP)
34703111000001100,Idarubicin 5mg/5ml solution for injection vials (Accord-UK Ltd) (AMP)
34704011000001104,Idarubicin 10mg/10ml solution for injection vials (Accord-UK Ltd) (AMP)
34705011000001100,Mitoxantrone 20mg/10ml concentrate for solution for infusion vials (Accord-UK Ltd) (AMP)
34709711000001101,Anagrelide 500microgram capsules (Alliance Healthcare (Distribution) Ltd) (AMP)
34713011000001104,Anagrelide 500microgram capsules (A A H Pharmaceuticals Ltd) (AMP)
34717811000001104,Zydelig 100mg tablets (Gilead Sciences Ltd) (AMP)
34718311000001109,Zydelig 150mg tablets (Gilead Sciences Ltd) (AMP)
34737911000001102,Mitomycin 2mg powder for solution for injection vials (Accord-UK Ltd) (AMP)
34738111000001104,Mitomycin 10mg powder for solution for injection vials (Accord-UK Ltd) (AMP)
34738311000001102,Mitomycin 20mg powder for solution for injection vials (Accord-UK Ltd) (AMP)
34776411000001105,Methofill 7.5mg/0.15ml solution for injection pre-filled injector (Accord-UK Ltd) (AMP)
34776911000001102,Methofill 10mg/0.2ml solution for injection pre-filled injector (Accord-UK Ltd) (AMP)
34777111000001102,Methofill 15mg/0.3ml solution for injection pre-filled injector (Accord-UK Ltd) (AMP)
34777311000001100,Methofill 12.5mg/0.25ml solution for injection pre-filled injector (Accord-UK Ltd) (AMP)
34777611000001105,Methofill 17.5mg/0.35ml solution for injection pre-filled injector (Accord-UK Ltd) (AMP)
34777811000001109,Methofill 20mg/0.4ml solution for injection pre-filled injector (Accord-UK Ltd) (AMP)
34778011000001102,Methofill 22.5mg/0.45ml solution for injection pre-filled injector (Accord-UK Ltd) (AMP)
34778211000001107,Methofill 25mg/0.5ml solution for injection pre-filled injector (Accord-UK Ltd) (AMP)
34778411000001106,Methofill 27.5mg/0.55ml solution for injection pre-filled injector (Accord-UK Ltd) (AMP)
34778611000001109,Methofill 30mg/0.6ml solution for injection pre-filled injector (Accord-UK Ltd) (AMP)
347811000001104,Sandimmun 25mg capsules (Novartis Pharmaceuticals UK Ltd) (AMP)
34782411000001102,Busulfan 2mg tablets (A A H Pharmaceuticals Ltd) (AMP)
34791011000001104,Mavenclad 10mg tablets (Merck Serono Ltd) (AMP)
34794011000001101,Iclusig 30mg tablets (Incyte Biosciences UK Ltd) (AMP)
34796711000001108,Cladribine 10mg tablets (VMP)
34799911000001101,"Asparaginase 10,000unit powder for solution for injection vials (Special Order) (AMP)"
34800111000001109,"Asparaginase 5,000unit powder for solution for injection vials (Special Order) (AMP)"
34808111000001106,Tecentriq 1200mg/20ml concentrate for solution for infusion vials (Roche Products Ltd) (AMP)
34809211000001105,Ceptava 180mg gastro-resistant tablets (Sandoz Ltd) (AMP)
34809411000001109,Ceptava 360mg gastro-resistant tablets (Sandoz Ltd) (AMP)
34814111000001103,Ribociclib 200mg tablets (VMP)
34814511000001107,Kisqali 200mg tablets (Novartis Pharmaceuticals UK Ltd) (AMP)
34819011000001103,Ponatinib 30mg tablets (VMP)
34824311000001107,Docetaxel 160mg/8ml concentrate for solution for infusion vials (Teva UK Ltd) (AMP)
34834011000001106,Enbrel 25mg/0.5ml solution for injection pre-filled MyClic pens (Pfizer Ltd) (AMP)
34840511000001108,Etanercept 25mg/0.5ml solution for injection pre-filled disposable devices (VMP)
34871011000001105,Jylamvo 2mg/ml oral solution (Esteve Pharmaceuticals Ltd) (AMP)
34871211000001100,Cosentyx 150mg/1ml solution for injection pre-filled syringes (Novartis Pharmaceuticals UK Ltd) (AMP)
34871411000001101,Imlygic 100million plaque forming units/1ml solution for injection vials (Amgen Ltd) (AMP)
34871611000001103,Imlygic 1million plaque forming units/1ml solution for injection vials (Amgen Ltd) (AMP)
3490411000001109,Neoral 100mg/ml oral solution (Novartis Pharmaceuticals UK Ltd) (AMP)
3490711000001103,Sandimmun 100mg/ml oral solution (Novartis Pharmaceuticals UK Ltd) (AMP)
34912911000001104,Anagrelide 500microgram capsules (Teva UK Ltd) (AMP)
34932711000001105,Mycophenolic acid 180mg gastro-resistant tablets (Accord-UK Ltd) (AMP)
34932911000001107,Mycophenolic acid 360mg gastro-resistant tablets (Accord-UK Ltd) (AMP)
34956611000001101,Methotrexate 2.5mg tablets (Almus Pharmaceuticals Ltd) (AMP)
35014411000001103,Clofarabine 20mg/20ml concentrate for solution for infusion vials (Teva UK Ltd) (AMP)
35017411000001108,Zejula 100mg capsules (GlaxoSmithKline UK Ltd) (AMP)
35018311000001100,Niraparib 100mg capsules (VMP)
35035511000001109,Ilaris 150mg/1ml solution for injection vials (Novartis Pharmaceuticals UK Ltd) (AMP)
35040411000001102,Fotivda 1340microgram capsules (Recordati UK Ltd) (AMP)
35040811000001100,Tivozanib 1340microgram capsules (VMP)
35047911000001106,Thalidomide 100mg/5ml oral suspension (VMP)
35048011000001108,Thalidomide 100mg/5ml oral suspension (Special Order) (AMP)
35057111000001105,5-Aminolevulinic acid 8mg medicated plasters (VMP)
35057211000001104,Alacare 8mg medicated plasters (medac UK) (AMP)
35086111000001103,Canakinumab 150mg/1ml solution for injection vials (VMP)
35201011000001102,Ontruzant 150mg powder for concentrate for solution for infusion vials (Organon Pharma (UK) Ltd) (AMP)
35206711000001106,Capsorin 100mg/ml oral solution (Morningside Healthcare Ltd) (AMP)
35209811000001109,Procarbazine 150mg/5ml oral suspension (VMP)
35209911000001104,Procarbazine 150mg/5ml oral suspension (Special Order) (AMP)
35245311000001107,Imatinib 100mg tablets (Milpharm Ltd) (AMP)
35245511000001101,Imatinib 400mg tablets (Milpharm Ltd) (AMP)
35314211000001101,Oxaliplatin 225mg/500ml in Glucose 5% infusion bags (VMP)
35314311000001109,Oxaliplatin 225mg/500ml in Glucose 5% infusion bags (Special Order) (AMP)
35315311000001108,Humira 20mg/0.2ml solution for injection pre-filled syringes (AbbVie Ltd) (AMP)
35315711000001107,Oxaliplatin 250mg/500ml in Glucose 5% infusion bags (VMP)
35315811000001104,Oxaliplatin 250mg/500ml in Glucose 5% infusion bags (Special Order) (AMP)
35316111000001100,Oxaliplatin 280mg/500ml in Glucose 5% infusion bags (VMP)
35316211000001106,Oxaliplatin 280mg/500ml in Glucose 5% infusion bags (Special Order) (AMP)
35317011000001103,Vincristine 1mg/50ml in Sodium chloride 0.9% infusion bags (VMP)
35317111000001102,Vincristine 1mg/50ml in Sodium chloride 0.9% infusion bags (Special Order) (AMP)
35317711000001101,Carboplatin 270mg/500ml in Glucose 5% infusion bags (VMP)
35317811000001109,Carboplatin 270mg/500ml in Glucose 5% infusion bags (Special Order) (AMP)
35318111000001101,Carboplatin 300mg/500ml in Glucose 5% infusion bags (Special Order) (AMP)
35318411000001106,Carboplatin 300mg/500ml in Glucose 5% infusion bags (VMP)
35318811000001108,Adalimumab 20mg/0.2ml solution for injection pre-filled syringes (VMP)
35320211000001103,Vinblastine 10mg/50ml in Sodium chloride 0.9% infusion bags (VMP)
35320311000001106,Vinblastine 10mg/50ml in Sodium chloride 0.9% infusion bags (Special Order) (AMP)
35320611000001101,Vinblastine 11mg/50ml in Sodium chloride 0.9% infusion bags (VMP)
35320711000001105,Vinblastine 11mg/50ml in Sodium chloride 0.9% infusion bags (Special Order) (AMP)
35321011000001104,Vinblastine 12mg/50ml in Sodium chloride 0.9% infusion bags (VMP)
35321111000001103,Vinblastine 12mg/50ml in Sodium chloride 0.9% infusion bags (Special Order) (AMP)
35321711000001102,Vinblastine 8.2mg/50ml in Sodium chloride 0.9% infusion bags (VMP)
35321811000001105,Vinblastine 8.2mg/50ml in Sodium chloride 0.9% infusion bags (Special Order) (AMP)
35322111000001108,Vinblastine 9mg/50ml in Sodium chloride 0.9% infusion bags (VMP)
35322211000001102,Vinblastine 9mg/50ml in Sodium chloride 0.9% infusion bags (Special Order) (AMP)
35326711000001108,Herzuma 150mg powder for concentrate for solution for infusion vials (Celltrion Healthcare UK Ltd) (AMP)
35335811000001106,Mycophenolic acid 180mg gastro-resistant tablets (A A H Pharmaceuticals Ltd) (AMP)
35336011000001109,Mycophenolic acid 360mg gastro-resistant tablets (A A H Pharmaceuticals Ltd) (AMP)
35355911000001102,Carboplatin 330mg/500ml in Glucose 5% infusion bags (VMP)
35356011000001105,Carboplatin 330mg/500ml in Glucose 5% infusion bags (Special Order) (AMP)
35361411000001103,Carboplatin 360mg/500ml in Glucose 5% infusion bags (VMP)
35361511000001104,Carboplatin 360mg/500ml in Glucose 5% infusion bags (Special Order) (AMP)
35362411000001108,Carboplatin 400mg/500ml in Glucose 5% infusion bags (VMP)
35362511000001107,Carboplatin 400mg/500ml in Glucose 5% infusion bags (Special Order) (AMP)
35362811000001105,Carboplatin 450mg/500ml in Glucose 5% infusion bags (VMP)
35362911000001100,Carboplatin 450mg/500ml in Glucose 5% infusion bags (Special Order) (AMP)
35363511000001100,Carboplatin 500mg/500ml in Glucose 5% infusion bags (VMP)
35363611000001101,Carboplatin 500mg/500ml in Glucose 5% infusion bags (Special Order) (AMP)
35363911000001107,Carboplatin 560mg/500ml in Glucose 5% infusion bags (VMP)
35364011000001105,Carboplatin 560mg/500ml in Glucose 5% infusion bags (Special Order) (AMP)
35364511000001102,Carboplatin 630mg/500ml in Glucose 5% infusion bags (VMP)
35364611000001103,Carboplatin 630mg/500ml in Glucose 5% infusion bags (Special Order) (AMP)
35364911000001109,Carboplatin 700mg/500ml in Glucose 5% infusion bags (VMP)
35365011000001109,Carboplatin 700mg/500ml in Glucose 5% infusion bags (Special Order) (AMP)
35365311000001107,Carboplatin 790mg/500ml in Glucose 5% infusion bags (VMP)
35365411000001100,Carboplatin 790mg/500ml in Glucose 5% infusion bags (Special Order) (AMP)
35410311000001106,RoActemra 162mg/0.9ml solution for injection pre-filled pens (Roche Products Ltd) (AMP)
35431611000001103,Tocilizumab 162mg/0.9ml solution for injection pre-filled disposable devices (VMP)
35478111000001100,Pemetrexed 100mg powder for concentrate for solution for infusion vials (Seacross Pharmaceuticals Ltd) (AMP)
35478511000001109,Pemetrexed 500mg powder for concentrate for solution for infusion vials (Seacross Pharmaceuticals Ltd) (AMP)
35498711000001106,Lynparza 100mg tablets (AstraZeneca UK Ltd) (AMP)
35499011000001104,Lynparza 150mg tablets (AstraZeneca UK Ltd) (AMP)
35514811000001103,Olaparib 100mg tablets (VMP)
35514911000001108,Olaparib 150mg tablets (VMP)
35541611000001106,Opdivo 240mg/24ml concentrate for solution for infusion vials (Bristol-Myers Squibb Pharmaceuticals Ltd) (AMP)
35541811000001105,Nivolumab 240mg/24ml solution for infusion vials (VMP)
35544711000001104,Docetaxel 20mg/1ml concentrate for solution for infusion vials (Seacross Pharmaceuticals Ltd) (AMP)
35544911000001102,Docetaxel 80mg/4ml concentrate for solution for infusion vials (Seacross Pharmaceuticals Ltd) (AMP)
35545211000001107,Docetaxel 160mg/8ml concentrate for solution for infusion vials (Seacross Pharmaceuticals Ltd) (AMP)
35545511000001105,Irinotecan 40mg/2ml concentrate for solution for infusion vials (Seacross Pharmaceuticals Ltd) (AMP)
35545711000001100,Irinotecan 100mg/5ml concentrate for solution for infusion vials (Seacross Pharmaceuticals Ltd) (AMP)
35545911000001103,Irinotecan 300mg/15ml concentrate for solution for infusion vials (Seacross Pharmaceuticals Ltd) (AMP)
35546111000001107,Irinotecan 500mg/25ml concentrate for solution for infusion vials (Seacross Pharmaceuticals Ltd) (AMP)
35552711000001106,Kanjinti 150mg powder for concentrate for solution for infusion vials (Amgen Ltd) (AMP)
35552911000001108,Cytarabine 100mg/5ml solution for injection Cytosafe vials (Pfizer Ltd) (AMP)
35553111000001104,Cytarabine 500mg/25ml solution for injection Cytosafe vials (Pfizer Ltd) (AMP)
35553311000001102,Cytarabine 1g/10ml solution for injection Cytosafe vials (Pfizer Ltd) (AMP)
35553511000001108,Cytarabine 2g/20ml solution for injection Cytosafe vials (Pfizer Ltd) (AMP)
35580011000001104,Paclitaxel 108mg/250ml in Sodium chloride 0.9% infusion bags (VMP)
35580111000001103,Paclitaxel 108mg/250ml in Sodium chloride 0.9% infusion bags (Special Order) (AMP)
35580411000001108,Paclitaxel 120mg/250ml in Sodium chloride 0.9% infusion bags (VMP)
35580511000001107,Paclitaxel 120mg/250ml in Sodium chloride 0.9% infusion bags (Special Order) (AMP)
35580811000001105,Paclitaxel 132mg/250ml in Sodium chloride 0.9% infusion bags (VMP)
35580911000001100,Paclitaxel 132mg/250ml in Sodium chloride 0.9% infusion bags (Special Order) (AMP)
35585611000001103,Paclitaxel 144mg/250ml in Sodium chloride 0.9% infusion bags (VMP)
35585711000001107,Paclitaxel 144mg/250ml in Sodium chloride 0.9% infusion bags (Special Order) (AMP)
35586011000001101,Paclitaxel 162mg/500ml in Sodium chloride 0.9% infusion bags (VMP)
35586111000001100,Paclitaxel 162mg/500ml in Sodium chloride 0.9% infusion bags (Special Order) (AMP)
35586411000001105,Paclitaxel 180mg/500ml in Sodium chloride 0.9% infusion bags (VMP)
35586511000001109,Paclitaxel 180mg/500ml in Sodium chloride 0.9% infusion bags (Special Order) (AMP)
35589011000001107,Doxorubicin 10mg/5ml concentrate for solution for infusion vials (Seacross Pharmaceuticals Ltd) (AMP)
35589211000001102,Doxorubicin 50mg/25ml concentrate for solution for infusion vials (Seacross Pharmaceuticals Ltd) (AMP)
35589411000001103,Doxorubicin 200mg/100ml concentrate for solution for infusion vials (Seacross Pharmaceuticals Ltd) (AMP)
35594611000001103,Paclitaxel 198mg/500ml in Sodium chloride 0.9% infusion bags (VMP)
35595011000001109,Paclitaxel 198mg/500ml in Sodium chloride 0.9% infusion bags (Special Order) (AMP)
35595311000001107,Paclitaxel 216mg/500ml in Sodium chloride 0.9% infusion bags (VMP)
35595511000001101,Paclitaxel 216mg/500ml in Sodium chloride 0.9% infusion bags (Special Order) (AMP)
35595711000001106,Paclitaxel 240mg/500ml in Sodium chloride 0.9% infusion bags (VMP)
35595811000001103,Paclitaxel 240mg/500ml in Sodium chloride 0.9% infusion bags (Special Order) (AMP)
35596111000001104,Paclitaxel 270mg/500ml in Sodium chloride 0.9% infusion bags (VMP)
35596211000001105,Paclitaxel 270mg/500ml in Sodium chloride 0.9% infusion bags (Special Order) (AMP)
35596811000001106,Anagrelide 500microgram capsules (Viatris UK Healthcare Ltd) (AMP)
35597411000001106,Bosulif 400mg tablets (Pfizer Ltd) (AMP)
35599711000001108,Bosutinib 400mg tablets (VMP)
35600111000001109,Paclitaxel 300mg/500ml in Sodium chloride 0.9% infusion bags (VMP)
35600211000001103,Paclitaxel 300mg/500ml in Sodium chloride 0.9% infusion bags (Special Order) (AMP)
35600511000001100,Paclitaxel 336mg/500ml in Sodium chloride 0.9% infusion bags (VMP)
35600611000001101,Paclitaxel 336mg/500ml in Sodium chloride 0.9% infusion bags (Special Order) (AMP)
35601211000001109,Doxorubicin 20mg/10ml solution for infusion vials (VMP)
35601411000001108,Doxorubicin 20mg/10ml concentrate for solution for infusion vials (Seacross Pharmaceuticals Ltd) (AMP)
35601611000001106,Doxorubicin 100mg/50ml solution for infusion vials (VMP)
35601811000001105,Doxorubicin 100mg/50ml concentrate for solution for infusion vials (Seacross Pharmaceuticals Ltd) (AMP)
35610011000001106,Etoposide 500mg/25ml concentrate for solution for infusion vials (medac UK) (AMP)
35610211000001101,Etoposide 100mg/5ml concentrate for solution for infusion vials (medac UK) (AMP)
35612011000001105,Irinotecan 200mg/250ml in Sodium chloride 0.9% infusion bags (VMP)
35612111000001106,Irinotecan 200mg/250ml in Sodium chloride 0.9% infusion bags (Special Order) (AMP)
35612411000001101,Irinotecan 220mg/250ml in Sodium chloride 0.9% infusion bags (VMP)
35612511000001102,Irinotecan 220mg/250ml in Sodium chloride 0.9% infusion bags (Special Order) (AMP)
35612811000001104,Irinotecan 240mg/250ml in Sodium chloride 0.9% infusion bags (VMP)
35612911000001109,Irinotecan 240mg/250ml in Sodium chloride 0.9% infusion bags (Special Order) (AMP)
35613211000001106,Irinotecan 260mg/250ml in Sodium chloride 0.9% infusion bags (VMP)
35613411000001105,Irinotecan 260mg/250ml in Sodium chloride 0.9% infusion bags (Special Order) (AMP)
35619611000001105,Doxorubicin 100mg/50ml solution for injection pre-filled syringes (VMP)
35619811000001109,Doxorubicin 100mg/50ml solution for injection pre-filled syringes (Special Order) (AMP)
35620311000001104,Doxorubicin 50mg/25ml solution for injection pre-filled syringes (VMP)
35620411000001106,Doxorubicin 50mg/25ml solution for injection pre-filled syringes (Special Order) (AMP)
35620711000001100,Doxorubicin 60mg/30ml solution for injection pre-filled syringes (VMP)
35620911000001103,Doxorubicin 60mg/30ml solution for injection pre-filled syringes (Special Order) (AMP)
35634211000001101,"Bleomycin 15,000unit powder for solution for injection vials (Accord-UK Ltd) (AMP)"
35635311000001108,Irinotecan 280mg/250ml in Sodium chloride 0.9% infusion bags (VMP)
35635411000001101,Irinotecan 280mg/250ml in Sodium chloride 0.9% infusion bags (Special Order) (AMP)
35635711000001107,Irinotecan 300mg/250ml in Sodium chloride 0.9% infusion bags (VMP)
35635811000001104,Irinotecan 300mg/250ml in Sodium chloride 0.9% infusion bags (Special Order) (AMP)
35636311000001103,Irinotecan 320mg/250ml in Sodium chloride 0.9% infusion bags (VMP)
35636411000001105,Irinotecan 320mg/250ml in Sodium chloride 0.9% infusion bags (Special Order) (AMP)
35640711000001103,Irinotecan 360mg/250ml in Sodium chloride 0.9% infusion bags (VMP)
35640811000001106,Irinotecan 360mg/250ml in Sodium chloride 0.9% infusion bags (Special Order) (AMP)
35641111000001105,Irinotecan 400mg/250ml in Sodium chloride 0.9% infusion bags (VMP)
35641211000001104,Irinotecan 400mg/250ml in Sodium chloride 0.9% infusion bags (Special Order) (AMP)
35643211000001100,Docetaxel 108mg/250ml in Sodium chloride 0.9% infusion bags (VMP)
35643311000001108,Docetaxel 108mg/250ml in Sodium chloride 0.9% infusion bags (Special Order) (AMP)
35643611000001103,Docetaxel 120mg/250ml in Sodium chloride 0.9% infusion bags (VMP)
35643711000001107,Docetaxel 120mg/250ml in Sodium chloride 0.9% infusion bags (Special Order) (AMP)
35644011000001107,Docetaxel 132mg/250ml in Sodium chloride 0.9% infusion bags (VMP)
35644111000001108,Docetaxel 132mg/250ml in Sodium chloride 0.9% infusion bags (Special Order) (AMP)
35644411000001103,Docetaxel 148mg/250ml in Sodium chloride 0.9% infusion bags (VMP)
35644511000001104,Docetaxel 148mg/250ml in Sodium chloride 0.9% infusion bags (Special Order) (AMP)
35645811000001100,Docetaxel 200mg/500ml in Sodium chloride 0.9% infusion bags (VMP)
35645911000001105,Docetaxel 200mg/500ml in Sodium chloride 0.9% infusion bags (Special Order) (AMP)
35725211000001106,Mycophenolate mofetil 500mg tablets (Tillomed Laboratories Ltd) (AMP)
35735711000001102,Fotivda 890microgram capsules (Recordati UK Ltd) (AMP)
35750511000001103,Tivozanib 890microgram capsules (VMP)
35778311000001108,Vyxeos liposomal 44mg/100mg powder for concentrate for solution for infusion vials (Jazz Pharmaceuticals UK Ltd) (AMP)
35812911000001103,Daunorubicin 44mg / Cytarabine 100mg powder for solution for infusion vials (VMP)
35819211000001104,Rucaparib 200mg tablets (VMP)
35819411000001100,Rubraca 200mg tablets (pharmaand GmbH) (AMP)
35819611000001102,Rucaparib 250mg tablets (VMP)
35819811000001103,Rubraca 250mg tablets (pharmaand GmbH) (AMP)
35820011000001105,Rucaparib 300mg tablets (VMP)
35820211000001100,Rubraca 300mg tablets (pharmaand GmbH) (AMP)
35837211000001104,Clofarabine 20mg/20ml concentrate for solution for infusion vials (Consilient Health Ltd) (AMP)
35849311000001101,Irinotecan 40mg/2ml concentrate for solution for infusion vials (Accord-UK Ltd) (AMP)
35849511000001107,Irinotecan 100mg/5ml concentrate for solution for infusion vials (Accord-UK Ltd) (AMP)
35849711000001102,Irinotecan 300mg/15ml concentrate for solution for infusion vials (Accord-UK Ltd) (AMP)
35850011000001109,Busulfan 60mg/10ml concentrate for solution for infusion vials (Accord-UK Ltd) (AMP)
35853711000001102,Busulfan 60mg/10ml solution for infusion vials (VMP)
35855611000001105,Etoposide 500mg/25ml concentrate for solution for infusion vials (Accord-UK Ltd) (AMP)
35873611000001108,Anagrelide 500microgram capsules (Dr Reddy's Laboratories (UK) Ltd) (AMP)
35890911000001103,Kanjinti 420mg powder for concentrate for solution for infusion vials (Amgen Ltd) (AMP)
35894411000001100,Adalimumab 40mg/0.8ml solution for injection pre-filled syringes (VMP)
35903811000001108,Trastuzumab 420mg powder for solution for infusion vials (VMP)
35906211000001100,Basiliximab 10mg powder and solvent for solution for injection vials (VMP)
35907511000001100,Basiliximab 20mg powder and solvent for solution for injection vials (VMP)
35911111000001100,Bevacizumab 100mg/4ml solution for infusion vials (VMP)
35911211000001106,Bevacizumab 400mg/16ml solution for infusion vials (VMP)
35914611000001105,Tacrolimus 5mg/1ml solution for infusion ampoules (VMP)
35915411000001108,Temsirolimus 30mg/1.2ml solution for infusion vials and diluent (VMP)
35921311000001108,Treosulfan 5g powder for solution for injection vials (VMP)
35924511000001100,Sodium aurothiomalate 10mg/0.5ml solution for injection ampoules (VMP)
35924611000001101,Sodium aurothiomalate 20mg/0.5ml solution for injection ampoules (VMP)
35924711000001105,Sodium aurothiomalate 50mg/0.5ml solution for injection ampoules (VMP)
35934711000001107,Rituximab 100mg/10ml solution for infusion vials (VMP)
35934811000001104,Rituximab 500mg/50ml solution for infusion vials (VMP)
36004911000001107,Amgevita 40mg/0.8ml solution for injection pre-filled syringes (Amgen Ltd) (AMP)
36005111000001108,Amgevita 40mg/0.8ml solution for injection pre-filled pens (Amgen Ltd) (AMP)
36023611000001109,Paclitaxel 100mg/16.7ml solution for infusion vials (VMP)
36023711000001100,Paclitaxel 150mg/25ml solution for infusion vials (VMP)
36023811000001108,Paclitaxel 300mg/50ml solution for infusion vials (VMP)
36025311000001103,Panitumumab 100mg/5ml solution for infusion vials (VMP)
36026811000001104,Peginterferon alfa-2a 135micrograms/0.5ml solution for injection pre-filled syringes (VMP)
36026911000001109,Peginterferon alfa-2a 180micrograms/0.5ml solution for injection pre-filled syringes (VMP)
36030311000001108,Natalizumab 300mg/15ml solution for infusion vials (VMP)
36032911000001108,Methotrexate 1g/10ml solution for injection vials (VMP)
36033011000001100,Methotrexate 1g/40ml solution for injection vials (VMP)
36033111000001104,Methotrexate 200mg/8ml solution for injection vials (VMP)
36033211000001105,Methotrexate 500mg/20ml solution for injection vials (VMP)
36033311000001102,Methotrexate 50mg/2ml solution for injection vials (VMP)
36033411000001109,Methotrexate 5g/200ml solution for infusion vials (VMP)
36033511000001108,Methotrexate 5g/50ml solution for infusion vials (VMP)
36033611000001107,Methotrexate 5mg/2ml solution for injection vials (VMP)
36041711000001103,Melphalan 50mg powder and solvent for solution for injection vials (VMP)
36045511000001106,Idarubicin 10mg/10ml solution for injection vials (VMP)
36045711000001101,Idarubicin 5mg/5ml solution for injection vials (VMP)
36049511000001109,Irinotecan 100mg/5ml solution for infusion vials (VMP)
36049611000001108,Irinotecan 40mg/2ml solution for infusion vials (VMP)
36065611000001101,Etanercept 25mg powder and solvent for solution for injection vials (VMP)
36065711000001105,Etanercept 50mg powder and solvent for solution for injection vials (VMP)
36066111000001103,Etoposide 100mg/5ml solution for infusion vials (VMP)
36068111000001104,Fluorouracil 2.5g/100ml solution for infusion vials (VMP)
36068211000001105,Fluorouracil 2.5g/50ml solution for infusion vials (VMP)
36068311000001102,Fluorouracil 250mg/10ml solution for injection vials (VMP)
36068411000001109,Fluorouracil 500mg/10ml solution for injection vials (VMP)
36068511000001108,Fluorouracil 500mg/20ml solution for injection vials (VMP)
36071311000001101,Doxorubicin 200mg/100ml solution for infusion vials (VMP)
36071511000001107,Eculizumab 300mg/30ml solution for infusion vials (VMP)
36072411000001103,Epirubicin 10mg/5ml solution for injection vials (VMP)
36072511000001104,Epirubicin 200mg/100ml solution for infusion vials (VMP)
36072611000001100,Epirubicin 50mg/25ml solution for injection vials (VMP)
36084111000001108,Hulio 40mg/0.8ml solution for injection pre-filled pens (Viatris UK Healthcare Ltd) (AMP)
36085111000001107,Hulio 40mg/0.8ml solution for injection pre-filled syringes (Viatris UK Healthcare Ltd) (AMP)
36092011000001100,Cytarabine 100mg/1ml solution for injection vials (VMP)
36092211000001105,Cytarabine 1g/10ml solution for injection vials (VMP)
36092311000001102,Cytarabine 2g/20ml solution for injection vials (VMP)
36092511000001108,Cytarabine 500mg/25ml solution for injection vials (VMP)
36092611000001107,Cytarabine 500mg/5ml solution for injection vials (VMP)
36092711000001103,Daclizumab 25mg/5ml solution for infusion vials (VMP)
3610011000001101,Methotrexate 50mg/2ml solution for injection vials (A A H Pharmaceuticals Ltd) (AMP)
36105511000001109,Azathioprine 50mg tablets (Ennogen Healthcare International Ltd) (AMP)
36111711000001104,Verzenios 50mg tablets (Eli Lilly and Company Ltd) (AMP)
36113011000001100,Verzenios 100mg tablets (Eli Lilly and Company Ltd) (AMP)
36114511000001106,Verzenios 150mg tablets (Eli Lilly and Company Ltd) (AMP)
3612511000001105,Methotrexate 5mg/2ml solution for injection vials (A A H Pharmaceuticals Ltd) (AMP)
3612811000001108,Methotrexate 50mg/2ml solution for injection vials (Pfizer Ltd) (AMP)
3613311000001109,Methotrexate 50mg/2ml solution for injection vials (Alliance Healthcare (Distribution) Ltd) (AMP)
36133811000001102,Carmustine 100mg powder and solvent for solution for infusion vials (VMP)
36139311000001109,Ciclosporin 100mg/ml oral solution sugar free (VMP)
36139511000001103,Ciclosporin 250mg/5ml solution for infusion ampoules (VMP)
36140311000001101,Ciclosporin 50mg/1ml solution for infusion ampoules (VMP)
36142411000001109,Cladribine 10mg/10ml solution for infusion vials (VMP)
3614611000001101,Methotrexate 5mg/2ml solution for injection vials (Pfizer Ltd) (AMP)
3614911000001107,Methotrexate 5mg/2ml solution for injection vials (Alliance Healthcare (Distribution) Ltd) (AMP)
36149811000001101,Vinblastine 10mg powder for solution for injection vials (VMP)
36149911000001106,Vinblastine 10mg/10ml solution for injection vials (VMP)
36150011000001102,Vincristine 1mg/1ml solution for injection vials (VMP)
36150111000001101,Vincristine 2mg/2ml solution for injection vials (VMP)
36150311000001104,Vincristine 5mg/5ml solution for injection vials (VMP)
36150411000001106,Vinorelbine 10mg/1ml solution for infusion vials (VMP)
36150511000001105,Vinorelbine 50mg/5ml solution for infusion vials (VMP)
3615611000001100,Methotrexate 50mg/2ml solution for injection vials (Advanz Pharma) (AMP)
3615811000001101,Methotrexate 5g/50ml solution for infusion vials (A A H Pharmaceuticals Ltd) (AMP)
3616411000001107,Methotrexate 5g/50ml solution for infusion vials (Pfizer Ltd) (AMP)
3616911000001104,Methotrexate 5g/50ml solution for infusion vials (Alliance Healthcare (Distribution) Ltd) (AMP)
3618611000001106,Methotrexate 1g/10ml solution for injection vials (A A H Pharmaceuticals Ltd) (AMP)
3619211000001104,Methotrexate 1g/10ml solution for injection vials (Pfizer Ltd) (AMP)
3619511000001101,Methotrexate 1g/10ml solution for injection vials (Alliance Healthcare (Distribution) Ltd) (AMP)
3620611000001103,Methotrexate 5g/200ml solution for infusion vials (A A H Pharmaceuticals Ltd) (AMP)
3620811000001104,Methotrexate 5g/200ml solution for infusion vials (Alliance Healthcare (Distribution) Ltd) (AMP)
3621111000001100,Methotrexate 5g/200ml solution for infusion vials (Advanz Pharma) (AMP)
3621611000001108,Methotrexate 200mg/8ml solution for injection vials (A A H Pharmaceuticals Ltd) (AMP)
3621811000001107,Methotrexate 200mg/8ml solution for injection vials (Advanz Pharma) (AMP)
3622011000001109,Methotrexate 200mg/8ml solution for injection vials (Alliance Healthcare (Distribution) Ltd) (AMP)
3622611000001102,Methotrexate 500mg/20ml solution for injection vials (A A H Pharmaceuticals Ltd) (AMP)
3622911000001108,Methotrexate 500mg/20ml solution for injection vials (Pfizer Ltd) (AMP)
3623211000001105,Methotrexate 500mg/20ml solution for injection vials (Alliance Healthcare (Distribution) Ltd) (AMP)
36234311000001105,Hyrimoz 40mg/0.8ml solution for injection pre-filled pens (Sandoz Ltd) (AMP)
36234511000001104,Hyrimoz 40mg/0.8ml solution for injection pre-filled syringes (Sandoz Ltd) (AMP)
3623611000001107,Methotrexate 500mg/20ml solution for injection vials (Advanz Pharma) (AMP)
36237011000001104,Abemaciclib 100mg tablets (VMP)
36237111000001103,Abemaciclib 150mg tablets (VMP)
36237211000001109,Abemaciclib 50mg tablets (VMP)
36243311000001109,Humira 80mg/0.8ml solution for injection pre-filled syringes (AbbVie Ltd) (AMP)
36243611000001104,Humira 80mg/0.8ml solution for injection pre-filled pens (AbbVie Ltd) (AMP)
3624511000001106,Methotrexate 1g/40ml solution for injection vials (A A H Pharmaceuticals Ltd) (AMP)
3624711000001101,Methotrexate 1g/40ml solution for injection vials (Alliance Healthcare (Distribution) Ltd) (AMP)
3625011000001104,Methotrexate 1g/40ml solution for injection vials (Advanz Pharma) (AMP)
36282711000001106,Braftovi 75mg capsules (Pierre Fabre Ltd) (AMP)
36284211000001108,Braftovi 50mg capsules (Pierre Fabre Ltd) (AMP)
36285111000001103,Mektovi 15mg tablets (Pierre Fabre Ltd) (AMP)
36391411000001103,Binimetinib 15mg tablets (VMP)
36392811000001105,Encorafenib 50mg capsules (VMP)
36392911000001100,Encorafenib 75mg capsules (VMP)
36435611000001103,Amgevita 20mg/0.4ml solution for injection pre-filled syringes (Amgen Ltd) (AMP)
36441711000001106,Adalimumab 20mg/0.4ml solution for injection pre-filled syringes (VMP)
36442011000001101,Imraldi 40mg/0.8ml solution for injection pre-filled pens (Biogen Idec Ltd) (AMP)
36457911000001103,Adalimumab 80mg/0.8ml solution for injection pre-filled disposable devices (VMP)
36458011000001101,Adalimumab 80mg/0.8ml solution for injection pre-filled syringes (VMP)
36460211000001102,Imraldi 40mg/0.8ml solution for injection pre-filled syringes (Biogen Idec Ltd) (AMP)
36464311000001102,Fludarabine phosphate 50mg powder for solution for injection vials (Accord-UK Ltd) (AMP)
36476511000001106,Mercaptopurine 10mg tablets (Imported (Germany)) (AMP)
36484811000001108,Treosulfan 5g powder for solution for injection vials (Tillomed Laboratories Ltd) (AMP)
36485511000001106,Carmustine 100mg powder and solvent for solution for infusion vials (Tillomed Laboratories Ltd) (AMP)
36493611000001107,Melphalan 50mg powder and solvent for solution for injection vials (Tillomed Laboratories Ltd) (AMP)
36495511000001107,Clofarabine 20mg/20ml concentrate for solution for infusion vials (Tillomed Laboratories Ltd) (AMP)
36538011000001109,Busulfan 60mg/10ml concentrate for solution for infusion vials (Tillomed Laboratories Ltd) (AMP)
36582811000001109,Mercaptopurine 20mg capsules (Special Order) (AMP)
36583811000001101,Tacrolimus 2microgram suppositories (Special Order) (AMP)
36584011000001109,Zessly 100mg powder for concentrate for solution for infusion vials (Sandoz Ltd) (AMP)
36589711000001107,Alunbrig 180mg tablets (Takeda UK Ltd) (AMP)
36589911000001109,Oxaliplatin 200mg/40ml concentrate for solution for infusion vials (Sun Pharma UK Ltd) (AMP)
36590011000001101,Herzuma 420mg powder for concentrate for solution for infusion vials (Celltrion Healthcare UK Ltd) (AMP)
36590811000001107,Alunbrig 30mg tablets (Takeda UK Ltd) (AMP)
36591711000001107,Alunbrig 90mg tablets (Takeda UK Ltd) (AMP)
36594911000001107,Brigatinib 180mg tablets (VMP)
36595011000001107,Brigatinib 30mg tablets (VMP)
36595111000001108,Brigatinib 90mg tablets (VMP)
36595711000001109,Mercaptopurine 20mg capsules (VMP)
36596211000001108,Tacrolimus 2microgram suppositories (VMP)
36597411000001109,Paclitaxel 300mg/50ml concentrate for solution for infusion vials (Fresenius Kabi Ltd) (AMP)
36597811000001106,Paclitaxel 30mg/5ml concentrate for solution for infusion vials (Fresenius Kabi Ltd) (AMP)
36598111000001103,Paclitaxel 150mg/25ml concentrate for solution for infusion vials (Fresenius Kabi Ltd) (AMP)
36598611000001106,Oxaliplatin 200mg/40ml concentrate for solution for infusion vials (Fresenius Kabi Ltd) (AMP)
36598811000001105,Cytarabine 2g/20ml solution for injection vials (Fresenius Kabi Ltd) (AMP)
36599011000001109,Cytarabine 1g/10ml solution for injection vials (Fresenius Kabi Ltd) (AMP)
3659911000001102,CellCept 250mg capsules (Roche Products Ltd) (AMP)
36600011000001106,Carboplatin 150mg/15ml concentrate for solution for infusion vials (Fresenius Kabi Ltd) (AMP)
36600211000001101,Carboplatin 450mg/45ml concentrate for solution for infusion vials (Fresenius Kabi Ltd) (AMP)
36600411000001102,Carboplatin 50mg/5ml concentrate for solution for infusion vials (Fresenius Kabi Ltd) (AMP)
36600611000001104,Carboplatin 600mg/60ml concentrate for solution for infusion vials (Fresenius Kabi Ltd) (AMP)
36610111000001105,Anagrelide 500microgram capsules (Sandoz Ltd) (AMP)
3661611000001102,CellCept 500mg tablets (Roche Products Ltd) (AMP)
36616911000001106,Tacrolimus 2mg suppositories (Special Order) (AMP)
36617111000001106,Gemcitabine 2g powder for solution for infusion vials (Fresenius Kabi Ltd) (AMP)
36627411000001108,Bendamustine 180mg/4ml solution for infusion vials (VMP)
36627611000001106,Bendamustine 180mg/4ml concentrate for solution for infusion vials (Dr Reddy's Laboratories (UK) Ltd) (AMP)
36629611000001101,Anagrelide 500microgram capsules (AOP Orphan Ltd) (AMP)
36630711000001100,Tacrolimus 2mg suppositories (VMP)
366611000001106,Penicillamine 250mg tablets (Teva UK Ltd) (AMP)
36666311000001106,Gemcitabine 1g powder for solution for infusion vials (Fresenius Kabi Ltd) (AMP)
36666511000001100,Gemcitabine 200mg powder for solution for infusion vials (Fresenius Kabi Ltd) (AMP)
36685311000001103,Docetaxel 20mg/1ml concentrate for solution for infusion vials (Fresenius Kabi Ltd) (AMP)
36685511000001109,Docetaxel 80mg/4ml concentrate for solution for infusion vials (Fresenius Kabi Ltd) (AMP)
36685811000001107,Docetaxel 160mg/8ml concentrate for solution for infusion vials (Fresenius Kabi Ltd) (AMP)
36686311000001108,Pemetrexed 500mg powder for concentrate for solution for infusion vials (Fresenius Kabi Ltd) (AMP)
36686511000001102,Pemetrexed 100mg powder for concentrate for solution for infusion vials (Fresenius Kabi Ltd) (AMP)
36687011000001108,Etoposide 100mg/5ml concentrate for solution for infusion vials (Fresenius Kabi Ltd) (AMP)
36687211000001103,Etoposide 200mg/10ml concentrate for solution for infusion vials (Fresenius Kabi Ltd) (AMP)
36687511000001100,Busulfan 60mg/10ml concentrate for solution for infusion vials (Fresenius Kabi Ltd) (AMP)
36687811000001102,Gemcitabine 200mg/5.26ml concentrate for solution for infusion vials (Fresenius Kabi Ltd) (AMP)
36688011000001109,Gemcitabine 1g/26.3ml concentrate for solution for infusion vials (Fresenius Kabi Ltd) (AMP)
36688211000001104,Gemcitabine 2g/52.6ml concentrate for solution for infusion vials (Fresenius Kabi Ltd) (AMP)
36753311000001101,Gemcitabine 200mg/5.26ml solution for infusion vials (VMP)
36756311000001105,Trazimera 150mg powder for concentrate for solution for infusion vials (Pfizer Ltd) (AMP)
36761211000001104,Irinotecan 500mg/25ml concentrate for solution for infusion vials (Fresenius Kabi Ltd) (AMP)
36763811000001104,CellCept 250mg capsules (Abacus Medicine Ltd) (AMP)
36783411000001104,Carmustine Obvius 100mg powder and solvent for concentrate for solution for infusion vials (Nexcape Pharmaceuticals Ltd) (AMP)
36785611000001102,Carboplatin 50mg/5ml solution for infusion vials (Hikma Pharmaceuticals International Ltd) (AMP)
36785811000001103,Carboplatin 150mg/15ml solution for infusion vials (Hikma Pharmaceuticals International Ltd) (AMP)
36786011000001100,Carboplatin 450mg/45ml solution for infusion vials (Hikma Pharmaceuticals International Ltd) (AMP)
36786211000001105,Carboplatin 600mg/60ml solution for infusion vials (Hikma Pharmaceuticals International Ltd) (AMP)
36798511000001108,Oxaliplatin 50mg/10ml concentrate for solution for infusion vials (Sandoz Ltd) (AMP)
36803911000001106,Imnovid 4mg capsules (Originalis B.V.) (AMP)
36806811000001105,Keytruda 50mg powder for concentrate for solution for infusion vials (Originalis B.V.) (AMP)
36809311000001108,Prograf 1mg capsules (Pharmaram Ltd) (AMP)
36810511000001107,Oxaliplatin 100mg/20ml concentrate for solution for infusion vials (Sandoz Ltd) (AMP)
36815511000001102,Mekinist 2mg tablets (Originalis B.V.) (AMP)
36818511000001105,Opdivo 100mg/10ml concentrate for solution for infusion vials (Originalis B.V.) (AMP)
36819311000001105,Perjeta 420mg/14ml concentrate for solution for infusion vials (Originalis B.V.) (AMP)
36821711000001102,Prograf 1mg capsules (Abacus Medicine Ltd) (AMP)
36824311000001103,Everolimus 2.5mg tablets (A A H Pharmaceuticals Ltd) (AMP)
36824511000001109,Everolimus 5mg tablets (A A H Pharmaceuticals Ltd) (AMP)
36824711000001104,Everolimus 10mg tablets (A A H Pharmaceuticals Ltd) (AMP)
36825811000001108,Everolimus 2.5mg tablets (Accord-UK Ltd) (AMP)
36826011000001106,Everolimus 5mg tablets (Accord-UK Ltd) (AMP)
36826211000001101,Everolimus 10mg tablets (Accord-UK Ltd) (AMP)
36866711000001103,Carmustine 100mg powder and solvent for concentrate for solution for infusion vials (medac UK) (AMP)
36888011000001104,Anagrelide 500microgram capsules (Torrent Pharma (UK) Ltd) (AMP)
36897711000001102,Stivarga 40mg tablets (Originalis B.V.) (AMP)
36898011000001103,Tafinlar 75mg capsules (Originalis B.V.) (AMP)
36908211000001102,Xagrid 500microgram capsules (Originalis B.V.) (AMP)
36908611000001100,Yervoy 50mg/10ml concentrate for solution for infusion vials (Originalis B.V.) (AMP)
36933211000001101,Melphalan 50mg powder and solvent for solution for injection vials (Sun Pharma UK Ltd) (AMP)
36936311000001100,Paclitaxel 100mg/16.7ml concentrate for solution for infusion vials (Seacross Pharmaceuticals Ltd) (AMP)
36936511000001106,Paclitaxel 30mg/5ml concentrate for solution for infusion vials (Seacross Pharmaceuticals Ltd) (AMP)
36936711000001101,Paclitaxel 300mg/50ml concentrate for solution for infusion vials (Seacross Pharmaceuticals Ltd) (AMP)
3693911000001106,Cyclophosphamide 50mg tablets (A A H Pharmaceuticals Ltd) (AMP)
3694111000001105,Endoxana 50mg tablets (Baxter Healthcare Ltd) (AMP)
3694311000001107,Cyclophosphamide 50mg tablets (Pfizer Ltd) (AMP)
36944111000001105,Ibrance 75mg capsules (Originalis B.V.) (AMP)
36944411000001100,Ibrance 100mg capsules (Originalis B.V.) (AMP)
36944811000001103,Ibrance 125mg capsules (Originalis B.V.) (AMP)
3694511000001101,Cyclophosphamide 50mg tablets (Alliance Healthcare (Distribution) Ltd) (AMP)
3695011000001108,Azathioprine 25mg tablets (IVAX Pharmaceuticals UK Ltd) (AMP)
36959911000001107,Mercaptopurine 12.5mg capsules (Special Order) (AMP)
36979111000001107,Mercaptopurine 12.5mg capsules (VMP)
37061411000001103,Bendamustine 25mg powder for concentrate for solution for infusion vials (Seacross Pharmaceuticals Ltd) (AMP)
37065311000001107,Bendamustine 100mg powder for concentrate for solution for infusion vials (Seacross Pharmaceuticals Ltd) (AMP)
37077111000001106,Azathioprine 50mg tablets (Relonchem Ltd) (AMP)
37102011000001107,Bortezomib 3.5mg powder for solution for injection vials (Aspire Pharma Ltd) (AMP)
37106111000001107,Anagrelide 500microgram capsules (DE Pharmaceuticals) (AMP)
37129511000001102,Anagrelide 500microgram capsules (Zentiva Pharma UK Ltd) (AMP)
37141811000001103,Tasigna 50mg capsules (Novartis Pharmaceuticals UK Ltd) (AMP)
37143311000001108,Gilenya 0.25mg capsules (Novartis Pharmaceuticals UK Ltd) (AMP)
37171911000001109,Nilotinib 50mg capsules (VMP)
37192411000001100,Tioguanine 40mg tablets (A A H Pharmaceuticals Ltd) (AMP)
37216911000001105,Orencia 87.5mg/0.7ml solution for injection pre-filled syringes (Imported (Germany)) (AMP)
37217211000001104,Orencia 50mg/0.4ml solution for injection pre-filled syringes (Imported (Germany)) (AMP)
37221911000001107,Sprycel 10mg/ml oral suspension (Imported (Germany)) (AMP)
37223011000001109,Abatacept 50mg/0.4ml solution for injection pre-filled syringes (VMP)
37223111000001105,Abatacept 87.5mg/0.7ml solution for injection pre-filled syringes (VMP)
37223211000001104,Dasatinib 10mg/ml oral suspension (VMP)
37224911000001105,Gefitinib 250mg tablets (Viatris UK Healthcare Ltd) (AMP)
37227811000001109,Vizimpro 45mg tablets (Pfizer Ltd) (AMP)
37228111000001101,Vizimpro 15mg tablets (Pfizer Ltd) (AMP)
37228411000001106,Vizimpro 30mg tablets (Pfizer Ltd) (AMP)
37234111000001109,Arsenic 10mg/10ml concentrate for solution for infusion vials (Flexipharm Austrading Ltd) (AMP)
37236211000001108,Fingolimod 250microgram capsules (VMP)
37238611000001106,Arsenic 10mg/10ml solution for infusion vials (VMP)
37247811000001107,Dacomitinib 15mg tablets (VMP)
37247911000001102,Dacomitinib 30mg tablets (VMP)
37248011000001100,Dacomitinib 45mg tablets (VMP)
37262611000001101,Mitocin 20mg powder and solvent for intravesical solution vials (Vygoris Ltd) (AMP)
37263811000001105,Mitocin 20mg powder for solution for injection vials (Vygoris Ltd) (AMP)
37267811000001104,Gemcitabine 1.4g/140ml infusion bags (Sun Pharma UK Ltd) (AMP)
37270111000001102,Metalcaptase gastro-resistant 150mg tablets (Imported (Germany)) (AMP)
37270911000001104,Metalcaptase gastro-resistant 300mg tablets (Imported (Germany)) (AMP)
37273211000001103,Methotrexate 2.5mg tablets (Mawdsley-Brooks & Company Ltd) (AMP)
37280611000001104,Gefitinib 250mg tablets (Sandoz Ltd) (AMP)
37280911000001105,Gemcitabine 1.4g/140ml infusion bags (VMP)
37281111000001101,Penicillamine gastro-resistant 150mg tablets (VMP)
37281511000001105,Penicillamine gastro-resistant 300mg tablets (VMP)
37342511000001100,Advagraf 3mg modified-release capsules (Mawdsley-Brooks & Company Ltd) (AMP)
37344311000001104,Prograf 500microgram capsules (CST Pharma Ltd) (AMP)
37345711000001101,Neoral 25mg capsules (CST Pharma Ltd) (AMP)
37346011000001107,Neoral 50mg capsules (CST Pharma Ltd) (AMP)
37346411000001103,Neoral 100mg capsules (CST Pharma Ltd) (AMP)
37347311000001108,Prograf 1mg capsules (CST Pharma Ltd) (AMP)
37382611000001108,Gefitinib 250mg tablets (Genus Pharmaceuticals Ltd) (AMP)
37397611000001105,Metoject PEN 7.5mg/0.15ml solution for injection pre-filled pens (CST Pharma Ltd) (AMP)
37397811000001109,Metoject PEN 10mg/0.2ml solution for injection pre-filled pens (CST Pharma Ltd) (AMP)
37398011000001102,Metoject PEN 12.5mg/0.25ml solution for injection pre-filled pens (CST Pharma Ltd) (AMP)
37427211000001107,Gefitinib 250mg tablets (Accord-UK Ltd) (AMP)
37429611000001104,Arava 10mg tablets (CST Pharma Ltd) (AMP)
37429811000001100,Arava 20mg tablets (CST Pharma Ltd) (AMP)
37432811000001107,CellCept 250mg capsules (CST Pharma Ltd) (AMP)
37433011000001105,CellCept 500mg tablets (CST Pharma Ltd) (AMP)
37450711000001102,Methotrexate 2mg/ml oral solution sugar free (DE Pharmaceuticals) (AMP)
37476311000001101,Bortezomib 3.5mg/1.4ml solution for injection vials (Thornton & Ross Ltd) (AMP)
37490911000001105,Gefitinib 250mg tablets (Glenmark Pharmaceuticals Europe Ltd) (AMP)
37491411000001106,Bortezomib 3.5mg/1.4ml solution for injection vials (VMP)
37492311000001108,Imbruvica 420mg tablets (Janssen-Cilag Ltd) (AMP)
37492611000001103,Imbruvica 560mg tablets (Janssen-Cilag Ltd) (AMP)
37492911000001109,Imbruvica 140mg tablets (Janssen-Cilag Ltd) (AMP)
37493211000001106,Imbruvica 280mg tablets (Janssen-Cilag Ltd) (AMP)
37493411000001105,Ibrutinib 140mg tablets (VMP)
37493511000001109,Ibrutinib 280mg tablets (VMP)
37493611000001108,Ibrutinib 420mg tablets (VMP)
37493711000001104,Ibrutinib 560mg tablets (VMP)
37511311000001108,Imuran 50mg tablets (Mawdsley-Brooks & Company Ltd) (AMP)
37538311000001108,Xagrid 500microgram capsules (CST Pharma Ltd) (AMP)
37560311000001102,Bortezomib 1mg powder for solution for injection vials (Aspire Pharma Ltd) (AMP)
37561211000001104,Gefitinib 250mg tablets (A A H Pharmaceuticals Ltd) (AMP)
37564111000001108,Bortezomib 1mg powder for solution for injection vials (VMP)
37569311000001106,Xromi 100mg/ml oral solution (Nova Laboratories Ltd) (AMP)
37571111000001101,Methofill 7.5mg/0.15ml solution for injection pre-filled syringes (Accord-UK Ltd) (AMP)
37571311000001104,Methofill 10mg/0.2ml solution for injection pre-filled syringes (Accord-UK Ltd) (AMP)
37571511000001105,Methofill 12.5mg/0.25ml solution for injection pre-filled syringes (Accord-UK Ltd) (AMP)
37571711000001100,Methofill 15mg/0.3ml solution for injection pre-filled syringes (Accord-UK Ltd) (AMP)
37571911000001103,Methofill 17.5mg/0.35ml solution for injection pre-filled syringes (Accord-UK Ltd) (AMP)
37572111000001106,Hanixol 50mg tablets (Fontus Health Ltd) (AMP)
37572311000001108,Methofill 20mg/0.4ml solution for injection pre-filled syringes (Accord-UK Ltd) (AMP)
37572511000001102,Methofill 22.5mg/0.45ml solution for injection pre-filled syringes (Accord-UK Ltd) (AMP)
37572711000001107,Methofill 25mg/0.5ml solution for injection pre-filled syringes (Accord-UK Ltd) (AMP)
37572911000001109,Methofill 27.5mg/0.55ml solution for injection pre-filled syringes (Accord-UK Ltd) (AMP)
37573111000001100,Methofill 30mg/0.6ml solution for injection pre-filled syringes (Accord-UK Ltd) (AMP)
37574311000001101,Leflunomide 10mg tablets (Relonchem Ltd) (AMP)
37574511000001107,Leflunomide 20mg tablets (Relonchem Ltd) (AMP)
37579211000001108,Bortezomib 2.5mg powder for solution for injection vials (Aspire Pharma Ltd) (AMP)
37600311000001105,Bortezomib 2.5mg powder for solution for injection vials (VMP)
37600411000001103,Hydroxycarbamide 500mg/5ml oral solution sugar free (VMP)
37603711000001100,Imatinib 100mg tablets (Zentiva Pharma UK Ltd) (AMP)
37603911000001103,Imatinib 400mg tablets (Zentiva Pharma UK Ltd) (AMP)
37616311000001106,Trazimera 420mg powder for concentrate for solution for infusion vials (Pfizer Ltd) (AMP)
37616611000001101,Tecentriq 840mg/14ml concentrate for solution for infusion vials (Roche Products Ltd) (AMP)
37617211000001101,Atezolizumab 840mg/14ml solution for infusion vials (VMP)
37623911000001105,CellCept 250mg capsules (Ethigen Ltd) (AMP)
37624111000001109,CellCept 500mg tablets (Ethigen Ltd) (AMP)
37689211000001105,Metoject PEN 10mg/0.2ml solution for injection pre-filled pens (Pilsco Ltd) (AMP)
37689511000001108,Metoject PEN 12.5mg/0.25ml solution for injection pre-filled pens (Pilsco Ltd) (AMP)
37689811000001106,Metoject PEN 7.5mg/0.15ml solution for injection pre-filled pens (Pilsco Ltd) (AMP)
37694111000001101,Cyclophosphamide 50mg tablets (CST Pharma Ltd) (AMP)
37698511000001103,Prograf 500microgram capsules (Pilsco Ltd) (AMP)
37698711000001108,Prograf 1mg capsules (Pilsco Ltd) (AMP)
37699511000001109,Puri-Nethol 50mg tablets (Pilsco Ltd) (AMP)
37723611000001108,Metoject PEN 15mg/0.3ml solution for injection pre-filled pens (Pilsco Ltd) (AMP)
37723811000001107,Metoject PEN 17.5mg/0.35ml solution for injection pre-filled pens (Pilsco Ltd) (AMP)
37724011000001104,Metoject PEN 20mg/0.4ml solution for injection pre-filled pens (Pilsco Ltd) (AMP)
37724211000001109,Metoject PEN 22.5mg/0.45ml solution for injection pre-filled pens (Pilsco Ltd) (AMP)
37725411000001109,Dasatinib 20mg tablets (Zentiva Pharma UK Ltd) (AMP)
37725611000001107,Dasatinib 50mg tablets (Zentiva Pharma UK Ltd) (AMP)
37726211000001104,Dasatinib 140mg tablets (Zentiva Pharma UK Ltd) (AMP)
37726511000001101,Dasatinib 80mg tablets (Zentiva Pharma UK Ltd) (AMP)
37726811000001103,Dasatinib 100mg tablets (Zentiva Pharma UK Ltd) (AMP)
37733011000001104,Methotrexate 1g/10ml solution for injection vials (medac UK) (AMP)
37733211000001109,Methotrexate 5g/50ml solution for infusion vials (medac UK) (AMP)
37747311000001107,Vitrakvi 20mg/ml oral solution (Bayer Plc) (AMP)
37752911000001108,Larotrectinib 20mg/ml oral solution (VMP)
37753911000001101,Gefitinib 250mg tablets (Zentiva Pharma UK Ltd) (AMP)
37755211000001109,Bortezomib 3.5mg powder for solution for injection vials (Dr Reddy's Laboratories (UK) Ltd) (AMP)
37758411000001103,Chlorambucil 2mg tablets (CST Pharma Ltd) (AMP)
37776211000001100,Keytruda 100mg/4ml concentrate for solution for infusion vials (Originalis B.V.) (AMP)
37776611000001103,Yervoy 200mg/40ml concentrate for solution for infusion vials (Originalis B.V.) (AMP)
37807111000001101,Rituximab (MabThera) 1000mg/500ml in Sodium chloride 0.9% infusion bags (Special Order) (AMP)
37809311000001109,Rituximab (Truxima) 1000mg/500ml in Sodium chloride 0.9% infusion bags (Special Order) (AMP)
37809611000001104,Rituximab (Rixathon) 1000mg/500ml in Sodium chloride 0.9% infusion bags (Special Order) (AMP)
37817011000001104,Rituximab (MabThera) 500mg/500ml in Sodium chloride 0.9% infusion bags (Special Order) (AMP)
37817311000001101,Rituximab (Rixathon) 500mg/500ml in Sodium chloride 0.9% infusion bags (Special Order) (AMP)
37817711000001102,Rituximab (Truxima) 500mg/500ml in Sodium chloride 0.9% infusion bags (Special Order) (AMP)
37819111000001109,Rituximab (MabThera) 600mg/500ml in Sodium chloride 0.9% infusion bags (Special Order) (AMP)
37819311000001106,Rituximab (Rixathon) 600mg/500ml in Sodium chloride 0.9% infusion bags (Special Order) (AMP)
37819511000001100,Rituximab (Truxima) 600mg/500ml in Sodium chloride 0.9% infusion bags (Special Order) (AMP)
37820011000001109,Rituximab (MabThera) 700mg/500ml in Sodium chloride 0.9% infusion bags (Special Order) (AMP)
37820311000001107,Rituximab (Rixathon) 700mg/500ml in Sodium chloride 0.9% infusion bags (Special Order) (AMP)
37820511000001101,Rituximab (Truxima) 700mg/500ml in Sodium chloride 0.9% infusion bags (Special Order) (AMP)
37821311000001102,Rituximab (MabThera) 800mg/500ml in Sodium chloride 0.9% infusion bags (Special Order) (AMP)
37821511000001108,Rituximab (Rixathon) 800mg/500ml in Sodium chloride 0.9% infusion bags (Special Order) (AMP)
37821711000001103,Rituximab (Truxima) 800mg/500ml in Sodium chloride 0.9% infusion bags (Special Order) (AMP)
37824411000001106,Rituximab (MabThera) 900mg/500ml in Sodium chloride 0.9% infusion bags (Special Order) (AMP)
37824811000001108,Rituximab (Rixathon) 900mg/500ml in Sodium chloride 0.9% infusion bags (Special Order) (AMP)
37825011000001103,Rituximab (Truxima) 900mg/500ml in Sodium chloride 0.9% infusion bags (Special Order) (AMP)
37829011000001101,Rituximab 1000mg/500ml in Sodium chloride 0.9% infusion bags (VMP)
37829111000001100,Rituximab 500mg/500ml in Sodium chloride 0.9% infusion bags (VMP)
37829211000001106,Rituximab 600mg/500ml in Sodium chloride 0.9% infusion bags (VMP)
37829311000001103,Rituximab 700mg/500ml in Sodium chloride 0.9% infusion bags (VMP)
37829511000001109,Rituximab 800mg/500ml in Sodium chloride 0.9% infusion bags (VMP)
37829611000001108,Rituximab 900mg/500ml in Sodium chloride 0.9% infusion bags (VMP)
37834311000001102,Cisplatin 100mg/1000ml in Sodium chloride 0.9% infusion bags (Special Order) (AMP)
37834611000001107,Cisplatin 113mg/1000ml in Sodium chloride 0.9% infusion bags (Special Order) (AMP)
37834911000001101,Cisplatin 128mg/1000ml in Sodium chloride 0.9% infusion bags (Special Order) (AMP)
37835211000001106,Cisplatin 145mg/1000ml in Sodium chloride 0.9% infusion bags (Special Order) (AMP)
37835511000001109,Cisplatin 164mg/1000ml in Sodium chloride 0.9% infusion bags (Special Order) (AMP)
37835811000001107,Cisplatin 185mg/1000ml in Sodium chloride 0.9% infusion bags (Special Order) (AMP)
37836111000001106,Cisplatin 33mg/250ml in Sodium chloride 0.9% infusion bags (Special Order) (AMP)
37836411000001101,Cisplatin 36mg/250ml in Sodium chloride 0.9% infusion bags (Special Order) (AMP)
37836711000001107,Cisplatin 40mg/250ml in Sodium chloride 0.9% infusion bags (Special Order) (AMP)
37837011000001108,Cisplatin 45mg/250ml in Sodium chloride 0.9% infusion bags (Special Order) (AMP)
37838711000001106,Cyclophosphamide 1000mg/250ml in Sodium chloride 0.9% infusion bags (Special Order) (AMP)
37839011000001104,Cyclophosphamide 1120mg/250ml in Sodium chloride 0.9% infusion bags (Special Order) (AMP)
37839311000001101,Cyclophosphamide 1260mg/250ml in Sodium chloride 0.9% infusion bags (Special Order) (AMP)
37839611000001106,Cyclophosphamide 2000mg/250ml in Sodium chloride 0.9% infusion bags (Special Order) (AMP)
37839911000001100,Cyclophosphamide 4180mg/250ml in Sodium chloride 0.9% infusion bags (Special Order) (AMP)
37840511000001103,Cyclophosphamide 480mg/250ml in Sodium chloride 0.9% infusion bags (Special Order) (AMP)
37840911000001105,Cisplatin 50mg/500ml in Sodium chloride 0.9% infusion bags (Special Order) (AMP)
37841211000001107,Cisplatin 70mg/500ml in Sodium chloride 0.9% infusion bags (Special Order) (AMP)
37841511000001105,Cisplatin 89mg/500ml in Sodium chloride 0.9% infusion bags (Special Order) (AMP)
37842711000001107,Anagrelide 500microgram capsules (Kent Pharma (UK) Ltd) (AMP)
37843111000001100,Cisplatin 100mg/1000ml in Sodium chloride 0.9% infusion bags (VMP)
37843211000001106,Cisplatin 113mg/1000ml in Sodium chloride 0.9% infusion bags (VMP)
37843311000001103,Cisplatin 128mg/1000ml in Sodium chloride 0.9% infusion bags (VMP)
37843411000001105,Cisplatin 145mg/1000ml in Sodium chloride 0.9% infusion bags (VMP)
37843511000001109,Cisplatin 164mg/1000ml in Sodium chloride 0.9% infusion bags (VMP)
37843611000001108,Cisplatin 185mg/1000ml in Sodium chloride 0.9% infusion bags (VMP)
37843711000001104,Cisplatin 33mg/250ml in Sodium chloride 0.9% infusion bags (VMP)
37843811000001107,Cisplatin 36mg/250ml in Sodium chloride 0.9% infusion bags (VMP)
37843911000001102,Cisplatin 40mg/250ml in Sodium chloride 0.9% infusion bags (VMP)
37844011000001104,Cisplatin 45mg/250ml in Sodium chloride 0.9% infusion bags (VMP)
37844111000001103,Cisplatin 50mg/500ml in Sodium chloride 0.9% infusion bags (VMP)
37844211000001109,Cisplatin 70mg/500ml in Sodium chloride 0.9% infusion bags (VMP)
37844311000001101,Cisplatin 89mg/500ml in Sodium chloride 0.9% infusion bags (VMP)
37844411000001108,Cyclophosphamide 1000mg/250ml in Sodium chloride 0.9% infusion bags (VMP)
37844511000001107,Cyclophosphamide 1120mg/250ml in Sodium chloride 0.9% infusion bags (VMP)
37844611000001106,Cyclophosphamide 1260mg/250ml in Sodium chloride 0.9% infusion bags (VMP)
37844711000001102,Cyclophosphamide 2000mg/250ml in Sodium chloride 0.9% infusion bags (VMP)
37844811000001105,Cyclophosphamide 4180mg/250ml in Sodium chloride 0.9% infusion bags (VMP)
37844911000001100,Cyclophosphamide 480mg/250ml in Sodium chloride 0.9% infusion bags (VMP)
37847011000001107,Cimzia 200mg/1ml solution for injection in a dose-dispenser cartridge (UCB Pharma Ltd) (AMP)
37850511000001100,Alunbrig 90mg/180mg tablets treatment initiation pack (Takeda UK Ltd) (AMP)
37854711000001104,Brigatinib 90mg tablets and Brigatinib 180mg tablets (VMP)
37854811000001107,Certolizumab pegol 200mg/1ml solution for injection cartridges (VMP)
37856811000001100,Nerlynx 40mg tablets (Pierre Fabre Ltd) (AMP)
37867611000001105,Neratinib 40mg tablets (VMP)
37878911000001106,Vinorelbine 20mg capsules (Consilient Health Ltd) (AMP)
37879311000001104,Vinorelbine 30mg capsules (Consilient Health Ltd) (AMP)
37880111000001101,Vinorelbine 80mg capsules (Consilient Health Ltd) (AMP)
37894311000001106,Bortezomib 1.6mg/0.64ml in Sodium chloride 0.9% solution for injection pre-filled syringes (Special Order) (AMP)
37894611000001101,Bortezomib 1.8mg/0.72ml in Sodium chloride 0.9% solution for injection pre-filled syringes (Special Order) (AMP)
37895211000001102,Bortezomib 2.25mg/0.9ml in Sodium chloride 0.9% solution for injection pre-filled syringes (Special Order) (AMP)
37895511000001104,Bortezomib 2.5mg/1ml in Sodium chloride 0.9% solution for injection pre-filled syringes (Special Order) (AMP)
37895811000001101,Bortezomib 2.75mg/1.1ml in Sodium chloride 0.9% solution for injection pre-filled syringes (Special Order) (AMP)
37896111000001102,Bortezomib 2mg/0.8ml in Sodium chloride 0.9% solution for injection pre-filled syringes (Special Order) (AMP)
37896411000001107,Bortezomib 3mg/1.2ml in Sodium chloride 0.9% solution for injection pre-filled syringes (Special Order) (AMP)
37898511000001107,Bortezomib 1.6mg/0.64ml in Sodium chloride 0.9% solution for injection pre-filled syringes (VMP)
37898611000001106,Bortezomib 1.8mg/0.72ml in Sodium chloride 0.9% solution for injection pre-filled syringes (VMP)
37898711000001102,Bortezomib 2.25mg/0.9ml in Sodium chloride 0.9% solution for injection pre-filled syringes (VMP)
37898811000001105,Bortezomib 2.5mg/1ml in Sodium chloride 0.9% solution for injection pre-filled syringes (VMP)
37898911000001100,Bortezomib 2.75mg/1.1ml in Sodium chloride 0.9% solution for injection pre-filled syringes (VMP)
37899011000001109,Bortezomib 2mg/0.8ml in Sodium chloride 0.9% solution for injection pre-filled syringes (VMP)
37899111000001105,Bortezomib 3mg/1.2ml in Sodium chloride 0.9% solution for injection pre-filled syringes (VMP)
37913711000001102,Fluorouracil 1350mg/1000ml in Sodium chloride 0.9% infusion bags (Special Order) (AMP)
37913911000001100,Fluorouracil 1350mg/1000ml in Sodium chloride 0.9% infusion bags (VMP)
37914211000001107,Fluorouracil 1500mg/1000ml in Sodium chloride 0.9% infusion bags (Special Order) (AMP)
37914411000001106,Fluorouracil 1500mg/1000ml in Sodium chloride 0.9% infusion bags (VMP)
37916311000001105,Gemcitabine 1026mg/250ml in Sodium chloride 0.9% infusion bags (Special Order) (AMP)
37916611000001100,Gemcitabine 1100mg/250ml in Sodium chloride 0.9% infusion bags (Special Order) (AMP)
37916911000001106,Gemcitabine 1140mg/250ml in Sodium chloride 0.9% infusion bags (Special Order) (AMP)
37917211000001100,Gemcitabine 1254mg/250ml in Sodium chloride 0.9% infusion bags (Special Order) (AMP)
37917511000001102,Gemcitabine 1300mg/250ml in Sodium chloride 0.9% infusion bags (Special Order) (AMP)
37917811000001104,Gemcitabine 1368mg/250ml in Sodium chloride 0.9% infusion bags (Special Order) (AMP)
37918111000001107,Gemcitabine 1400mg/250ml in Sodium chloride 0.9% infusion bags (Special Order) (AMP)
37918411000001102,Gemcitabine 1500mg/250ml in Sodium chloride 0.9% infusion bags (Special Order) (AMP)
37918711000001108,Gemcitabine 1520mg/250ml in Sodium chloride 0.9% infusion bags (Special Order) (AMP)
37919011000001101,Gemcitabine 1710mg/250ml in Sodium chloride 0.9% infusion bags (Special Order) (AMP)
37919311000001103,Gemcitabine 1900mg/250ml in Sodium chloride 0.9% infusion bags (Special Order) (AMP)
37919611000001108,Gemcitabine 2128mg/250ml in Sodium chloride 0.9% infusion bags (Special Order) (AMP)
37919911000001102,Gemcitabine 2394mg/250ml in Sodium chloride 0.9% infusion bags (Special Order) (AMP)
37920211000001105,Gemcitabine 2400mg/250ml in Sodium chloride 0.9% infusion bags (Special Order) (AMP)
37922011000001101,Methotrexate 100mg/4ml solution for injection pre-filled syringes (Special Order) (AMP)
37922311000001103,Methotrexate 40mg/1.6ml solution for injection pre-filled syringes (Special Order) (AMP)
37922611000001108,Methotrexate 45mg/1.8ml solution for injection pre-filled syringes (Special Order) (AMP)
37922911000001102,Methotrexate 60mg/2.4ml solution for injection pre-filled syringes (Special Order) (AMP)
37923211000001100,Methotrexate 80mg/3.2ml solution for injection pre-filled syringes (Special Order) (AMP)
37923511000001102,Methotrexate 85mg/3.4ml solution for injection pre-filled syringes (Special Order) (AMP)
37923811000001104,Methotrexate 90mg/3.6ml solution for injection pre-filled syringes (Special Order) (AMP)
37924011000001107,Gemcitabine 1026mg/250ml in Sodium chloride 0.9% infusion bags (VMP)
37924111000001108,Gemcitabine 1100mg/250ml in Sodium chloride 0.9% infusion bags (VMP)
37924211000001102,Gemcitabine 1140mg/250ml in Sodium chloride 0.9% infusion bags (VMP)
37924311000001105,Gemcitabine 1254mg/250ml in Sodium chloride 0.9% infusion bags (VMP)
37924411000001103,Gemcitabine 1300mg/250ml in Sodium chloride 0.9% infusion bags (VMP)
37924511000001104,Gemcitabine 1368mg/250ml in Sodium chloride 0.9% infusion bags (VMP)
37924611000001100,Gemcitabine 1400mg/250ml in Sodium chloride 0.9% infusion bags (VMP)
37924711000001109,Gemcitabine 1500mg/250ml in Sodium chloride 0.9% infusion bags (VMP)
37924811000001101,Gemcitabine 1520mg/250ml in Sodium chloride 0.9% infusion bags (VMP)
37924911000001106,Gemcitabine 1710mg/250ml in Sodium chloride 0.9% infusion bags (VMP)
37925011000001106,Gemcitabine 1900mg/250ml in Sodium chloride 0.9% infusion bags (VMP)
37925111000001107,Gemcitabine 2128mg/250ml in Sodium chloride 0.9% infusion bags (VMP)
37925211000001101,Gemcitabine 2394mg/250ml in Sodium chloride 0.9% infusion bags (VMP)
37925311000001109,Gemcitabine 2400mg/250ml in Sodium chloride 0.9% infusion bags (VMP)
37925611000001104,Methotrexate 100mg/4ml solution for injection pre-filled syringes (VMP)
37925711000001108,Methotrexate 40mg/1.6ml solution for injection pre-filled syringes (VMP)
37925811000001100,Methotrexate 45mg/1.8ml solution for injection pre-filled syringes (VMP)
37925911000001105,Methotrexate 60mg/2.4ml solution for injection pre-filled syringes (VMP)
37926011000001102,Methotrexate 80mg/3.2ml solution for injection pre-filled syringes (VMP)
37926111000001101,Methotrexate 85mg/3.4ml solution for injection pre-filled syringes (VMP)
37926211000001107,Methotrexate 90mg/3.6ml solution for injection pre-filled syringes (VMP)
37939711000001107,Dailiport 0.5mg modified-release capsules (Sandoz Ltd) (AMP)
37939911000001109,Dailiport 1mg modified-release capsules (Sandoz Ltd) (AMP)
37940211000001108,Dailiport 3mg modified-release capsules (Sandoz Ltd) (AMP)
37940411000001107,Dailiport 5mg modified-release capsules (Sandoz Ltd) (AMP)
37941011000001107,Dailiport 2mg modified-release capsules (Sandoz Ltd) (AMP)
37949111000001107,Tacrolimus 2mg modified-release capsules (VMP)
37977511000001106,Gefitinib 250mg tablets (Wockhardt UK Ltd) (AMP)
37992311000001105,Zykadia 150mg tablets (Novartis Pharmaceuticals UK Ltd) (AMP)
37993511000001106,Prograf 500microgram capsules (Pharmaram Ltd) (AMP)
37993711000001101,Prograf 5mg capsules (Pharmaram Ltd) (AMP)
38000111000001106,Fluorouracil 3150mg/120ml (2.5ml/hour) in Sodium chloride 0.9% infusion AutoFuser elastomeric devices (Special Order) (AMP)
38000411000001101,Fluorouracil 3500mg/120ml (2.5ml/hour) in Sodium chloride 0.9% infusion AutoFuser elastomeric devices (Special Order) (AMP)
38000711000001107,Fluorouracil 3950mg/120ml (2.5ml/hour) in Sodium chloride 0.9% infusion AutoFuser elastomeric devices (Special Order) (AMP)
38001011000001101,Fluorouracil 4450mg/120ml (2.5ml/hour) in Sodium chloride 0.9% infusion AutoFuser elastomeric devices (Special Order) (AMP)
38001311000001103,Fluorouracil 5000mg/120ml (2.5ml/hour) in Sodium chloride 0.9% infusion AutoFuser elastomeric devices (Special Order) (AMP)
38002411000001100,Fluorouracil 3150mg/120ml in Sodium chloride 0.9% infusion elastomeric devices (VMP)
38002511000001101,Fluorouracil 3500mg/120ml in Sodium chloride 0.9% infusion elastomeric devices (VMP)
38002611000001102,Fluorouracil 3950mg/120ml in Sodium chloride 0.9% infusion elastomeric devices (VMP)
38002711000001106,Fluorouracil 4450mg/120ml in Sodium chloride 0.9% infusion elastomeric devices (VMP)
38002811000001103,Fluorouracil 5000mg/120ml in Sodium chloride 0.9% infusion elastomeric devices (VMP)
38004511000001106,Remsima 120mg/1ml solution for injection pre-filled syringes (Celltrion Healthcare UK Ltd) (AMP)
38004811000001109,Remsima 120mg/1ml solution for injection pre-filled pens (Celltrion Healthcare UK Ltd) (AMP)
38005111000001103,Fluorouracil 5650mg/200ml (2ml/hour) in Sodium chloride 0.9% infusion AutoFuser elastomeric devices (Special Order) (AMP)
38005411000001108,Fluorouracil 6400mg/200ml (2ml/hour) in Sodium chloride 0.9% infusion AutoFuser elastomeric devices (Special Order) (AMP)
38005711000001102,Fluorouracil 7250mg/200ml (2ml/hour) in Sodium chloride 0.9% infusion AutoFuser elastomeric devices (Special Order) (AMP)
38006011000001108,Fluorouracil 8200mg/200ml (2ml/hour) in Sodium chloride 0.9% infusion AutoFuser elastomeric devices (Special Order) (AMP)
38006211000001103,Fluorouracil 5650mg/200ml in Sodium chloride 0.9% infusion elastomeric devices (VMP)
38006311000001106,Fluorouracil 6400mg/200ml in Sodium chloride 0.9% infusion elastomeric devices (VMP)
38006411000001104,Fluorouracil 7250mg/200ml in Sodium chloride 0.9% infusion elastomeric devices (VMP)
38006511000001100,Fluorouracil 8200mg/200ml in Sodium chloride 0.9% infusion elastomeric devices (VMP)
38007711000001108,Ceritinib 150mg tablets (VMP)
3801811000001105,Ridaura Tiltab 3mg tablets (Astellas Pharma Ltd) (AMP)
38023511000001101,Fluorouracil 1350mg/105ml (0.5ml/hour) in Sodium chloride 0.9% infusion FOLFusor SV0.5 elastomeric devices (Special Order) (AMP)
38024711000001108,Fluorouracil 1650mg/105ml (0.5ml/hour) in Sodium chloride 0.9% infusion FOLFusor SV0.5 elastomeric devices (Special Order) (AMP)
38025011000001105,Fluorouracil 1800mg/105ml (0.5ml/hour) in Sodium chloride 0.9% infusion FOLFusor SV0.5 elastomeric devices (Special Order) (AMP)
38025311000001108,Fluorouracil 2000mg/105ml (0.5ml/hour) in Sodium chloride 0.9% infusion FOLFusor SV0.5 elastomeric devices (Special Order) (AMP)
38025611000001103,Fluorouracil 2250mg/105ml (0.5ml/hour) in Sodium chloride 0.9% infusion FOLFusor SV0.5 elastomeric devices (Special Order) (AMP)
38025911000001109,Fluorouracil 2500mg/105ml (0.5ml/hour) in Sodium chloride 0.9% infusion FOLFusor SV0.5 elastomeric devices (Special Order) (AMP)
38026211000001106,Fluorouracil 2800mg/105ml (0.5ml/hour) in Sodium chloride 0.9% infusion FOLFusor SV0.5 elastomeric devices (Special Order) (AMP)
38026511000001109,Fluorouracil 3150mg/105ml (0.5ml/hour) in Sodium chloride 0.9% infusion FOLFusor SV0.5 elastomeric devices (Special Order) (AMP)
38026811000001107,Fluorouracil 3500mg/105ml (0.5ml/hour) in Sodium chloride 0.9% infusion FOLFusor SV0.5 elastomeric devices (Special Order) (AMP)
38027111000001102,Fluorouracil 3950mg/105ml (0.5ml/hour) in Sodium chloride 0.9% infusion FOLFusor SV0.5 elastomeric devices (Special Order) (AMP)
38028011000001102,Fluorouracil 1350mg/105ml in Sodium chloride 0.9% infusion elastomeric devices (VMP)
38028111000001101,Fluorouracil 1650mg/105ml in Sodium chloride 0.9% infusion elastomeric devices (VMP)
38028211000001107,Fluorouracil 1800mg/105ml in Sodium chloride 0.9% infusion elastomeric devices (VMP)
38028311000001104,Fluorouracil 2000mg/105ml in Sodium chloride 0.9% infusion elastomeric devices (VMP)
38028411000001106,Fluorouracil 2250mg/105ml in Sodium chloride 0.9% infusion elastomeric devices (VMP)
38028511000001105,Fluorouracil 2500mg/105ml in Sodium chloride 0.9% infusion elastomeric devices (VMP)
38028611000001109,Fluorouracil 2800mg/105ml in Sodium chloride 0.9% infusion elastomeric devices (VMP)
38028711000001100,Fluorouracil 3150mg/105ml in Sodium chloride 0.9% infusion elastomeric devices (VMP)
38028811000001108,Fluorouracil 3500mg/105ml in Sodium chloride 0.9% infusion elastomeric devices (VMP)
38028911000001103,Fluorouracil 3950mg/105ml in Sodium chloride 0.9% infusion elastomeric devices (VMP)
38043011000001107,Fluorouracil 2000mg/130ml (2.5ml/hour) in Sodium chloride 0.9% infusion FOLFusor SV2.5 elastomeric devices (Special Order) (AMP)
38043711000001109,Fluorouracil 2250mg/130ml (2.5ml/hour) in Sodium chloride 0.9% infusion FOLFusor SV2.5 elastomeric devices (Special Order) (AMP)
38044711000001106,Fluorouracil 2500mg/130ml (2.5ml/hour) in Sodium chloride 0.9% infusion FOLFusor SV2.5 elastomeric devices (Special Order) (AMP)
38045711000001105,Fluorouracil 2800mg/130ml (2.5ml/hour) in Sodium chloride 0.9% infusion FOLFusor SV2.5 elastomeric devices (Special Order) (AMP)
38047211000001106,Fluorouracil 3150mg/130ml (2.5ml/hour) in Sodium chloride 0.9% infusion FOLFusor SV2.5 elastomeric devices (Special Order) (AMP)
38047511000001109,Fluorouracil 3500mg/130ml (2.5ml/hour) in Sodium chloride 0.9% infusion FOLFusor SV2.5 elastomeric devices (Special Order) (AMP)
38048111000001104,Fluorouracil 3950mg/130ml (2.5ml/hour) in Sodium chloride 0.9% infusion FOLFusor SV2.5 elastomeric devices (Special Order) (AMP)
38049311000001108,Fluorouracil 4450mg/130ml (2.5ml/hour) in Sodium chloride 0.9% infusion FOLFusor SV2.5 elastomeric devices (Special Order) (AMP)
38054011000001107,Fluorouracil 5000mg/130ml (2.5ml/hour) in Sodium chloride 0.9% infusion FOLFusor SV2.5 elastomeric devices (Special Order) (AMP)
38054311000001105,Fluorouracil 5650mg/130ml (2.5ml/hour) in Sodium chloride 0.9% infusion FOLFusor SV2.5 elastomeric devices (Special Order) (AMP)
38054811000001101,Fluorouracil 2800mg/300ml (5ml/hour) in Sodium chloride 0.9% infusion FOLFusor LV5 elastomeric devices (Special Order) (AMP)
38055111000001107,Fluorouracil 3150mg/300ml (5ml/hour) in Sodium chloride 0.9% infusion FOLFusor LV5 elastomeric devices (Special Order) (AMP)
38055411000001102,Fluorouracil 3500mg/300ml (5ml/hour) in Sodium chloride 0.9% infusion FOLFusor LV5 elastomeric devices (Special Order) (AMP)
38057811000001105,Fluorouracil 3950mg/300ml (5ml/hour) in Sodium chloride 0.9% infusion FOLFusor LV5 elastomeric devices (Special Order) (AMP)
38058111000001102,Fluorouracil 4450mg/300ml (5ml/hour) in Sodium chloride 0.9% infusion FOLFusor LV5 elastomeric devices (Special Order) (AMP)
38058811000001109,Fluorouracil 5000mg/300ml (5ml/hour) in Sodium chloride 0.9% infusion FOLFusor LV5 elastomeric devices (Special Order) (AMP)
38059111000001109,Fluorouracil 5650mg/300ml (5ml/hour) in Sodium chloride 0.9% infusion FOLFusor LV5 elastomeric devices (Special Order) (AMP)
38059411000001104,Fluorouracil 6400mg/300ml (5ml/hour) in Sodium chloride 0.9% infusion FOLFusor LV5 elastomeric devices (Special Order) (AMP)
38059711000001105,Fluorouracil 7250mg/300ml (5ml/hour) in Sodium chloride 0.9% infusion FOLFusor LV5 elastomeric devices (Special Order) (AMP)
38060211000001104,Erlotinib 25mg tablets (Zentiva Pharma UK Ltd) (AMP)
38064011000001102,Fluorouracil 2000mg/130ml in Sodium chloride 0.9% infusion elastomeric devices (VMP)
38064111000001101,Fluorouracil 2250mg/130ml in Sodium chloride 0.9% infusion elastomeric devices (VMP)
38064211000001107,Fluorouracil 2500mg/130ml in Sodium chloride 0.9% infusion elastomeric devices (VMP)
38064311000001104,Fluorouracil 2800mg/130ml in Sodium chloride 0.9% infusion elastomeric devices (VMP)
38064411000001106,Fluorouracil 2800mg/300ml in Sodium chloride 0.9% infusion elastomeric devices (VMP)
38064511000001105,Fluorouracil 3150mg/130ml in Sodium chloride 0.9% infusion elastomeric devices (VMP)
38064611000001109,Fluorouracil 3150mg/300ml in Sodium chloride 0.9% infusion elastomeric devices (VMP)
38064711000001100,Fluorouracil 3500mg/130ml in Sodium chloride 0.9% infusion elastomeric devices (VMP)
38064811000001108,Fluorouracil 3500mg/300ml in Sodium chloride 0.9% infusion elastomeric devices (VMP)
38064911000001103,Fluorouracil 3950mg/130ml in Sodium chloride 0.9% infusion elastomeric devices (VMP)
38065011000001103,Fluorouracil 3950mg/300ml in Sodium chloride 0.9% infusion elastomeric devices (VMP)
38065111000001102,Fluorouracil 4450mg/130ml in Sodium chloride 0.9% infusion elastomeric devices (VMP)
38065211000001108,Fluorouracil 4450mg/300ml in Sodium chloride 0.9% infusion elastomeric devices (VMP)
38065311000001100,Fluorouracil 5000mg/130ml in Sodium chloride 0.9% infusion elastomeric devices (VMP)
38065411000001107,Fluorouracil 5000mg/300ml in Sodium chloride 0.9% infusion elastomeric devices (VMP)
38065511000001106,Fluorouracil 5650mg/130ml in Sodium chloride 0.9% infusion elastomeric devices (VMP)
38065611000001105,Fluorouracil 5650mg/300ml in Sodium chloride 0.9% infusion elastomeric devices (VMP)
38065711000001101,Fluorouracil 6400mg/300ml in Sodium chloride 0.9% infusion elastomeric devices (VMP)
38065811000001109,Fluorouracil 7250mg/300ml in Sodium chloride 0.9% infusion elastomeric devices (VMP)
38066111000001108,Erlotinib 100mg tablets (Zentiva Pharma UK Ltd) (AMP)
38066311000001105,Erlotinib 150mg tablets (Zentiva Pharma UK Ltd) (AMP)
38082211000001100,Bortezomib 3.5mg powder for solution for injection vials (Viatris UK Healthcare Ltd) (AMP)
38094411000001109,Erlotinib 25mg tablets (Viatris UK Healthcare Ltd) (AMP)
38094711000001103,Erlotinib 100mg tablets (Viatris UK Healthcare Ltd) (AMP)
38094911000001101,Erlotinib 150mg tablets (Viatris UK Healthcare Ltd) (AMP)
38106911000001102,Cytarabine 20mg/1ml solution for injection pre-filled syringes (Special Order) (AMP)
38108911000001103,Cytarabine 20mg/1ml solution for injection pre-filled syringes (VMP)
3813911000001102,Leukeran 2mg tablets (Aspen Pharma Trading Ltd) (AMP)
38140311000001105,Imuran 50mg tablets (DE Pharmaceuticals) (AMP)
38150711000001106,Mercaptopurine 50mg tablets (DE Pharmaceuticals) (AMP)
38150911000001108,Metoject PEN 7.5mg/0.15ml solution for injection pre-filled pens (DE Pharmaceuticals) (AMP)
38151111000001104,Metoject PEN 10mg/0.2ml solution for injection pre-filled pens (DE Pharmaceuticals) (AMP)
38151311000001102,Metoject PEN 12.5mg/0.25ml solution for injection pre-filled pens (DE Pharmaceuticals) (AMP)
38151511000001108,Metoject PEN 15mg/0.3ml solution for injection pre-filled pens (DE Pharmaceuticals) (AMP)
38153711000001102,Oxaliplatin 100mg/20ml concentrate for solution for infusion vials (Seacross Pharmaceuticals Ltd) (AMP)
38160011000001100,Oxaliplatin 50mg/10ml concentrate for solution for infusion vials (Seacross Pharmaceuticals Ltd) (AMP)
38176011000001109,Xagrid 500microgram capsules (DE Pharmaceuticals) (AMP)
38178211000001103,Erlotinib 25mg tablets (Sandoz Ltd) (AMP)
38178411000001104,Erlotinib 100mg tablets (Sandoz Ltd) (AMP)
38178611000001101,Erlotinib 150mg tablets (Sandoz Ltd) (AMP)
38196011000001104,Infliximab 120mg/1ml solution for injection pre-filled disposable devices (VMP)
38196111000001103,Infliximab 120mg/1ml solution for injection pre-filled syringes (VMP)
38231011000001102,Fluorouracil 10mg/0.2ml solution for injection pre-filled syringes (Special Order) (AMP)
38234711000001102,Fluorouracil 10mg/0.2ml solution for injection pre-filled syringes (VMP)
38237411000001103,Azacitidine 100mg powder for suspension for injection vials (Accord-UK Ltd) (AMP)
38237611000001100,Arsenic 10mg/10ml concentrate for solution for infusion vials (Accord-UK Ltd) (AMP)
38239611000001105,Erlotinib 100mg tablets (Teva UK Ltd) (AMP)
38239811000001109,Erlotinib 150mg tablets (Teva UK Ltd) (AMP)
38242211000001104,Trecondi 1g powder for solution for infusion (medac UK) (AMP)
38242411000001100,Trecondi 5g powder for solution for infusion (medac UK) (AMP)
38251511000001106,Bortezomib 3.5mg powder for solution for injection vials (Accord-UK Ltd) (AMP)
38289211000001104,Entyvio 108mg/0.68ml solution for injection pre-filled syringes (Takeda UK Ltd) (AMP)
38289811000001103,Entyvio 108mg/0.68ml solution for injection pre-filled pens (Takeda UK Ltd) (AMP)
38301811000001108,Azacitidine 100mg powder for suspension for injection vials (Zentiva Pharma UK Ltd) (AMP)
3832911000001101,Puri-Nethol 50mg tablets (Aspen Pharma Trading Ltd) (AMP)
38362011000001109,Vedolizumab 108mg/0.68ml solution for injection pre-filled disposable devices (VMP)
38362211000001104,Vedolizumab 108mg/0.68ml solution for injection pre-filled syringes (VMP)
38364311000001100,Idacio 40mg/0.8ml solution for injection pre-filled syringes (Fresenius Kabi Ltd) (AMP)
38366311000001106,Idacio 40mg/0.8ml solution for injection vials (Fresenius Kabi Ltd) (AMP)
38367611000001104,Idacio 40mg/0.8ml solution for injection pre-filled pens (Fresenius Kabi Ltd) (AMP)
383711000001107,Methotrexate 2.5mg tablets (Pfizer Ltd) (AMP)
38371911000001107,Cyramza 500mg/50ml concentrate for solution for infusion vials (Originalis B.V.) (AMP)
38372611000001107,Gazyvaro 1000mg/40ml concentrate for solution for infusion vials (Originalis B.V.) (AMP)
38372811000001106,Iressa 250mg tablets (Originalis B.V.) (AMP)
38373411000001100,Kadcyla 100mg powder for concentrate for solution for infusion vials (Originalis B.V.) (AMP)
38373611000001102,Kadcyla 160mg powder for concentrate for solution for infusion vials (Originalis B.V.) (AMP)
38373811000001103,Mekinist 0.5mg tablets (Originalis B.V.) (AMP)
38374011000001106,Zejula 100mg capsules (Originalis B.V.) (AMP)
38375311000001108,JEVTANA 60mg/1.5ml concentrate and solvent for solution for infusion vials (Originalis B.V.) (AMP)
38375511000001102,Kisqali 200mg tablets (Originalis B.V.) (AMP)
38383211000001107,Erlotinib 25mg tablets (Accord-UK Ltd) (AMP)
38384211000001105,Erlotinib 100mg tablets (Accord-UK Ltd) (AMP)
38384411000001109,Erlotinib 150mg tablets (Accord-UK Ltd) (AMP)
38484211000001104,Zirabev 100mg/4ml solution for infusion vials (Pfizer Ltd) (AMP)
38485411000001104,Zirabev 400mg/16ml solution for infusion vials (Pfizer Ltd) (AMP)
38498711000001102,Azacitidine 100mg powder for suspension for injection vials (Seacross Pharmaceuticals Ltd) (AMP)
38517411000001103,Bortezomib 3.5mg powder for solution for injection vials (Zentiva Pharma UK Ltd) (AMP)
38523011000001107,Mycophenolate mofetil 250mg capsules (Tillomed Laboratories Ltd) (AMP)
38562011000001106,Erlotinib 150mg tablets (A A H Pharmaceuticals Ltd) (AMP)
38588911000001105,Ruxience 500mg/50ml concentrate for solution for infusion vials (Pfizer Ltd) (AMP)
38591311000001103,Trisenox 12mg/6ml concentrate for solution for infusion vials (Teva UK Ltd) (AMP)
38591611000001108,Arsenic 12mg/6ml solution for infusion vials (VMP)
38591811000001107,Ruxience 100mg/10ml concentrate for solution for infusion vials (Pfizer Ltd) (AMP)
38662811000001108,Mitomycin 40mg powder for solution for injection vials (Accord-UK Ltd) (AMP)
38688311000001104,Azacitidine 100mg powder for suspension for injection vials (Viatris UK Healthcare Ltd) (AMP)
38696611000001107,Mitomycin 40mg powder for solution for injection vials (VMP)
38699811000001100,Darzalex 1800mg/15ml solution for injection vials (Janssen-Cilag Ltd) (AMP)
38703211000001107,Daratumumab 1.8g/15ml solution for injection vials (VMP)
38706111000001106,Arsenic 10mg/10ml concentrate for solution for infusion ampoules (Thornton & Ross Ltd) (AMP)
38707611000001101,Erlotinib 25mg tablets (Teva UK Ltd) (AMP)
38740411000001108,Arsenic 10mg/10ml solution for infusion ampoules (A A H Pharmaceuticals Ltd) (AMP)
38785911000001103,Arsenic 10mg/10ml concentrate for solution for infusion vials (Viatris UK Healthcare Ltd) (AMP)
38788911000001109,Anagrelide 500microgram capsules (Medihealth (Northern) Ltd) (AMP)
38801911000001101,Azathioprine 25mg tablets (Medihealth (Northern) Ltd) (AMP)
38802211000001103,Azathioprine 50mg tablets (Medihealth (Northern) Ltd) (AMP)
38827311000001104,Rozlytrek 100mg capsules (Roche Products Ltd) (AMP)
38827511000001105,Rozlytrek 200mg capsules (Roche Products Ltd) (AMP)
38903611000001104,Entrectinib 100mg capsules (VMP)
38903711000001108,Entrectinib 200mg capsules (VMP)
38961711000001108,Penicillamine 250mg tablets (Imported) (AMP)
38993611000001102,Calquence 100mg capsules (Imported (United States)) (AMP)
39002511000001104,Acalabrutinib 100mg capsules (VMP)
39012111000001106,Leflunomide 10mg tablets (Medihealth (Northern) Ltd) (AMP)
39012311000001108,Leflunomide 20mg tablets (Medihealth (Northern) Ltd) (AMP)
39013811000001107,Aybintio 100mg/4ml solution for infusion vials (Organon Pharma (UK) Ltd) (AMP)
39015011000001100,Aybintio 400mg/16ml solution for infusion vials (Organon Pharma (UK) Ltd) (AMP)
39041011000001109,Methotrexate 2.5mg tablets (Medihealth (Northern) Ltd) (AMP)
39051911000001106,Mycophenolate mofetil 250mg capsules (Medihealth (Northern) Ltd) (AMP)
39056911000001101,Zercepac 150mg powder for concentrate for solution for infusion vials (Accord-UK Ltd) (AMP)
39087411000001101,Erlotinib 25mg tablets (A A H Pharmaceuticals Ltd) (AMP)
39088211000001101,Erlotinib 100mg tablets (A A H Pharmaceuticals Ltd) (AMP)
39094011000001103,Mercaptopurine 50mg tablets (Pilsco Ltd) (AMP)
39119811000001101,Mitomycin 5mg powder for solution for injection vials (Imported (United States)) (AMP)
39126611000001104,Mitomycin 5mg powder for solution for injection vials (VMP)
39155211000001106,Calquence 100mg capsules (AstraZeneca UK Ltd) (AMP)
39165611000001102,Benlysta 200mg/1ml solution for injection pre-filled pens (GlaxoSmithKline UK Ltd) (AMP)
39176811000001101,Belimumab 200mg/1ml solution for injection pre-filled disposable devices (VMP)
39209311000001106,Cytarabine 100mg/5ml solution for injection vials (Accord-UK Ltd) (AMP)
39225811000001106,Cabometyx 40mg tablets (Originalis B.V.) (AMP)
39226811000001103,Afinitor 10mg tablets (Originalis B.V.) (AMP)
39227011000001107,Afinitor 5mg tablets (Originalis B.V.) (AMP)
39227211000001102,Braftovi 75mg capsules (Originalis B.V.) (AMP)
39227511000001104,Cabometyx 20mg tablets (Originalis B.V.) (AMP)
39234211000001107,Cabometyx 60mg tablets (Originalis B.V.) (AMP)
39234411000001106,Caelyx pegylated liposomal 20mg/10ml concentrate for solution for infusion vials (Originalis B.V.) (AMP)
39234611000001109,Cyramza 100mg/10ml concentrate for solution for infusion vials (Originalis B.V.) (AMP)
39234811000001108,Entyvio 300mg powder for concentrate for solution for infusion vials (Originalis B.V.) (AMP)
39235011000001103,Imnovid 2mg capsules (Originalis B.V.) (AMP)
39235211000001108,Imnovid 3mg capsules (Originalis B.V.) (AMP)
39235511000001106,Vitrakvi 25mg capsules (Bayer Plc) (AMP)
39235811000001109,Vitrakvi 100mg capsules (Bayer Plc) (AMP)
39240111000001109,Inlyta 5mg tablets (Originalis B.V.) (AMP)
39240311000001106,Kyprolis 60mg powder for solution for infusion vials (Originalis B.V.) (AMP)
39240511000001100,Lynparza 100mg tablets (Originalis B.V.) (AMP)
39240711000001105,Lynparza 150mg tablets (Originalis B.V.) (AMP)
39242211000001102,Mercaptopurine 50mg tablets (Medihealth (Northern) Ltd) (AMP)
39244611000001108,Mektovi 15mg tablets (Originalis B.V.) (AMP)
39245311000001104,Nexavar 200mg tablets (Originalis B.V.) (AMP)
39246311000001109,Opdivo 240mg/24ml concentrate for solution for infusion vials (Originalis B.V.) (AMP)
39246511000001103,Opdivo 40mg/4ml concentrate for solution for infusion vials (Originalis B.V.) (AMP)
39246711000001108,Remicade 100mg powder for concentrate for solution for infusion vials (Originalis B.V.) (AMP)
39254811000001109,Tagrisso 40mg tablets (Originalis B.V.) (AMP)
39255011000001104,Tagrisso 80mg tablets (Originalis B.V.) (AMP)
39255211000001109,Tecentriq 1200mg/20ml concentrate for solution for infusion vials (Originalis B.V.) (AMP)
39255411000001108,Tecentriq 840mg/14ml concentrate for solution for infusion vials (Originalis B.V.) (AMP)
39255611000001106,Verzenios 100mg tablets (Originalis B.V.) (AMP)
39255811000001105,Verzenios 150mg tablets (Originalis B.V.) (AMP)
39271911000001104,Ibrance 100mg tablets (Pfizer Ltd) (AMP)
39274011000001100,Ibrance 125mg tablets (Pfizer Ltd) (AMP)
39275111000001100,Ibrance 75mg tablets (Pfizer Ltd) (AMP)
3929011000001103,Myleran 2mg tablets (Aspen Pharma Trading Ltd) (AMP)
39291611000001100,Verzenios 50mg tablets (Originalis B.V.) (AMP)
39291911000001106,Xalkori 200mg capsules (Originalis B.V.) (AMP)
39292111000001103,Xalkori 250mg capsules (Originalis B.V.) (AMP)
39292611000001106,Irinotecan 270mg/180ml infusion bags (Sun Pharma UK Ltd) (AMP)
39293111000001109,Irinotecan 300mg/200ml infusion bags (Sun Pharma UK Ltd) (AMP)
39293611000001101,Irinotecan 330mg/220ml infusion bags (Sun Pharma UK Ltd) (AMP)
39293911000001107,Irinotecan 360mg/240ml infusion bags (Sun Pharma UK Ltd) (AMP)
39295711000001106,Irinotecan 270mg/180ml infusion bags (VMP)
39295811000001103,Irinotecan 300mg/200ml infusion bags (VMP)
39295911000001108,Irinotecan 330mg/220ml infusion bags (VMP)
39296011000001100,Irinotecan 360mg/240ml infusion bags (VMP)
39323811000001102,Cosentyx 300mg/2ml solution for injection pre-filled pens (Novartis Pharmaceuticals UK Ltd) (AMP)
39339811000001102,Pazenir 100mg powder for dispersion for infusion vials (Teva UK Ltd) (AMP)
39343711000001108,Palbociclib 100mg tablets (VMP)
39343811000001100,Palbociclib 125mg tablets (VMP)
39343911000001105,Palbociclib 75mg tablets (VMP)
39345111000001108,Imatinib 80mg/ml oral solution sugar free (Rosemont Pharmaceuticals Ltd) (AMP)
39363111000001102,Paclitaxel albumin 100mg powder for dispersion for infusion vials (VMP)
39389711000001100,Larotrectinib 100mg capsules (VMP)
39389911000001103,Larotrectinib 25mg capsules (VMP)
39405111000001108,Tepadina 400mg powder and 400ml solvent infusion bags (Adienne Pharma & Biotech) (AMP)
39405611000001100,Imatinib 80mg/ml oral solution sugar free (VMP)
39416811000001106,Thalidomide 50mg capsules (Accord-UK Ltd) (AMP)
39420611000001100,Retsevmo 40mg capsules (Eli Lilly and Company Ltd) (AMP)
39420911000001106,Retsevmo 80mg capsules (Eli Lilly and Company Ltd) (AMP)
39469411000001101,Pemetrexed 100mg/4ml concentrate for solution for infusion vials (Viatris UK Healthcare Ltd) (AMP)
39469611000001103,Pemetrexed 500mg/20ml concentrate for solution for infusion vials (Viatris UK Healthcare Ltd) (AMP)
39476411000001102,Everolimus 5mg tablets (Dr Reddy's Laboratories (UK) Ltd) (AMP)
39476611000001104,Everolimus 10mg tablets (Dr Reddy's Laboratories (UK) Ltd) (AMP)
39483211000001100,Cabazitaxel 60mg/3ml concentrate for solution for infusion vials (Accord-UK Ltd) (AMP)
39484411000001103,Everolimus 2.5mg tablets (Dr Reddy's Laboratories (UK) Ltd) (AMP)
39487711000001102,Cabazitaxel 60mg/1.5ml concentrate and solvent for solution for infusion vials (Dr Reddy's Laboratories (UK) Ltd) (AMP)
39488011000001103,Cabazitaxel 60mg/3ml solution for infusion vials (VMP)
39495711000001107,Selpercatinib 40mg capsules (VMP)
39495811000001104,Selpercatinib 80mg capsules (VMP)
39496011000001101,Thiotepa 400mg powder and 400ml solvent infusion bags (VMP)
39508111000001109,Leflunomide 10mg tablets (Tillomed Laboratories Ltd) (AMP)
39508511000001100,Leflunomide 20mg tablets (Tillomed Laboratories Ltd) (AMP)
39524011000001107,Secukinumab 300mg/2ml solution for injection pre-filled disposable devices (VMP)
39536911000001100,Azacitidine 100mg powder for suspension for injection vials (Dr Reddy's Laboratories (UK) Ltd) (AMP)
39566411000001104,Pemetrexed 1g/40ml concentrate for solution for infusion vials (Genus Pharmaceuticals Ltd) (AMP)
39566611000001101,Pemetrexed 100mg/4ml concentrate for solution for infusion vials (Genus Pharmaceuticals Ltd) (AMP)
39566811000001102,Pemetrexed 500mg/20ml concentrate for solution for infusion vials (Genus Pharmaceuticals Ltd) (AMP)
39571511000001100,Irinotecan 100mg/5ml concentrate for solution for infusion vials (Hikma Pharmaceuticals International Ltd) (AMP)
39571711000001105,Irinotecan 300mg/15ml concentrate for solution for infusion vials (Hikma Pharmaceuticals International Ltd) (AMP)
39571911000001107,Irinotecan 40mg/2ml concentrate for solution for infusion vials (Hikma Pharmaceuticals International Ltd) (AMP)
39583711000001100,Yuflyma 40mg/0.4ml solution for injection pre-filled pens (Celltrion Healthcare UK Ltd) (AMP)
39583911000001103,Yuflyma 40mg/0.4ml solution for injection pre-filled syringes (Celltrion Healthcare UK Ltd) (AMP)
39608111000001100,Kesimpta Sensoready 20mg/0.4ml solution for injection pre-filled pens (Novartis Pharmaceuticals UK Ltd) (AMP)
39614111000001108,Alymsys 100mg/4ml concentrate for solution for infusion vials (Zentiva Pharma UK Ltd) (AMP)
39614311000001105,Alymsys 400mg/16ml concentrate for solution for infusion vials (Zentiva Pharma UK Ltd) (AMP)
39650511000001100,Pemetrexed 100mg/4ml concentrate for solution for infusion vials (Zentiva Pharma UK Ltd) (AMP)
39650711000001105,Pemetrexed 500mg/20ml concentrate for solution for infusion vials (Zentiva Pharma UK Ltd) (AMP)
39651011000001104,Tysabri 150mg/1ml solution for injection pre-filled syringes (Biogen Idec Ltd) (AMP)
3965111000001108,Estracyt 140mg capsules (Pfizer Ltd) (AMP)
39651611000001106,Pemetrexed 100mg/4ml concentrate for solution for infusion vials (Aspire Pharma Ltd) (AMP)
39651811000001105,Pemetrexed 1g/40ml concentrate for solution for infusion vials (Aspire Pharma Ltd) (AMP)
39652011000001107,Pemetrexed 500mg/20ml concentrate for solution for infusion vials (Aspire Pharma Ltd) (AMP)
39675611000001106,Azacitidine 100mg powder for suspension for injection vials (Sandoz Ltd) (AMP)
39694111000001109,Aldesleukin 18million unit powder for solution for injection vials (VMP)
39695811000001101,Imatinib 100mg capsules (VMP)
39695911000001106,Imatinib 400mg capsules (VMP)
39696011000001103,Imatinib 100mg tablets (VMP)
39696111000001102,Imatinib 400mg tablets (VMP)
39697211000001105,Lapatinib 250mg tablets (VMP)
39702011000001109,Pazopanib 200mg tablets (VMP)
39702111000001105,Pazopanib 400mg tablets (VMP)
39703411000001109,Ruxolitinib 10mg tablets (VMP)
39703511000001108,Ruxolitinib 5mg tablets (VMP)
39705611000001106,Topotecan 1mg capsules (VMP)
39705711000001102,Topotecan 250microgram capsules (VMP)
39711311000001101,Antithymocyte immunoglobulin (equine) 100mg/5ml solution for infusion vials (VMP)
39726011000001101,Afatinib 20mg tablets (VMP)
39726211000001106,Afatinib 30mg tablets (VMP)
39727811000001109,Afatinib 40mg tablets (VMP)
39732811000001108,Anagrelide 500microgram capsules (VMP)
39732911000001103,"Crisantaspase 10,000unit powder for solution for injection vials (VMP)"
39734111000001109,Bosutinib 100mg tablets (VMP)
39734211000001103,Bosutinib 500mg tablets (VMP)
39735511000001104,Ofatumumab 20mg/0.4ml solution for injection pre-filled disposable devices (VMP)
39757211000001109,Pemetrexed 100mg powder for concentrate for solution for infusion vials (Sun Pharma UK Ltd) (AMP)
39757611000001106,Pemetrexed 500mg powder for concentrate for solution for infusion vials (Sun Pharma UK Ltd) (AMP)
39759511000001100,Pemetrexed 1g powder for concentrate for solution for infusion vials (Sun Pharma UK Ltd) (AMP)
39795811000001107,Pemetrexed 500mg/20ml concentrate for solution for infusion vials (Sandoz Ltd) (AMP)
39796311000001108,Pemetrexed 100mg/4ml concentrate for solution for infusion vials (Sandoz Ltd) (AMP)
39802011000001106,Sorafenib 200mg tablets (Zentiva Pharma UK Ltd) (AMP)
39807911000001107,Cabazitaxel 45mg/4.5ml concentrate for solution for infusion vials (Kent Pharma (UK) Ltd) (AMP)
39808211000001104,Cabazitaxel 50mg/5ml concentrate for solution for infusion vials (Kent Pharma (UK) Ltd) (AMP)
39808511000001101,Cabazitaxel 60mg/6ml concentrate for solution for infusion vials (Kent Pharma (UK) Ltd) (AMP)
39818311000001105,Cabazitaxel 45mg/4.5ml solution for infusion vials (VMP)
39818411000001103,Cabazitaxel 50mg/5ml solution for infusion vials (VMP)
39818511000001104,Cabazitaxel 60mg/6ml solution for infusion vials (VMP)
39819411000001106,Natalizumab 150mg/1ml solution for injection pre-filled syringes (VMP)
39819511000001105,Pemetrexed 1g powder for solution for infusion vials (VMP)
39835511000001101,Ifosfamide 1g powder for concentrate for solution for injection vials (CST Pharma Ltd) (AMP)
39835911000001108,Ifosfamide 2g powder for concentrate for solution for injection vials (CST Pharma Ltd) (AMP)
39837711000001100,Azathioprine 25mg tablets (Healthcare Pharma Ltd) (AMP)
39838011000001101,Azathioprine 50mg tablets (Healthcare Pharma Ltd) (AMP)
39839111000001107,Oyavas 400mg/16ml concentrate for solution for infusion vials (Thornton & Ross Ltd) (AMP)
39839311000001109,Oyavas 100mg/4ml concentrate for solution for infusion vials (Thornton & Ross Ltd) (AMP)
39839911000001105,Pemetrexed 100mg/4ml concentrate for solution for infusion vials (Accord-UK Ltd) (AMP)
39840111000001103,Pemetrexed 500mg/20ml concentrate for solution for infusion vials (Accord-UK Ltd) (AMP)
39840311000001101,Pemetrexed 1g/40ml concentrate for solution for infusion vials (Accord-UK Ltd) (AMP)
39840611000001106,Pemetrexed 850mg/34ml concentrate for solution for infusion vials (Accord-UK Ltd) (AMP)
39848311000001104,Pemetrexed 850mg/34ml solution for infusion vials (VMP)
39855711000001105,Hydroxycarbamide 500mg capsules (Medihealth (Northern) Ltd) (AMP)
39876411000001106,Methotrexate 10mg tablets (Medihealth (Northern) Ltd) (AMP)
39883411000001107,Mycophenolate mofetil 500mg tablets (Medihealth (Northern) Ltd) (AMP)
39887311000001107,Penicillamine 125mg tablets (Medihealth (Northern) Ltd) (AMP)
39887511000001101,Penicillamine 250mg tablets (Medihealth (Northern) Ltd) (AMP)
39947811000001102,Arsenic 20mg/20ml concentrate for solution for infusion vials (Flexipharm Austrading Ltd) (AMP)
39950711000001106,Docetaxel 34mg/50ml in Sodium chloride 0.9% infusion bags (Special Order) (AMP)
39951011000001100,Docetaxel 36mg/100ml in Sodium chloride 0.9% infusion bags (Special Order) (AMP)
39951311000001102,Docetaxel 40mg/100ml in Sodium chloride 0.9% infusion bags (Special Order) (AMP)
39951611000001107,Docetaxel 44mg/100ml in Sodium chloride 0.9% infusion bags (Special Order) (AMP)
39951911000001101,Docetaxel 48mg/100ml in Sodium chloride 0.9% infusion bags (Special Order) (AMP)
39952211000001103,Docetaxel 52mg/100ml in Sodium chloride 0.9% infusion bags (Special Order) (AMP)
39952411000001104,Docetaxel 34mg/50ml in Sodium chloride 0.9% infusion bags (VMP)
39952511000001100,Docetaxel 36mg/100ml in Sodium chloride 0.9% infusion bags (VMP)
39952611000001101,Docetaxel 40mg/100ml in Sodium chloride 0.9% infusion bags (VMP)
39952711000001105,Docetaxel 44mg/100ml in Sodium chloride 0.9% infusion bags (VMP)
39952811000001102,Docetaxel 48mg/100ml in Sodium chloride 0.9% infusion bags (VMP)
39952911000001107,Docetaxel 52mg/100ml in Sodium chloride 0.9% infusion bags (VMP)
39953111000001103,Docetaxel 56mg/100ml in Sodium chloride 0.9% infusion bags (Special Order) (AMP)
39953311000001101,Docetaxel 56mg/100ml in Sodium chloride 0.9% infusion bags (VMP)
39953511000001107,Docetaxel 60mg/100ml in Sodium chloride 0.9% infusion bags (Special Order) (AMP)
39953711000001102,Docetaxel 60mg/100ml in Sodium chloride 0.9% infusion bags (VMP)
39953911000001100,Docetaxel 64mg/100ml in Sodium chloride 0.9% infusion bags (Special Order) (AMP)
39954111000001101,Docetaxel 64mg/100ml in Sodium chloride 0.9% infusion bags (VMP)
39954311000001104,Docetaxel 68mg/100ml in Sodium chloride 0.9% infusion bags (Special Order) (AMP)
39954511000001105,Docetaxel 68mg/100ml in Sodium chloride 0.9% infusion bags (VMP)
39954711000001100,Docetaxel 72mg/250ml in Sodium chloride 0.9% infusion bags (Special Order) (AMP)
39954911000001103,Docetaxel 72mg/250ml in Sodium chloride 0.9% infusion bags (VMP)
39955111000001102,Docetaxel 80mg/250ml in Sodium chloride 0.9% infusion bags (Special Order) (AMP)
39955311000001100,Docetaxel 80mg/250ml in Sodium chloride 0.9% infusion bags (VMP)
39955511000001106,Docetaxel 88mg/250ml in Sodium chloride 0.9% infusion bags (Special Order) (AMP)
39955711000001101,Docetaxel 88mg/250ml in Sodium chloride 0.9% infusion bags (VMP)
39955911000001104,Docetaxel 96mg/250ml in Sodium chloride 0.9% infusion bags (Special Order) (AMP)
39956111000001108,Docetaxel 96mg/250ml in Sodium chloride 0.9% infusion bags (VMP)
39956311000001105,Docetaxel 164mg/500ml in Sodium chloride 0.9% infusion bags (Special Order) (AMP)
39956511000001104,Docetaxel 164mg/500ml in Sodium chloride 0.9% infusion bags (VMP)
39956711000001109,Docetaxel 180mg/500ml in Sodium chloride 0.9% infusion bags (Special Order) (AMP)
39956911000001106,Docetaxel 180mg/500ml in Sodium chloride 0.9% infusion bags (VMP)
39957111000001106,Docetaxel 220mg/500ml in Sodium chloride 0.9% infusion bags (Special Order) (AMP)
39957311000001108,Docetaxel 220mg/500ml in Sodium chloride 0.9% infusion bags (VMP)
39957511000001102,Docetaxel 240mg/500ml in Sodium chloride 0.9% infusion bags (Special Order) (AMP)
39957711000001107,Docetaxel 240mg/500ml in Sodium chloride 0.9% infusion bags (VMP)
39957911000001109,Docetaxel 260mg/500ml in Sodium chloride 0.9% infusion bags (Special Order) (AMP)
39958111000001107,Docetaxel 260mg/500ml in Sodium chloride 0.9% infusion bags (VMP)
39958311000001109,Docetaxel 280mg/500ml in Sodium chloride 0.9% infusion bags (Special Order) (AMP)
39958511000001103,Docetaxel 280mg/500ml in Sodium chloride 0.9% infusion bags (VMP)
39958711000001108,Docetaxel 300mg/500ml in Sodium chloride 0.9% infusion bags (Special Order) (AMP)
39958911000001105,Docetaxel 300mg/500ml in Sodium chloride 0.9% infusion bags (VMP)
39964511000001104,Arsenic 20mg/20ml solution for infusion vials (VMP)
39994611000001102,Carboplatin 66mg/250ml in Glucose 5% infusion bags (VMP)
39994811000001103,Carboplatin 66mg/250ml in Glucose 5% infusion bags (Special Order) (AMP)
39995111000001109,Carboplatin 74mg/250ml in Glucose 5% infusion bags (Special Order) (AMP)
39995311000001106,Carboplatin 74mg/250ml in Glucose 5% infusion bags (VMP)
39995511000001100,Carboplatin 82mg/250ml in Glucose 5% infusion bags (Special Order) (AMP)
39995711000001105,Carboplatin 82mg/250ml in Glucose 5% infusion bags (VMP)
39995911000001107,Carboplatin 90mg/250ml in Glucose 5% infusion bags (Special Order) (AMP)
39996111000001103,Carboplatin 90mg/250ml in Glucose 5% infusion bags (VMP)
39996311000001101,Carboplatin 100mg/250ml in Glucose 5% infusion bags (Special Order) (AMP)
39996511000001107,Carboplatin 100mg/250ml in Glucose 5% infusion bags (VMP)
39996711000001102,Carboplatin 110mg/250ml in Glucose 5% infusion bags (Special Order) (AMP)
39996911000001100,Carboplatin 110mg/250ml in Glucose 5% infusion bags (VMP)
39997911000001102,Carboplatin 120mg/500ml in Glucose 5% infusion bags (Special Order) (AMP)
39998111000001104,Carboplatin 120mg/500ml in Glucose 5% infusion bags (VMP)
39998411000001109,Carboplatin 130mg/500ml in Glucose 5% infusion bags (Special Order) (AMP)
39998711000001103,Carboplatin 130mg/500ml in Glucose 5% infusion bags (VMP)
39999211000001100,Carboplatin 140mg/500ml in Glucose 5% infusion bags (Special Order) (AMP)
39999411000001101,Carboplatin 140mg/500ml in Glucose 5% infusion bags (VMP)
39999811000001104,Carboplatin 150mg/500ml in Glucose 5% infusion bags (Special Order) (AMP)
40000111000001107,Carboplatin 150mg/500ml in Glucose 5% infusion bags (VMP)
40000611000001104,Carboplatin 160mg/500ml in Glucose 5% infusion bags (Special Order) (AMP)
40000911000001105,Carboplatin 160mg/500ml in Glucose 5% infusion bags (VMP)
40001111000001101,Carboplatin 180mg/500ml in Glucose 5% infusion bags (Special Order) (AMP)
40001311000001104,Carboplatin 180mg/500ml in Glucose 5% infusion bags (VMP)
40001511000001105,Carboplatin 200mg/500ml in Glucose 5% infusion bags (Special Order) (AMP)
40001711000001100,Carboplatin 200mg/500ml in Glucose 5% infusion bags (VMP)
40001911000001103,Carboplatin 220mg/500ml in Glucose 5% infusion bags (Special Order) (AMP)
40002111000001106,Carboplatin 220mg/500ml in Glucose 5% infusion bags (VMP)
40002311000001108,Carboplatin 240mg/500ml in Glucose 5% infusion bags (Special Order) (AMP)
40002511000001102,Carboplatin 240mg/500ml in Glucose 5% infusion bags (VMP)
40002711000001107,Carboplatin 890mg/500ml in Glucose 5% infusion bags (Special Order) (AMP)
40002911000001109,Carboplatin 890mg/500ml in Glucose 5% infusion bags (VMP)
40003111000001100,Carboplatin 1000mg/500ml in Glucose 5% infusion bags (Special Order) (AMP)
40003311000001103,Carboplatin 1000mg/500ml in Glucose 5% infusion bags (VMP)
40003511000001109,Carboplatin 1130mg/500ml in Glucose 5% infusion bags (Special Order) (AMP)
40003711000001104,Carboplatin 1130mg/500ml in Glucose 5% infusion bags (VMP)
40003911000001102,Carboplatin 1280mg/500ml in Glucose 5% infusion bags (Special Order) (AMP)
40004111000001103,Carboplatin 1280mg/500ml in Glucose 5% infusion bags (VMP)
40004311000001101,Carboplatin 1450mg/500ml in Glucose 5% infusion bags (Special Order) (AMP)
40004511000001107,Carboplatin 1450mg/500ml in Glucose 5% infusion bags (VMP)
40004711000001102,Carboplatin 1640mg/500ml in Glucose 5% infusion bags (Special Order) (AMP)
40004911000001100,Carboplatin 1640mg/500ml in Glucose 5% infusion bags (VMP)
40005111000001104,Carboplatin 1850mg/1000ml in Glucose 5% infusion bags (Special Order) (AMP)
40005311000001102,Carboplatin 1850mg/1000ml in Glucose 5% infusion bags (VMP)
40005511000001108,Carboplatin 2090mg/1000ml in Glucose 5% infusion bags (Special Order) (AMP)
40005711000001103,Carboplatin 2090mg/1000ml in Glucose 5% infusion bags (VMP)
40035111000001109,Pemetrexed 1g powder for concentrate for solution for infusion vials (Dr Reddy's Laboratories (UK) Ltd) (AMP)
40035311000001106,Cabazitaxel 60mg/3ml concentrate for solution for infusion vials (Zentiva Pharma UK Ltd) (AMP)
40051711000001107,Bortezomib 3.5mg powder for solution for injection vials (Viatris UK Healthcare Ltd) (AMP)
40067311000001109,Docetaxel 180mg/250ml in Sodium chloride 0.9% infusion bags (Special Order) (AMP)
40069811000001108,Paclitaxel 36mg/50ml in Sodium chloride 0.9% infusion bags (Special Order) (AMP)
40070111000001103,Paclitaxel 36mg/50ml in Sodium chloride 0.9% infusion bags (VMP)
40070911000001100,Paclitaxel 28.8mg/50ml in Sodium chloride 0.9% infusion bags (Special Order) (AMP)
40071311000001106,Paclitaxel 28.8mg/50ml in Sodium chloride 0.9% infusion bags (VMP)
40071911000001107,Paclitaxel 32.4mg/50ml in Sodium chloride 0.9% infusion bags (Special Order) (AMP)
40072111000001104,Paclitaxel 32.4mg/50ml in Sodium chloride 0.9% infusion bags (VMP)
40072811000001106,Paclitaxel 39.6mg/100ml in Sodium chloride 0.9% infusion bags (Special Order) (AMP)
40073011000001109,Paclitaxel 39.6mg/100ml in Sodium chloride 0.9% infusion bags (VMP)
40073211000001104,Paclitaxel 44.4mg/100ml in Sodium chloride 0.9% infusion bags (Special Order) (AMP)
40073411000001100,Paclitaxel 44.4mg/100ml in Sodium chloride 0.9% infusion bags (VMP)
40073611000001102,Paclitaxel 49.2mg/100ml in Sodium chloride 0.9% infusion bags (Special Order) (AMP)
40073811000001103,Paclitaxel 49.2mg/100ml in Sodium chloride 0.9% infusion bags (VMP)
40074311000001109,Paclitaxel 54mg/100ml in Sodium chloride 0.9% infusion bags (Special Order) (AMP)
40074511000001103,Paclitaxel 54mg/100ml in Sodium chloride 0.9% infusion bags (VMP)
40074811000001100,Paclitaxel 60mg/100ml in Sodium chloride 0.9% infusion bags (Special Order) (AMP)
40075111000001106,Paclitaxel 60mg/100ml in Sodium chloride 0.9% infusion bags (VMP)
40075311000001108,Paclitaxel 66mg/100ml in Sodium chloride 0.9% infusion bags (Special Order) (AMP)
40075511000001102,Paclitaxel 66mg/100ml in Sodium chloride 0.9% infusion bags (VMP)
40075711000001107,Paclitaxel 72mg/100ml in Sodium chloride 0.9% infusion bags (Special Order) (AMP)
40076011000001101,Paclitaxel 72mg/100ml in Sodium chloride 0.9% infusion bags (VMP)
40076411000001105,Paclitaxel 78mg/100ml in Sodium chloride 0.9% infusion bags (Special Order) (AMP)
40076711000001104,Paclitaxel 78mg/100ml in Sodium chloride 0.9% infusion bags (VMP)
40077111000001102,Paclitaxel 84mg/100ml in Sodium chloride 0.9% infusion bags (Special Order) (AMP)
40077311000001100,Paclitaxel 84mg/100ml in Sodium chloride 0.9% infusion bags (VMP)
40077811000001109,Paclitaxel 90mg/100ml in Sodium chloride 0.9% infusion bags (Special Order) (AMP)
40078111000001101,Paclitaxel 90mg/100ml in Sodium chloride 0.9% infusion bags (VMP)
40078411000001106,Paclitaxel 96mg/250ml in Sodium chloride 0.9% infusion bags (Special Order) (AMP)
40078711000001100,Paclitaxel 96mg/250ml in Sodium chloride 0.9% infusion bags (VMP)
40079111000001108,Paclitaxel 162mg/250ml in Sodium chloride 0.9% infusion bags (Special Order) (AMP)
40079311000001105,Paclitaxel 162mg/250ml in Sodium chloride 0.9% infusion bags (VMP)
40079511000001104,Paclitaxel 180mg/250ml in Sodium chloride 0.9% infusion bags (Special Order) (AMP)
40079711000001109,Paclitaxel 180mg/250ml in Sodium chloride 0.9% infusion bags (VMP)
40079911000001106,Paclitaxel 378mg/500ml in Sodium chloride 0.9% infusion bags (Special Order) (AMP)
40080111000001108,Paclitaxel 378mg/500ml in Sodium chloride 0.9% infusion bags (VMP)
40080311000001105,Paclitaxel 420mg/500ml in Sodium chloride 0.9% infusion bags (Special Order) (AMP)
40080511000001104,Paclitaxel 420mg/500ml in Sodium chloride 0.9% infusion bags (VMP)
40080711000001109,Paclitaxel 474mg/500ml in Sodium chloride 0.9% infusion bags (Special Order) (AMP)
40080911000001106,Paclitaxel 474mg/500ml in Sodium chloride 0.9% infusion bags (VMP)
40081111000001102,Paclitaxel 534mg/500ml in Sodium chloride 0.9% infusion bags (Special Order) (AMP)
40081311000001100,Paclitaxel 534mg/500ml in Sodium chloride 0.9% infusion bags (VMP)
40081511000001106,Paclitaxel 600mg/500ml in Sodium chloride 0.9% infusion bags (Special Order) (AMP)
40081711000001101,Paclitaxel 600mg/500ml in Sodium chloride 0.9% infusion bags (VMP)
40082311000001109,Paclitaxel 678mg/500ml in Sodium chloride 0.9% infusion bags (Special Order) (AMP)
40082511000001103,Paclitaxel 678mg/500ml in Sodium chloride 0.9% infusion bags (VMP)
40082711000001108,Paclitaxel 768mg/500ml in Sodium chloride 0.9% infusion bags (Special Order) (AMP)
40082911000001105,Paclitaxel 768mg/500ml in Sodium chloride 0.9% infusion bags (VMP)
40087211000001103,Docetaxel 180mg/250ml in Sodium chloride 0.9% infusion bags (VMP)
40112811000001109,Azathioprine 50mg tablets (Resolution Chemicals Ltd) (AMP)
40120411000001102,Paclitaxel 84mg/250ml in Sodium chloride 0.9% infusion bags (Special Order) (AMP)
40120611000001104,Paclitaxel 84mg/250ml in Sodium chloride 0.9% infusion bags (VMP)
40120811000001100,Paclitaxel 90mg/250ml in Sodium chloride 0.9% infusion bags (Special Order) (AMP)
40121011000001102,Paclitaxel 90mg/250ml in Sodium chloride 0.9% infusion bags (VMP)
40123811000001107,Trastuzumab (Herceptin) 42mg/250ml in Sodium chloride 0.9% infusion bags (Special Order) (AMP)
40124011000001104,Trastuzumab 42mg/250ml in Sodium chloride 0.9% infusion bags (VMP)
40124111000001103,Trastuzumab (Herzuma) 42mg/250ml in Sodium chloride 0.9% infusion bags (Special Order) (AMP)
40124611000001106,Trastuzumab (Kanjinti) 42mg/250ml in Sodium chloride 0.9% infusion bags (Special Order) (AMP)
40125111000001104,Trastuzumab (Ontruzant) 42mg/250ml in Sodium chloride 0.9% infusion bags (Special Order) (AMP)
40125311000001102,Trastuzumab (Trazimera) 42mg/250ml in Sodium chloride 0.9% infusion bags (Special Order) (AMP)
40125511000001108,Trastuzumab (Zercepac) 42mg/250ml in Sodium chloride 0.9% infusion bags (Special Order) (AMP)
40126111000001105,Trastuzumab (Herceptin) 46.2mg/250ml in Sodium chloride 0.9% infusion bags (Special Order) (AMP)
40127511000001104,Trastuzumab 46.2mg/250ml in Sodium chloride 0.9% infusion bags (VMP)
40127711000001109,Trastuzumab (Herzuma) 46.2mg/250ml in Sodium chloride 0.9% infusion bags (Special Order) (AMP)
40127911000001106,Trastuzumab (Kanjinti) 46.2mg/250ml in Sodium chloride 0.9% infusion bags (Special Order) (AMP)
40128111000001109,Trastuzumab (Ontruzant) 46.2mg/250ml in Sodium chloride 0.9% infusion bags (Special Order) (AMP)
40128311000001106,Trastuzumab (Trazimera) 46.2mg/250ml in Sodium chloride 0.9% infusion bags (Special Order) (AMP)
40128611000001101,Trastuzumab (Zercepac) 46.2mg/250ml in Sodium chloride 0.9% infusion bags (Special Order) (AMP)
40128911000001107,Trastuzumab (Herceptin) 54.6mg/250ml in Sodium chloride 0.9% infusion bags (Special Order) (AMP)
40129111000001102,Trastuzumab 54.6mg/250ml in Sodium chloride 0.9% infusion bags (VMP)
40129211000001108,Trastuzumab (Herzuma) 54.6mg/250ml in Sodium chloride 0.9% infusion bags (Special Order) (AMP)
40129411000001107,Trastuzumab (Kanjinti) 54.6mg/250ml in Sodium chloride 0.9% infusion bags (Special Order) (AMP)
40129811000001109,Trastuzumab (Ontruzant) 54.6mg/250ml in Sodium chloride 0.9% infusion bags (Special Order) (AMP)
40130211000001104,Trastuzumab (Trazimera) 54.6mg/250ml in Sodium chloride 0.9% infusion bags (Special Order) (AMP)
40130411000001100,Trastuzumab (Zercepac) 54.6mg/250ml in Sodium chloride 0.9% infusion bags (Special Order) (AMP)
40131211000001105,Trastuzumab (Herceptin) 63mg/250ml in Sodium chloride 0.9% infusion bags (Special Order) (AMP)
40131611000001107,Trastuzumab 63mg/250ml in Sodium chloride 0.9% infusion bags (VMP)
40133011000001104,Trastuzumab (Herzuma) 63mg/250ml in Sodium chloride 0.9% infusion bags (Special Order) (AMP)
40133611000001106,Trastuzumab (Kanjinti) 63mg/250ml in Sodium chloride 0.9% infusion bags (Special Order) (AMP)
40134711000001100,Trastuzumab (Ontruzant) 63mg/250ml in Sodium chloride 0.9% infusion bags (Special Order) (AMP)
40135711000001101,Trastuzumab (Trazimera) 63mg/250ml in Sodium chloride 0.9% infusion bags (Special Order) (AMP)
40136411000001103,Trastuzumab (Zercepac) 63mg/250ml in Sodium chloride 0.9% infusion bags (Special Order) (AMP)
40137211000001100,Trastuzumab (Herceptin) 75.6mg/250ml in Sodium chloride 0.9% infusion bags (Special Order) (AMP)
40137711000001107,Trastuzumab 75.6mg/250ml in Sodium chloride 0.9% infusion bags (VMP)
40138011000001106,Trastuzumab (Herzuma) 75.6mg/250ml in Sodium chloride 0.9% infusion bags (Special Order) (AMP)
40138711000001108,Trastuzumab (Kanjinti) 75.6mg/250ml in Sodium chloride 0.9% infusion bags (Special Order) (AMP)
40139011000001101,Trastuzumab (Ontruzant) 75.6mg/250ml in Sodium chloride 0.9% infusion bags (Special Order) (AMP)
40139211000001106,Trastuzumab (Trazimera) 75.6mg/250ml in Sodium chloride 0.9% infusion bags (Special Order) (AMP)
40139411000001105,Trastuzumab (Zercepac) 75.6mg/250ml in Sodium chloride 0.9% infusion bags (Special Order) (AMP)
40139711000001104,Trastuzumab (Herceptin) 88.2mg/250ml in Sodium chloride 0.9% infusion bags (Special Order) (AMP)
40139911000001102,Trastuzumab 88.2mg/250ml in Sodium chloride 0.9% infusion bags (VMP)
40140011000001108,Trastuzumab (Herzuma) 88.2mg/250ml in Sodium chloride 0.9% infusion bags (Special Order) (AMP)
40140211000001103,Trastuzumab (Kanjinti) 88.2mg/250ml in Sodium chloride 0.9% infusion bags (Special Order) (AMP)
40140411000001104,Trastuzumab (Ontruzant) 88.2mg/250ml in Sodium chloride 0.9% infusion bags (Special Order) (AMP)
40140611000001101,Trastuzumab (Trazimera) 88.2mg/250ml in Sodium chloride 0.9% infusion bags (Special Order) (AMP)
40140811000001102,Trastuzumab (Zercepac) 88.2mg/250ml in Sodium chloride 0.9% infusion bags (Special Order) (AMP)
40141311000001101,Trastuzumab (Herceptin) 105mg/250ml in Sodium chloride 0.9% infusion bags (Special Order) (AMP)
40141511000001107,Trastuzumab 105mg/250ml in Sodium chloride 0.9% infusion bags (VMP)
40141611000001106,Trastuzumab (Herzuma) 105mg/250ml in Sodium chloride 0.9% infusion bags (Special Order) (AMP)
40141911000001100,Trastuzumab (Kanjinti) 105mg/250ml in Sodium chloride 0.9% infusion bags (Special Order) (AMP)
40142111000001108,Trastuzumab (Ontruzant) 105mg/250ml in Sodium chloride 0.9% infusion bags (Special Order) (AMP)
40142311000001105,Trastuzumab (Trazimera) 105mg/250ml in Sodium chloride 0.9% infusion bags (Special Order) (AMP)
40142511000001104,Trastuzumab (Zercepac) 105mg/250ml in Sodium chloride 0.9% infusion bags (Special Order) (AMP)
40143011000001103,Trastuzumab (Herceptin) 126mg/250ml in Sodium chloride 0.9% infusion bags (Special Order) (AMP)
40143211000001108,Trastuzumab 126mg/250ml in Sodium chloride 0.9% infusion bags (VMP)
40143411000001107,Trastuzumab (Herzuma) 126mg/250ml in Sodium chloride 0.9% infusion bags (Special Order) (AMP)
40143611000001105,Trastuzumab (Kanjinti) 126mg/250ml in Sodium chloride 0.9% infusion bags (Special Order) (AMP)
40143811000001109,Trastuzumab (Ontruzant) 126mg/250ml in Sodium chloride 0.9% infusion bags (Special Order) (AMP)
40144011000001101,Trastuzumab (Trazimera) 126mg/250ml in Sodium chloride 0.9% infusion bags (Special Order) (AMP)
40144211000001106,Trastuzumab (Zercepac) 126mg/250ml in Sodium chloride 0.9% infusion bags (Special Order) (AMP)
40144511000001109,Trastuzumab (Herceptin) 147mg/250ml in Sodium chloride 0.9% infusion bags (Special Order) (AMP)
40144711000001104,Trastuzumab 147mg/250ml in Sodium chloride 0.9% infusion bags (VMP)
40144811000001107,Trastuzumab (Herzuma) 147mg/250ml in Sodium chloride 0.9% infusion bags (Special Order) (AMP)
40145011000001102,Trastuzumab (Kanjinti) 147mg/250ml in Sodium chloride 0.9% infusion bags (Special Order) (AMP)
40145311000001104,Trastuzumab (Ontruzant) 147mg/250ml in Sodium chloride 0.9% infusion bags (Special Order) (AMP)
40145711000001100,Trastuzumab (Trazimera) 147mg/250ml in Sodium chloride 0.9% infusion bags (Special Order) (AMP)
40146011000001106,Trastuzumab (Zercepac) 147mg/250ml in Sodium chloride 0.9% infusion bags (Special Order) (AMP)
40146511000001103,Trastuzumab (Herceptin) 176.4mg/250ml in Sodium chloride 0.9% infusion bags (Special Order) (AMP)
40146711000001108,Trastuzumab 176.4mg/250ml in Sodium chloride 0.9% infusion bags (VMP)
40146811000001100,Trastuzumab (Herzuma) 176.4mg/250ml in Sodium chloride 0.9% infusion bags (Special Order) (AMP)
40147111000001105,Trastuzumab (Kanjinti) 176.4mg/250ml in Sodium chloride 0.9% infusion bags (Special Order) (AMP)
40147311000001107,Trastuzumab (Ontruzant) 176.4mg/250ml in Sodium chloride 0.9% infusion bags (Special Order) (AMP)
40147511000001101,Trastuzumab (Trazimera) 176.4mg/250ml in Sodium chloride 0.9% infusion bags (Special Order) (AMP)
40147811000001103,Trastuzumab (Zercepac) 176.4mg/250ml in Sodium chloride 0.9% infusion bags (Special Order) (AMP)
40148111000001106,Trastuzumab (Herceptin) 210mg/250ml in Sodium chloride 0.9% infusion bags (Special Order) (AMP)
40148311000001108,Trastuzumab 210mg/250ml in Sodium chloride 0.9% infusion bags (VMP)
40148411000001101,Trastuzumab (Herzuma) 210mg/250ml in Sodium chloride 0.9% infusion bags (Special Order) (AMP)
40148611000001103,Trastuzumab (Kanjinti) 210mg/250ml in Sodium chloride 0.9% infusion bags (Special Order) (AMP)
40148811000001104,Trastuzumab (Ontruzant) 210mg/250ml in Sodium chloride 0.9% infusion bags (Special Order) (AMP)
40149311000001102,Trastuzumab (Trazimera) 210mg/250ml in Sodium chloride 0.9% infusion bags (Special Order) (AMP)
40149611000001107,Trastuzumab (Zercepac) 210mg/250ml in Sodium chloride 0.9% infusion bags (Special Order) (AMP)
40150111000001106,Cosentyx 75mg/0.5ml solution for injection pre-filled syringes (Novartis Pharmaceuticals UK Ltd) (AMP)
40150711000001107,Trastuzumab (Herceptin) 252mg/250ml in Sodium chloride 0.9% infusion bags (Special Order) (AMP)
40150911000001109,Trastuzumab 252mg/250ml in Sodium chloride 0.9% infusion bags (VMP)
40151811000001107,Trastuzumab (Herzuma) 252mg/250ml in Sodium chloride 0.9% infusion bags (Special Order) (AMP)
40152011000001109,Trastuzumab (Kanjinti) 252mg/250ml in Sodium chloride 0.9% infusion bags (Special Order) (AMP)
40152511000001101,Trastuzumab (Ontruzant) 252mg/250ml in Sodium chloride 0.9% infusion bags (Special Order) (AMP)
40152711000001106,Trastuzumab (Trazimera) 252mg/250ml in Sodium chloride 0.9% infusion bags (Special Order) (AMP)
40153111000001104,Trastuzumab (Zercepac) 252mg/250ml in Sodium chloride 0.9% infusion bags (Special Order) (AMP)
40156311000001106,Trastuzumab (Herceptin) 294mg/250ml in Sodium chloride 0.9% infusion bags (Special Order) (AMP)
40156711000001105,Trastuzumab (Herceptin) 378mg/250ml in Sodium chloride 0.9% infusion bags (Special Order) (AMP)
40157011000001106,Trastuzumab 294mg/250ml in Sodium chloride 0.9% infusion bags (VMP)
40157111000001107,Trastuzumab 378mg/250ml in Sodium chloride 0.9% infusion bags (VMP)
40157211000001101,Trastuzumab (Herzuma) 378mg/250ml in Sodium chloride 0.9% infusion bags (Special Order) (AMP)
40157411000001102,Trastuzumab (Herzuma) 294mg/250ml in Sodium chloride 0.9% infusion bags (Special Order) (AMP)
40157611000001104,Trastuzumab (Kanjinti) 378mg/250ml in Sodium chloride 0.9% infusion bags (Special Order) (AMP)
40157811000001100,Trastuzumab (Ontruzant) 378mg/250ml in Sodium chloride 0.9% infusion bags (Special Order) (AMP)
40158011000001107,Trastuzumab (Kanjinti) 294mg/250ml in Sodium chloride 0.9% infusion bags (Special Order) (AMP)
40158211000001102,Trastuzumab (Trazimera) 378mg/250ml in Sodium chloride 0.9% infusion bags (Special Order) (AMP)
40158411000001103,Trastuzumab (Ontruzant) 294mg/250ml in Sodium chloride 0.9% infusion bags (Special Order) (AMP)
40158511000001104,Trastuzumab (Zercepac) 378mg/250ml in Sodium chloride 0.9% infusion bags (Special Order) (AMP)
40158811000001101,Trastuzumab (Trazimera) 294mg/250ml in Sodium chloride 0.9% infusion bags (Special Order) (AMP)
40159111000001101,Trastuzumab 441mg/250ml in Sodium chloride 0.9% infusion bags (VMP)
40159211000001107,Trastuzumab (Herceptin) 441mg/250ml in Sodium chloride 0.9% infusion bags (Special Order) (AMP)
40159411000001106,Trastuzumab (Zercepac) 294mg/250ml in Sodium chloride 0.9% infusion bags (Special Order) (AMP)
40159711000001100,Trastuzumab (Herzuma) 441mg/250ml in Sodium chloride 0.9% infusion bags (Special Order) (AMP)
40159911000001103,Trastuzumab (Kanjinti) 441mg/250ml in Sodium chloride 0.9% infusion bags (Special Order) (AMP)
40160011000001101,Trastuzumab (Herceptin) 336mg/250ml in Sodium chloride 0.9% infusion bags (Special Order) (AMP)
40160311000001103,Trastuzumab 336mg/250ml in Sodium chloride 0.9% infusion bags (VMP)
40160411000001105,Trastuzumab (Ontruzant) 441mg/250ml in Sodium chloride 0.9% infusion bags (Special Order) (AMP)
40160611000001108,Trastuzumab (Trazimera) 441mg/250ml in Sodium chloride 0.9% infusion bags (Special Order) (AMP)
40160811000001107,Trastuzumab (Zercepac) 441mg/250ml in Sodium chloride 0.9% infusion bags (Special Order) (AMP)
40161011000001105,Trastuzumab (Herzuma) 336mg/250ml in Sodium chloride 0.9% infusion bags (Special Order) (AMP)
40161211000001100,Trastuzumab (Kanjinti) 336mg/250ml in Sodium chloride 0.9% infusion bags (Special Order) (AMP)
40161411000001101,Trastuzumab (Ontruzant) 336mg/250ml in Sodium chloride 0.9% infusion bags (Special Order) (AMP)
40161611000001103,Trastuzumab (Trazimera) 336mg/250ml in Sodium chloride 0.9% infusion bags (Special Order) (AMP)
40161811000001104,Trastuzumab (Zercepac) 336mg/250ml in Sodium chloride 0.9% infusion bags (Special Order) (AMP)
40165011000001107,Trastuzumab (Herceptin) 504mg/250ml in Sodium chloride 0.9% infusion bags (Special Order) (AMP)
40165211000001102,Trastuzumab 504mg/250ml in Sodium chloride 0.9% infusion bags (VMP)
40165311000001105,Trastuzumab (Herzuma) 504mg/250ml in Sodium chloride 0.9% infusion bags (Special Order) (AMP)
40165511000001104,Trastuzumab (Kanjinti) 504mg/250ml in Sodium chloride 0.9% infusion bags (Special Order) (AMP)
40165711000001109,Trastuzumab (Ontruzant) 504mg/250ml in Sodium chloride 0.9% infusion bags (Special Order) (AMP)
40165911000001106,Trastuzumab (Trazimera) 504mg/250ml in Sodium chloride 0.9% infusion bags (Special Order) (AMP)
40166111000001102,Trastuzumab (Zercepac) 504mg/250ml in Sodium chloride 0.9% infusion bags (Special Order) (AMP)
40166411000001107,Trastuzumab (Herceptin) 588mg/250ml in Sodium chloride 0.9% infusion bags (Special Order) (AMP)
40166611000001105,Trastuzumab 588mg/250ml in Sodium chloride 0.9% infusion bags (VMP)
40166711000001101,Trastuzumab (Herzuma) 588mg/250ml in Sodium chloride 0.9% infusion bags (Special Order) (AMP)
40166911000001104,Trastuzumab (Kanjinti) 588mg/250ml in Sodium chloride 0.9% infusion bags (Special Order) (AMP)
40167111000001104,Trastuzumab (Ontruzant) 588mg/250ml in Sodium chloride 0.9% infusion bags (Special Order) (AMP)
40167311000001102,Trastuzumab (Trazimera) 588mg/250ml in Sodium chloride 0.9% infusion bags (Special Order) (AMP)
40167511000001108,Trastuzumab (Zercepac) 588mg/250ml in Sodium chloride 0.9% infusion bags (Special Order) (AMP)
40167811000001106,Trastuzumab (Herceptin) 651mg/250ml in Sodium chloride 0.9% infusion bags (Special Order) (AMP)
40168011000001104,Trastuzumab 651mg/250ml in Sodium chloride 0.9% infusion bags (VMP)
40168111000001103,Trastuzumab (Herzuma) 651mg/250ml in Sodium chloride 0.9% infusion bags (Special Order) (AMP)
40168311000001101,Trastuzumab (Kanjinti) 651mg/250ml in Sodium chloride 0.9% infusion bags (Special Order) (AMP)
40168511000001107,Trastuzumab (Ontruzant) 651mg/250ml in Sodium chloride 0.9% infusion bags (Special Order) (AMP)
40168711000001102,Trastuzumab (Trazimera) 651mg/250ml in Sodium chloride 0.9% infusion bags (Special Order) (AMP)
40168911000001100,Azacitidine 100mg powder for suspension for injection vials (Kent Pharma (UK) Ltd) (AMP)
40169211000001104,Trastuzumab (Zercepac) 651mg/250ml in Sodium chloride 0.9% infusion bags (Special Order) (AMP)
40169511000001101,Trastuzumab (Herceptin) 735mg/250ml in Sodium chloride 0.9% infusion bags (Special Order) (AMP)
40169711000001106,Trastuzumab 735mg/250ml in Sodium chloride 0.9% infusion bags (VMP)
40169811000001103,Trastuzumab (Herzuma) 735mg/250ml in Sodium chloride 0.9% infusion bags (Special Order) (AMP)
40170011000001107,Trastuzumab (Kanjinti) 735mg/250ml in Sodium chloride 0.9% infusion bags (Special Order) (AMP)
40170211000001102,Trastuzumab (Ontruzant) 735mg/250ml in Sodium chloride 0.9% infusion bags (Special Order) (AMP)
40170411000001103,Trastuzumab (Trazimera) 735mg/250ml in Sodium chloride 0.9% infusion bags (Special Order) (AMP)
40170611000001100,Trastuzumab (Zercepac) 735mg/250ml in Sodium chloride 0.9% infusion bags (Special Order) (AMP)
40181011000001108,Trastuzumab (Herceptin) 882mg/250ml in Sodium chloride 0.9% infusion bags (Special Order) (AMP)
40181211000001103,Trastuzumab 882mg/250ml in Sodium chloride 0.9% infusion bags (VMP)
40181411000001104,Trastuzumab (Kanjinti) 1029mg/250ml in Sodium chloride 0.9% infusion bags (Special Order) (AMP)
40181611000001101,Trastuzumab (Ontruzant) 1029mg/250ml in Sodium chloride 0.9% infusion bags (Special Order) (AMP)
40181711000001105,Trastuzumab (Herzuma) 882mg/250ml in Sodium chloride 0.9% infusion bags (Special Order) (AMP)
40182011000001100,Trastuzumab (Kanjinti) 882mg/250ml in Sodium chloride 0.9% infusion bags (Special Order) (AMP)
40182211000001105,Trastuzumab (Ontruzant) 882mg/250ml in Sodium chloride 0.9% infusion bags (Special Order) (AMP)
40182411000001109,Trastuzumab (Trazimera) 882mg/250ml in Sodium chloride 0.9% infusion bags (Special Order) (AMP)
40182611000001107,Trastuzumab (Zercepac) 882mg/250ml in Sodium chloride 0.9% infusion bags (Special Order) (AMP)
40182911000001101,Trastuzumab (Herceptin) 1029mg/250ml in Sodium chloride 0.9% infusion bags (Special Order) (AMP)
40183111000001105,Trastuzumab 1029mg/250ml in Sodium chloride 0.9% infusion bags (VMP)
40183211000001104,Trastuzumab (Herzuma) 1029mg/250ml in Sodium chloride 0.9% infusion bags (Special Order) (AMP)
40183911000001108,Trastuzumab (Trazimera) 1029mg/250ml in Sodium chloride 0.9% infusion bags (Special Order) (AMP)
40184111000001107,Trastuzumab (Zercepac) 1029mg/250ml in Sodium chloride 0.9% infusion bags (Special Order) (AMP)
40184611000001104,Trastuzumab (Herceptin) 1176mg/250ml in Sodium chloride 0.9% infusion bags (Special Order) (AMP)
40184811000001100,Trastuzumab 1176mg/250ml in Sodium chloride 0.9% infusion bags (VMP)
40184911000001105,Trastuzumab (Herzuma) 1176mg/250ml in Sodium chloride 0.9% infusion bags (Special Order) (AMP)
40185111000001106,Trastuzumab (Kanjinti) 1176mg/250ml in Sodium chloride 0.9% infusion bags (Special Order) (AMP)
40185311000001108,Trastuzumab (Ontruzant) 1176mg/250ml in Sodium chloride 0.9% infusion bags (Special Order) (AMP)
40185511000001102,Trastuzumab (Trazimera) 1176mg/250ml in Sodium chloride 0.9% infusion bags (Special Order) (AMP)
40185711000001107,Trastuzumab (Zercepac) 1176mg/250ml in Sodium chloride 0.9% infusion bags (Special Order) (AMP)
40186311000001103,Trastuzumab (Herceptin) 1323mg/250ml in Sodium chloride 0.9% infusion bags (Special Order) (AMP)
40186611000001108,Trastuzumab 1323mg/250ml in Sodium chloride 0.9% infusion bags (VMP)
40186711000001104,Trastuzumab (Herzuma) 1323mg/250ml in Sodium chloride 0.9% infusion bags (Special Order) (AMP)
40187211000001108,Dasatinib 20mg tablets (A A H Pharmaceuticals Ltd) (AMP)
40187411000001107,Trastuzumab (Kanjinti) 1323mg/250ml in Sodium chloride 0.9% infusion bags (Special Order) (AMP)
40187711000001101,Dasatinib 50mg tablets (A A H Pharmaceuticals Ltd) (AMP)
40188211000001107,Trastuzumab (Ontruzant) 1323mg/250ml in Sodium chloride 0.9% infusion bags (Special Order) (AMP)
40188411000001106,Trastuzumab (Trazimera) 1323mg/250ml in Sodium chloride 0.9% infusion bags (Special Order) (AMP)
40188711000001100,Trastuzumab (Zercepac) 1323mg/250ml in Sodium chloride 0.9% infusion bags (Special Order) (AMP)
40188911000001103,Dasatinib 140mg tablets (A A H Pharmaceuticals Ltd) (AMP)
40189511000001104,Dasatinib 80mg tablets (A A H Pharmaceuticals Ltd) (AMP)
40189811000001101,Dasatinib 100mg tablets (A A H Pharmaceuticals Ltd) (AMP)
40198111000001100,Sorafenib 200mg tablets (Teva UK Ltd) (AMP)
40236611000001103,Vitrakvi 20mg/ml oral solution sugar free (Bayer Plc) (AMP)
40237711000001105,Sunitinib 12.5mg capsules (Zentiva Pharma UK Ltd) (AMP)
40237911000001107,Sunitinib 25mg capsules (Zentiva Pharma UK Ltd) (AMP)
40238111000001105,Sunitinib 50mg capsules (Zentiva Pharma UK Ltd) (AMP)
40241711000001100,Secukinumab 75mg/0.5ml solution for injection pre-filled syringes (VMP)
40244311000001101,Lenalidomide 25mg capsules (Viatris UK Healthcare Ltd) (AMP)
40244511000001107,Lenalidomide 10mg capsules (Viatris UK Healthcare Ltd) (AMP)
40244711000001102,Thiotepa 100mg powder for concentrate for solution for infusion vials (Esteve Pharmaceuticals Ltd) (AMP)
40244811000001105,Lenalidomide 15mg capsules (Viatris UK Healthcare Ltd) (AMP)
40245111000001104,Thiotepa 15mg powder for concentrate for solution for infusion vials (Esteve Pharmaceuticals Ltd) (AMP)
40245311000001102,Lenalidomide 5mg capsules (Viatris UK Healthcare Ltd) (AMP)
40245511000001108,Lenalidomide 2.5mg capsules (Viatris UK Healthcare Ltd) (AMP)
40246011000001109,Lenalidomide 20mg capsules (Viatris UK Healthcare Ltd) (AMP)
40246311000001107,Lenalidomide 7.5mg capsules (Viatris UK Healthcare Ltd) (AMP)
40260311000001101,Tepmetko 225mg tablets (Merck Serono Ltd) (AMP)
40266811000001107,Aubagio 7mg tablets (Sanofi) (AMP)
40267211000001108,Bortezomib 3.5mg powder for solution for injection vials (Sandoz Ltd) (AMP)
40272911000001108,Tepotinib 225mg tablets (VMP)
40273711000001103,Lenalidomide 2.5mg capsules (Stragen UK Ltd) (AMP)
40273911000001101,Lenalidomide 5mg capsules (Stragen UK Ltd) (AMP)
40274111000001102,Lenalidomide 7.5mg capsules (Stragen UK Ltd) (AMP)
40274311000001100,Lenalidomide 10mg capsules (Stragen UK Ltd) (AMP)
40274511000001106,Lenalidomide 15mg capsules (Stragen UK Ltd) (AMP)
40274711000001101,Lenalidomide 20mg capsules (Stragen UK Ltd) (AMP)
40274911000001104,Lenalidomide 25mg capsules (Stragen UK Ltd) (AMP)
40277711000001108,Lenalidomide 5mg capsules (Zentiva Pharma UK Ltd) (AMP)
40278411000001103,Phelinun 200mg powder and solvent for concentrate for solution for infusion vials (Adienne Pharma & Biotech) (AMP)
40278811000001101,Lenalidomide 10mg capsules (Zentiva Pharma UK Ltd) (AMP)
40279011000001102,Lenalidomide 15mg capsules (Zentiva Pharma UK Ltd) (AMP)
40279211000001107,Lenalidomide 25mg capsules (Zentiva Pharma UK Ltd) (AMP)
40280411000001106,Oxaliplatin 50mg/100ml in Glucose 5% infusion bags (Special Order) (AMP)
40280611000001109,Oxaliplatin 50mg/100ml in Glucose 5% infusion bags (VMP)
40280811000001108,Oxaliplatin 55mg/100ml in Glucose 5% infusion bags (Special Order) (AMP)
40281011000001106,Oxaliplatin 55mg/100ml in Glucose 5% infusion bags (VMP)
40281211000001101,Oxaliplatin 60mg/100ml in Glucose 5% infusion bags (Special Order) (AMP)
40281411000001102,Oxaliplatin 60mg/100ml in Glucose 5% infusion bags (VMP)
40281611000001104,Oxaliplatin 65mg/100ml in Glucose 5% infusion bags (Special Order) (AMP)
40281811000001100,Oxaliplatin 65mg/100ml in Glucose 5% infusion bags (VMP)
40282011000001103,Oxaliplatin 70mg/100ml in Glucose 5% infusion bags (Special Order) (AMP)
40282211000001108,Oxaliplatin 70mg/100ml in Glucose 5% infusion bags (VMP)
40282411000001107,Oxaliplatin 75mg/250ml in Glucose 5% infusion bags (Special Order) (AMP)
40282611000001105,Oxaliplatin 75mg/250ml in Glucose 5% infusion bags (VMP)
40282811000001109,Oxaliplatin 80mg/250ml in Glucose 5% infusion bags (Special Order) (AMP)
40283011000001107,Oxaliplatin 80mg/250ml in Glucose 5% infusion bags (VMP)
40283211000001102,Oxaliplatin 90mg/250ml in Glucose 5% infusion bags (Special Order) (AMP)
40283411000001103,Oxaliplatin 90mg/250ml in Glucose 5% infusion bags (VMP)
40283611000001100,Oxaliplatin 100mg/250ml in Glucose 5% infusion bags (Special Order) (AMP)
40283811000001101,Oxaliplatin 100mg/250ml in Glucose 5% infusion bags (VMP)
40284011000001109,Oxaliplatin 110mg/250ml in Glucose 5% infusion bags (Special Order) (AMP)
40284211000001104,Oxaliplatin 110mg/250ml in Glucose 5% infusion bags (VMP)
40284411000001100,Oxaliplatin 120mg/250ml in Glucose 5% infusion bags (Special Order) (AMP)
40284611000001102,Oxaliplatin 120mg/250ml in Glucose 5% infusion bags (VMP)
40284811000001103,Oxaliplatin 135mg/500ml in Glucose 5% infusion bags (Special Order) (AMP)
40285011000001108,Oxaliplatin 135mg/500ml in Glucose 5% infusion bags (VMP)
40285211000001103,Oxaliplatin 150mg/500ml in Glucose 5% infusion bags (Special Order) (AMP)
40285411000001104,Oxaliplatin 150mg/500ml in Glucose 5% infusion bags (VMP)
40285611000001101,Oxaliplatin 165mg/500ml in Glucose 5% infusion bags (Special Order) (AMP)
40285811000001102,Oxaliplatin 165mg/500ml in Glucose 5% infusion bags (VMP)
40286011000001104,Oxaliplatin 180mg/500ml in Glucose 5% infusion bags (Special Order) (AMP)
40286211000001109,Oxaliplatin 180mg/500ml in Glucose 5% infusion bags (VMP)
40286411000001108,Oxaliplatin 200mg/500ml in Glucose 5% infusion bags (Special Order) (AMP)
40286611000001106,Oxaliplatin 200mg/500ml in Glucose 5% infusion bags (VMP)
40286811000001105,Oxaliplatin 315mg/500ml in Glucose 5% infusion bags (Special Order) (AMP)
40287011000001101,Oxaliplatin 315mg/500ml in Glucose 5% infusion bags (VMP)
40287211000001106,Oxaliplatin 350mg/500ml in Glucose 5% infusion bags (Special Order) (AMP)
40287411000001105,Oxaliplatin 350mg/500ml in Glucose 5% infusion bags (VMP)
40287611000001108,Oxaliplatin 395mg/1000ml in Glucose 5% infusion bags (Special Order) (AMP)
40287811000001107,Oxaliplatin 395mg/1000ml in Glucose 5% infusion bags (VMP)
40290111000001100,Melphalan 200mg powder and solvent for solution for infusion vials (VMP)
40303711000001100,Lenalidomide 5mg capsules (Sandoz Ltd) (AMP)
40303911000001103,Lenalidomide 7.5mg capsules (Sandoz Ltd) (AMP)
40304111000001104,Lenalidomide 10mg capsules (Sandoz Ltd) (AMP)
40304311000001102,Lenalidomide 15mg capsules (Sandoz Ltd) (AMP)
40304511000001108,Lenalidomide 20mg capsules (Sandoz Ltd) (AMP)
40304711000001103,Lenalidomide 25mg capsules (Sandoz Ltd) (AMP)
40310711000001107,Sunitinib 12.5mg capsules (Sandoz Ltd) (AMP)
40311311000001103,Sunitinib 25mg capsules (Sandoz Ltd) (AMP)
40311711000001104,Sunitinib 50mg capsules (Sandoz Ltd) (AMP)
40322811000001108,Sorafenib 200mg tablets (Sandoz Ltd) (AMP)
40359611000001103,Pirfenidone 267mg tablets (Celix Pharma Ltd) (AMP)
40363911000001102,Pirfenidone 801mg tablets (Celix Pharma Ltd) (AMP)
40376611000001109,Sunitinib 12.5mg capsules (Viatris UK Healthcare Ltd) (AMP)
40376811000001108,Sunitinib 25mg capsules (Viatris UK Healthcare Ltd) (AMP)
40377011000001104,Sunitinib 50mg capsules (Viatris UK Healthcare Ltd) (AMP)
40380311000001106,Zavedos 5mg/5ml solution for injection vials (Pfizer Ltd) (AMP)
40380511000001100,Zavedos 10mg/10ml solution for injection vials (Pfizer Ltd) (AMP)
40381411000001108,Bortezomib 3.5mg powder for solution for injection vials (Pfizer Ltd) (AMP)
4038811000001107,Alkeran 2mg tablets (Aspen Pharma Trading Ltd) (AMP)
40389611000001107,Larotrectinib 20mg/ml oral solution sugar free (VMP)
40390211000001104,Bortezomib 2.5mg powder for solution for injection vials (Pfizer Ltd) (AMP)
404111000001101,Arava 100mg tablets (Sanofi) (AMP)
40440411000001103,Mitomycin 10mg powder for solution for injection vials (A A H Pharmaceuticals Ltd) (AMP)
40457011000001105,Fingolimod 500microgram capsules (Viatris UK Healthcare Ltd) (AMP)
40458911000001105,Everolimus 2.5mg tablets (Sandoz Ltd) (AMP)
40459111000001100,Everolimus 5mg tablets (Sandoz Ltd) (AMP)
40459211000001106,Fingolimod 500microgram capsules (Zentiva Pharma UK Ltd) (AMP)
40459711000001104,Everolimus 10mg tablets (Sandoz Ltd) (AMP)
40464711000001109,Lenalidomide 2.5mg capsules (Thornton & Ross Ltd) (AMP)
40464911000001106,Lenalidomide 5mg capsules (Thornton & Ross Ltd) (AMP)
40465111000001107,Lenalidomide 7.5mg capsules (Thornton & Ross Ltd) (AMP)
40465311000001109,Lenalidomide 10mg capsules (Thornton & Ross Ltd) (AMP)
40465511000001103,Lenalidomide 15mg capsules (Thornton & Ross Ltd) (AMP)
40465711000001108,Lenalidomide 20mg capsules (Thornton & Ross Ltd) (AMP)
40465911000001105,Lenalidomide 25mg capsules (Thornton & Ross Ltd) (AMP)
40472511000001102,Sunitinib 12.5mg capsules (Teva UK Ltd) (AMP)
40472711000001107,Sunitinib 25mg capsules (Teva UK Ltd) (AMP)
40487011000001102,Bortezomib 3.5mg powder for solution for injection vials (medac UK) (AMP)
40535711000001108,Everolimus 10mg tablets (Teva UK Ltd) (AMP)
40539911000001107,Etoposide 100mg/5ml concentrate for solution for infusion vials (Hikma Pharmaceuticals International Ltd) (AMP)
40540111000001100,Etoposide 500mg/25ml concentrate for solution for infusion vials (Hikma Pharmaceuticals International Ltd) (AMP)
40540311000001103,Bendamustine 100mg powder for concentrate for solution for infusion vials (Hikma Pharmaceuticals International Ltd) (AMP)
40540511000001109,Bendamustine 25mg powder for concentrate for solution for infusion vials (Hikma Pharmaceuticals International Ltd) (AMP)
40541511000001102,Pemetrexed 1g/40ml concentrate for solution for infusion vials (Pfizer Ltd) (AMP)
40541811000001104,Pemetrexed 100mg/4ml concentrate for solution for infusion vials (Pfizer Ltd) (AMP)
40542011000001102,Oxaliplatin 200mg/40ml concentrate for solution for infusion vials (Hikma Pharmaceuticals International Ltd) (AMP)
40542111000001101,Pemetrexed 500mg/20ml concentrate for solution for infusion vials (Pfizer Ltd) (AMP)
40542511000001105,Bevacizumab 5mg/0.2ml solution for injection pre-filled syringes (Special Order) (AMP)
40543711000001108,Methotrexate 800micrograms/0.2ml solution for injection pre-filled syringes (Special Order) (AMP)
40548511000001107,Methotrexate 800micrograms/0.2ml solution for injection pre-filled syringes (VMP)
40548811000001105,Bevacizumab 5mg/0.2ml solution for injection pre-filled syringes (VMP)
40558711000001100,Teriflunomide 7mg tablets (VMP)
40561511000001107,Opdivo 120mg/12ml concentrate for solution for infusion vials (Bristol-Myers Squibb Pharmaceuticals Ltd) (AMP)
40573711000001109,Nivolumab 120mg/12ml solution for infusion vials (VMP)
40576311000001101,Uxil 15.8mg tablets (Zentiva Pharma UK Ltd) (AMP)
40576611000001106,Uxil 39.5mg tablets (Zentiva Pharma UK Ltd) (AMP)
40576911000001100,Uxil 63.2mg tablets (Zentiva Pharma UK Ltd) (AMP)
40577311000001103,Uxil 79.0mg tablets (Zentiva Pharma UK Ltd) (AMP)
40577611000001108,Uxil 110.6mg tablets (Zentiva Pharma UK Ltd) (AMP)
40579911000001109,Everolimus 5mg tablets (Martindale Pharmaceuticals Ltd) (AMP)
40583111000001104,Sunitinib 12.5mg capsules (Dr Reddy's Laboratories (UK) Ltd) (AMP)
40588111000001108,Sunitinib 25mg capsules (Dr Reddy's Laboratories (UK) Ltd) (AMP)
40588411000001103,Sunitinib 50mg capsules (Dr Reddy's Laboratories (UK) Ltd) (AMP)
40622111000001107,Lenalidomide 25mg capsules (Teva UK Ltd) (AMP)
40622611000001104,Lenalidomide 2.5mg capsules (Teva UK Ltd) (AMP)
40623011000001102,Lenalidomide 5mg capsules (Teva UK Ltd) (AMP)
40623711000001100,Lenalidomide 7.5mg capsules (Teva UK Ltd) (AMP)
40623911000001103,Lenalidomide 10mg capsules (Teva UK Ltd) (AMP)
40624111000001104,Lenalidomide 15mg capsules (Teva UK Ltd) (AMP)
40624311000001102,Lenalidomide 20mg capsules (Teva UK Ltd) (AMP)
40627811000001102,Exkivity 40mg capsules (Takeda UK Ltd) (AMP)
40634611000001105,Mobocertinib 40mg capsules (VMP)
40640211000001104,Pirfenidone 267mg tablets (Accord-UK Ltd) (AMP)
40640811000001103,Pirfenidone 801mg tablets (Accord-UK Ltd) (AMP)
40654711000001102,Lenalidomide 10mg capsules (Torrent Pharma (UK) Ltd) (AMP)
40654911000001100,Lenalidomide 15mg capsules (Torrent Pharma (UK) Ltd) (AMP)
40655111000001104,Lenalidomide 2.5mg capsules (Torrent Pharma (UK) Ltd) (AMP)
40655311000001102,Lenalidomide 20mg capsules (Torrent Pharma (UK) Ltd) (AMP)
40656411000001100,Lenalidomide 25mg capsules (Torrent Pharma (UK) Ltd) (AMP)
40656611000001102,Lenalidomide 5mg capsules (Torrent Pharma (UK) Ltd) (AMP)
40656811000001103,Lenalidomide 7.5mg capsules (Torrent Pharma (UK) Ltd) (AMP)
40657111000001108,Apealea 60mg powder for solution for infusion vials (Inceptua Ltd) (AMP)
40678711000001107,Fingolimod 500microgram capsules (Teva UK Ltd) (AMP)
40685911000001105,Dasatinib 110.6mg tablets (VMP)
40686011000001102,Dasatinib 15.8mg tablets (VMP)
40686111000001101,Dasatinib 39.5mg tablets (VMP)
40686211000001107,Dasatinib 63.2mg tablets (VMP)
40686311000001104,Dasatinib 79mg tablets (VMP)
40686611000001109,Paclitaxel 60mg powder for solution for infusion vials (VMP)
40710411000001102,Pirfenidone 267mg tablets (Teva UK Ltd) (AMP)
40710711000001108,Pirfenidone 801mg tablets (Teva UK Ltd) (AMP)
40717411000001103,Sunitinib 12.5mg capsules (Accord-UK Ltd) (AMP)
40717611000001100,Sunitinib 25mg capsules (Accord-UK Ltd) (AMP)
40717811000001101,Sunitinib 50mg capsules (Accord-UK Ltd) (AMP)
40732611000001107,Sunitinib 37.5mg capsules (Accord-UK Ltd) (AMP)
40741011000001109,Fingolimod 500microgram capsules (Dr Reddy's Laboratories (UK) Ltd) (AMP)
40742411000001105,Sunitinib 37.5mg capsules (VMP)
40782511000001100,Bendamustine 100mg/4ml concentrate for solution for infusion vials (Accord-UK Ltd) (AMP)
40816211000001101,Carmustine 100mg powder and solvent for concentrate for solution for infusion vials (Sovereign Medical Ltd) (AMP)
40828711000001100,Amsidine 75mg/1.5ml concentrate and solvent for solution for infusion vials (Eurocept International bv) (AMP)
40828911000001103,Amsacrine 75mg/1.5ml concentrate and solvent for solution for infusion vials (VMP)
40864511000001105,Azacitidine 100mg powder for suspension for injection vials (Tillomed Laboratories Ltd) (AMP)
40874211000001100,Pirfenidone 267mg tablets (Dr Reddy's Laboratories (UK) Ltd) (AMP)
40874511000001102,Pirfenidone 801mg tablets (Dr Reddy's Laboratories (UK) Ltd) (AMP)
40899911000001100,Fingolimod 500microgram capsules (A A H Pharmaceuticals Ltd) (AMP)
4091011000001100,Rapamune 1mg/ml oral solution (Pfizer Ltd) (AMP)
4091411000001109,Rapamune 1mg tablets (Pfizer Ltd) (AMP)
40930311000001109,Lenalidomide 2.5mg capsules (Accord-UK Ltd) (AMP)
40930711000001108,Lenalidomide 5mg capsules (Accord-UK Ltd) (AMP)
40931211000001107,Lenalidomide 7.5mg capsules (Accord-UK Ltd) (AMP)
40931611000001109,Lenalidomide 10mg capsules (Accord-UK Ltd) (AMP)
40932011000001105,Lenalidomide 20mg capsules (Accord-UK Ltd) (AMP)
40932211000001100,Lenalidomide 25mg capsules (Accord-UK Ltd) (AMP)
40932411000001101,Lenalidomide 15mg capsules (Accord-UK Ltd) (AMP)
40941211000001106,Fingolimod 500microgram capsules (Accord-UK Ltd) (AMP)
40953511000001105,Atgam 250mg/5ml concentrate for solution for infusion ampoules (Pfizer Ltd) (AMP)
40959811000001105,Pirfenidone 267mg tablets (Sandoz Ltd) (AMP)
40960111000001102,Pirfenidone 801mg tablets (Sandoz Ltd) (AMP)
40990511000001108,Fingolimod 500microgram capsules (Sandoz Ltd) (AMP)
41092511000001105,Vegzelma 100mg/4ml concentrate for solution for infusion vials (Celltrion Healthcare UK Ltd) (AMP)
41092711000001100,Yuflyma 80mg/0.8ml solution for injection pre-filled pens (Celltrion Healthcare UK Ltd) (AMP)
41092911000001103,Yuflyma 80mg/0.8ml solution for injection pre-filled syringes (Celltrion Healthcare UK Ltd) (AMP)
41093611000001104,Vegzelma 400mg/16ml concentrate for solution for infusion vials (Celltrion Healthcare UK Ltd) (AMP)
41131611000001102,Anagrelide 500microgram capsules (Milpharm Ltd) (AMP)
41145711000001109,Dasatinib 100mg tablets (Viatris UK Healthcare Ltd) (AMP)
41146011000001103,Dasatinib 140mg tablets (Viatris UK Healthcare Ltd) (AMP)
41146211000001108,Dasatinib 20mg tablets (Viatris UK Healthcare Ltd) (AMP)
41146411000001107,Dasatinib 50mg tablets (Viatris UK Healthcare Ltd) (AMP)
41146611000001105,Dasatinib 80mg tablets (Viatris UK Healthcare Ltd) (AMP)
41149811000001103,Methotrexate 2.5mg tablets (Cipla EU Ltd) (AMP)
41161511000001107,Atezolizumab 1.2g/250ml infusion bags (Special Order) (AMP)
41166711000001108,Atezolizumab 1.2g/250ml infusion bags (VMP)
41194211000001109,Cabazitaxel 60mg/3ml concentrate for solution for infusion vials (Viatris UK Healthcare Ltd) (AMP)
41194811000001105,Imatinib 100mg tablets (Amarox Ltd) (AMP)
41195711000001103,Imatinib 400mg tablets (Amarox Ltd) (AMP)
41205511000001108,Erlotinib 100mg tablets (Amarox Ltd) (AMP)
41205711000001103,Erlotinib 150mg tablets (Amarox Ltd) (AMP)
41208211000001103,Erlotinib 25mg tablets (Amarox Ltd) (AMP)
41211611000001107,Imatinib 600mg tablets (Amarox Ltd) (AMP)
41213311000001101,Imatinib 600mg tablets (VMP)
41235611000001101,Dasatinib 20mg tablets (Teva UK Ltd) (AMP)
41236111000001103,Dasatinib 50mg tablets (Teva UK Ltd) (AMP)
41236611000001106,Dasatinib 80mg tablets (Teva UK Ltd) (AMP)
41237211000001106,Dasatinib 100mg tablets (Teva UK Ltd) (AMP)
41296311000001109,Pirfenidone 267mg tablets (Viatris UK Healthcare Ltd) (AMP)
41296711000001108,Pirfenidone 801mg tablets (Viatris UK Healthcare Ltd) (AMP)
41314111000001107,Onureg 200mg tablets (Bristol-Myers Squibb Pharmaceuticals Ltd) (AMP)
41314411000001102,Onureg 300mg tablets (Bristol-Myers Squibb Pharmaceuticals Ltd) (AMP)
41314711000001108,Azacitidine 150mg powder for suspension for injection vials (Accord-UK Ltd) (AMP)
41317711000001101,Zercepac 60mg powder for concentrate for solution for infusion vials (Accord-UK Ltd) (AMP)
41329411000001109,Azacitidine 150mg powder for suspension for injection vials (VMP)
41329511000001108,Azacitidine 200mg tablets (VMP)
41329611000001107,Azacitidine 300mg tablets (VMP)
41329811000001106,Trastuzumab 60mg powder for solution for infusion vials (VMP)
41331211000001107,Lenalidomide 2.5mg capsules (Advanz Pharma) (AMP)
41331411000001106,Lenalidomide 5mg capsules (Advanz Pharma) (AMP)
41331611000001109,Lenalidomide 7.5mg capsules (Advanz Pharma) (AMP)
41331811000001108,Lenalidomide 10mg capsules (Advanz Pharma) (AMP)
41332011000001105,Lenalidomide 25mg capsules (Advanz Pharma) (AMP)
41332211000001100,Lenalidomide 15mg capsules (Advanz Pharma) (AMP)
41332411000001101,Lenalidomide 20mg capsules (Advanz Pharma) (AMP)
41334711000001102,Lenalidomide 2.5mg capsules (Sun Pharma UK Ltd) (AMP)
41334911000001100,Lenalidomide 5mg capsules (Sun Pharma UK Ltd) (AMP)
41335111000001104,Lenalidomide 7.5mg capsules (Sun Pharma UK Ltd) (AMP)
41335311000001102,Lenalidomide 10mg capsules (Sun Pharma UK Ltd) (AMP)
41335511000001108,Lenalidomide 15mg capsules (Sun Pharma UK Ltd) (AMP)
41335711000001103,Lenalidomide 20mg capsules (Sun Pharma UK Ltd) (AMP)
41335911000001101,Lenalidomide 25mg capsules (Sun Pharma UK Ltd) (AMP)
41362511000001107,Pirfenidone 267mg tablets (Lupin Healthcare (UK) Ltd) (AMP)
41362711000001102,Pirfenidone 801mg tablets (Lupin Healthcare (UK) Ltd) (AMP)
41394711000001109,Bortezomib 3.5mg/1.4ml solution for injection vials (Accord-UK Ltd) (AMP)
41395211000001101,Bexarotene 75mg capsules (Celix Pharma Ltd) (AMP)
41411000001107,Penicillamine 250mg tablets (Viatris UK Healthcare Ltd) (AMP)
41416711000001108,Anagrelide 500microgram capsules (Glenmark Pharmaceuticals Europe Ltd) (AMP)
41416911000001105,Capecitabine 150mg tablets (Glenmark Pharmaceuticals Europe Ltd) (AMP)
41417111000001105,Capecitabine 500mg tablets (Glenmark Pharmaceuticals Europe Ltd) (AMP)
41425411000001101,Erlotinib 25mg tablets (Glenmark Pharmaceuticals Europe Ltd) (AMP)
41425611000001103,Erlotinib 100mg tablets (Glenmark Pharmaceuticals Europe Ltd) (AMP)
41425811000001104,Erlotinib 150mg tablets (Glenmark Pharmaceuticals Europe Ltd) (AMP)
41430111000001100,Lenalidomide 2.5mg capsules (Piramal Critical Care Ltd) (AMP)
41430411000001105,Lenalidomide 5mg capsules (Piramal Critical Care Ltd) (AMP)
41430711000001104,Lenalidomide 7.5mg capsules (Piramal Critical Care Ltd) (AMP)
41430911000001102,Lenalidomide 10mg capsules (Piramal Critical Care Ltd) (AMP)
41431111000001106,Lenalidomide 15mg capsules (Piramal Critical Care Ltd) (AMP)
41431311000001108,Lenalidomide 20mg capsules (Piramal Critical Care Ltd) (AMP)
41431511000001102,Lenalidomide 25mg capsules (Piramal Critical Care Ltd) (AMP)
41439611000001102,Pirfenidone 267mg tablets (Axunio Pharma GmbH) (AMP)
41440011000001102,Pirfenidone 801mg tablets (Axunio Pharma GmbH) (AMP)
41443411000001103,Pemetrexed 600mg/100ml infusion bags (Sun Pharma UK Ltd) (AMP)
41443711000001109,Gemcitabine 1g/26.3ml concentrate for solution for infusion vials (Hikma Pharmaceuticals International Ltd) (AMP)
41444011000001109,Pemetrexed 700mg/100ml infusion bags (Sun Pharma UK Ltd) (AMP)
41444211000001104,Gemcitabine 200mg/5.26ml concentrate for solution for infusion vials (Hikma Pharmaceuticals International Ltd) (AMP)
41444411000001100,Gemcitabine 2g/52.6ml concentrate for solution for infusion vials (Hikma Pharmaceuticals International Ltd) (AMP)
41444611000001102,Pemetrexed 750mg/100ml infusion bags (Sun Pharma UK Ltd) (AMP)
41445011000001108,Pemetrexed 800mg/100ml infusion bags (Sun Pharma UK Ltd) (AMP)
41445311000001106,Pemetrexed 900mg/100ml infusion bags (Sun Pharma UK Ltd) (AMP)
41445611000001101,Pemetrexed 1g/100ml infusion bags (Sun Pharma UK Ltd) (AMP)
41445911000001107,Pemetrexed 1.1g/100ml infusion bags (Sun Pharma UK Ltd) (AMP)
41448211000001105,Zejula 100mg tablets (GlaxoSmithKline UK Ltd) (AMP)
41456811000001108,Docetaxel 160mg/8ml concentrate for solution for infusion vials (Hikma Pharmaceuticals International Ltd) (AMP)
41457011000001104,Docetaxel 20mg/1ml concentrate for solution for infusion vials (Hikma Pharmaceuticals International Ltd) (AMP)
41457311000001101,Docetaxel 80mg/4ml concentrate for solution for infusion vials (Hikma Pharmaceuticals International Ltd) (AMP)
41457511000001107,Bortezomib 3.5mg powder for solution for injection vials (Tillomed Laboratories Ltd) (AMP)
41459011000001108,Bexarotene 75mg capsules (Advanz Pharma) (AMP)
41461911000001101,Pemetrexed 1.1g/100ml infusion bags (VMP)
41462011000001108,Pemetrexed 1g/100ml infusion bags (VMP)
41462111000001109,Pemetrexed 600mg/100ml infusion bags (VMP)
41462211000001103,Pemetrexed 700mg/100ml infusion bags (VMP)
41462311000001106,Pemetrexed 750mg/100ml infusion bags (VMP)
41462411000001104,Pemetrexed 800mg/100ml infusion bags (VMP)
41462511000001100,Pemetrexed 900mg/100ml infusion bags (VMP)
41463711000001102,Fingolimod 500microgram capsules (Glenmark Pharmaceuticals Europe Ltd) (AMP)
41473511000001100,Everolimus 2.5mg tablets (Martindale Pharmaceuticals Ltd) (AMP)
41473711000001105,Everolimus 10mg tablets (Martindale Pharmaceuticals Ltd) (AMP)
41487711000001109,Pirfenidone 801mg tablets (Glenmark Pharmaceuticals Europe Ltd) (AMP)
41487911000001106,Pirfenidone 267mg tablets (Glenmark Pharmaceuticals Europe Ltd) (AMP)
41488311000001106,Lenalidomide 2.5mg capsules (Amarox Ltd) (AMP)
41488511000001100,Lenalidomide 5mg capsules (Amarox Ltd) (AMP)
41488711000001105,Lenalidomide 7.5mg capsules (Amarox Ltd) (AMP)
41488911000001107,Lenalidomide 10mg capsules (Amarox Ltd) (AMP)
41489111000001102,Lenalidomide 15mg capsules (Amarox Ltd) (AMP)
41489311000001100,Lenalidomide 20mg capsules (Amarox Ltd) (AMP)
41489511000001106,Lenalidomide 25mg capsules (Amarox Ltd) (AMP)
41496711000001107,Fingolimod 500microgram capsules (Sun Pharma UK Ltd) (AMP)
41497311000001106,Capecitabine 150mg tablets (Amarox Ltd) (AMP)
41497511000001100,Capecitabine 500mg tablets (Amarox Ltd) (AMP)
41497711000001105,Pirfenidone 801mg tablets (Amarox Ltd) (AMP)
41500511000001108,Gemcitabine 1g powder for solution for infusion vials (Synchrony Pharma Ltd) (AMP)
41500711000001103,Gemcitabine 200mg powder for solution for infusion vials (Synchrony Pharma Ltd) (AMP)
41520911000001105,Thiotepa 100mg powder for concentrate for solution for infusion vials (MSN Laboratories Europe Ltd) (AMP)
41521111000001101,Thiotepa 15mg powder for concentrate for solution for infusion vials (MSN Laboratories Europe Ltd) (AMP)
41531711000001103,Imatinib 400mg capsules (Cipla EU Ltd) (AMP)
41546111000001107,Niraparib 100mg tablets (VMP)
41564311000001106,Bortezomib 3.5mg powder for solution for injection vials (Sun Pharma UK Ltd) (AMP)
4156611000001102,Enbrel 25mg powder and solvent for solution for injection vials (Pfizer Ltd) (AMP)
41577211000001103,Bortezomib 3.5mg/1.4ml solution for injection vials (Kent Pharma (UK) Ltd) (AMP)
41599311000001109,Capecitabine 150mg tablets (Waverley Pharma Europe Ltd) (AMP)
41599811000001100,Capecitabine 500mg tablets (Waverley Pharma Europe Ltd) (AMP)
41600111000001109,Pemetrexed 100mg powder for concentrate for solution for infusion vials (Waverley Pharma Europe Ltd) (AMP)
41600411000001104,Pemetrexed 500mg powder for concentrate for solution for infusion vials (Waverley Pharma Europe Ltd) (AMP)
41600711000001105,Temozolomide 20mg capsules (Waverley Pharma Europe Ltd) (AMP)
41601111000001103,Temozolomide 100mg capsules (Waverley Pharma Europe Ltd) (AMP)
41601411000001108,Temozolomide 140mg capsules (Waverley Pharma Europe Ltd) (AMP)
41601611000001106,Temozolomide 180mg capsules (Waverley Pharma Europe Ltd) (AMP)
41601811000001105,Temozolomide 250mg capsules (Waverley Pharma Europe Ltd) (AMP)
416803003,Paclitaxel 100mg powder for suspension for infusion vials (VMP)
41759011000001103,Azathioprine 25mg tablets (VMP)
41759111000001102,Azathioprine 50mg powder for solution for injection vials (VMP)
41759311000001100,Azathioprine 50mg tablets (VMP)
41759711000001101,Ciclosporin 100mg capsules (VMP)
41759811000001109,Ciclosporin 10mg capsules (VMP)
41760011000001102,Ciclosporin 25mg capsules (VMP)
41760111000001101,Ciclosporin 50mg capsules (VMP)
41760611000001109,Crizotinib 200mg capsules (VMP)
41760811000001108,Crizotinib 250mg capsules (VMP)
41760911000001103,Dabrafenib 50mg capsules (VMP)
41761011000001106,Dabrafenib 75mg capsules (VMP)
41761111000001107,Dasatinib 20mg tablets (VMP)
41761211000001101,Dasatinib 50mg tablets (VMP)
41761311000001109,Dasatinib 70mg tablets (VMP)
41763011000001107,Erlotinib 100mg tablets (VMP)
41763111000001108,Erlotinib 150mg tablets (VMP)
41763211000001102,Erlotinib 25mg tablets (VMP)
41763411000001103,Everolimus 10mg tablets (VMP)
41763511000001104,Everolimus 250microgram tablets (VMP)
41763611000001100,Everolimus 500microgram tablets (VMP)
41763711000001109,Everolimus 5mg tablets (VMP)
41763811000001101,Everolimus 750microgram tablets (VMP)
41764011000001109,Gefitinib 250mg tablets (VMP)
41764711000001106,Infliximab 100mg powder for solution for infusion vials (VMP)
41765011000001108,Lenalidomide 10mg capsules (VMP)
41765111000001109,Lenalidomide 5mg capsules (VMP)
41766011000001104,Mycophenolate mofetil 250mg capsules (VMP)
41766111000001103,Mycophenolate mofetil 500mg powder for solution for infusion vials (VMP)
41766211000001109,Mycophenolate mofetil 500mg tablets (VMP)
41766811000001105,Nilotinib 200mg capsules (VMP)
41767711000001104,Pomalidomide 1mg capsules (VMP)
41767811000001107,Pomalidomide 2mg capsules (VMP)
41767911000001102,Pomalidomide 3mg capsules (VMP)
41768011000001100,Pomalidomide 4mg capsules (VMP)
41768111000001104,Ponatinib 15mg tablets (VMP)
41768211000001105,Ponatinib 45mg tablets (VMP)
41768511000001108,Regorafenib 40mg tablets (VMP)
41769011000001105,Sirolimus 1mg tablets (VMP)
41769111000001106,Sirolimus 1mg/ml oral solution sugar free (VMP)
41769211000001100,Sirolimus 2mg tablets (VMP)
41769611000001103,Sorafenib 200mg tablets (VMP)
41770211000001103,Sunitinib 12.5mg capsules (VMP)
41770311000001106,Sunitinib 25mg capsules (VMP)
41770411000001104,Sunitinib 50mg capsules (VMP)
41770711000001105,Tacrolimus 1mg capsules (VMP)
41770811000001102,Tacrolimus 500microgram capsules (VMP)
41770911000001107,Tacrolimus 5mg capsules (VMP)
41771111000001103,Temozolomide 100mg capsules (VMP)
41771211000001109,Temozolomide 20mg capsules (VMP)
41771311000001101,Temozolomide 250mg capsules (VMP)
41771411000001108,Temozolomide 5mg capsules (VMP)
41771611000001106,Teriflunomide 14mg tablets (VMP)
41771711000001102,Thalidomide 50mg capsules (VMP)
41772111000001108,Trastuzumab 150mg powder for solution for infusion vials (VMP)
41772211000001102,Treosulfan 1g powder for solution for injection vials (VMP)
41772311000001105,Treosulfan 250mg capsules (VMP)
41772411000001103,Vismodegib 150mg capsules (VMP)
41783211000001100,Altretamine 50mg capsules (VMP)
41783611000001103,Auranofin 3mg tablets (VMP)
41783711000001107,Bendamustine 100mg/4ml solution for infusion vials (VMP)
41783811000001104,Bexarotene 75mg capsules (VMP)
41784011000001107,Busulfan 2mg tablets (VMP)
41784111000001108,Capecitabine 150mg tablets (VMP)
41784211000001102,Capecitabine 500mg tablets (VMP)
41784311000001105,Chlorambucil 2mg tablets (VMP)
41784611000001100,Cyclophosphamide 1g powder for solution for injection vials (VMP)
41784711000001109,Cyclophosphamide 200mg powder for solution for injection vials (VMP)
41784811000001101,Cyclophosphamide 25mg tablets (VMP)
41784911000001106,Cyclophosphamide 2g powder for solution for injection vials (VMP)
41785011000001106,Cyclophosphamide 500mg powder for solution for injection vials (VMP)
41785111000001107,Cyclophosphamide 50mg tablets (VMP)
41785211000001101,Dacarbazine 200mg powder for solution for injection vials (VMP)
41785311000001109,Dactinomycin 500microgram powder for solution for injection vials (VMP)
41785411000001102,Daunorubicin 20mg powder for solution for infusion vials (VMP)
41785811000001100,Doxorubicin 10mg powder for solution for injection vials (VMP)
41785911000001105,Doxorubicin 50mg powder for solution for injection vials (VMP)
41786311000001104,Epirubicin 10mg powder for solution for injection vials (VMP)
41786411000001106,Epirubicin 20mg powder for solution for injection vials (VMP)
41786511000001105,Epirubicin 50mg powder for solution for injection vials (VMP)
41786611000001109,Estramustine 140mg capsules (VMP)
41786711000001100,Etoposide 100mg capsules (VMP)
41786811000001108,Etoposide 100mg powder for solution for injection vials (VMP)
41786911000001103,Etoposide 50mg capsules (VMP)
41787611000001106,Fludarabine phosphate 10mg tablets (VMP)
41787711000001102,Fludarabine phosphate 50mg powder for solution for injection vials (VMP)
41787811000001105,Fluorouracil 250mg capsules (VMP)
41787911000001100,Gemcitabine 1g powder for solution for infusion vials (VMP)
41788011000001103,Gemcitabine 200mg powder for solution for infusion vials (VMP)
41788311000001100,Hydroxycarbamide 300mg capsules (VMP)
41788411000001107,Hydroxycarbamide 500mg capsules (VMP)
41788511000001106,Idarubicin 10mg capsules (VMP)
41788611000001105,Idarubicin 10mg powder for solution for injection vials (VMP)
41788711000001101,Idarubicin 25mg capsules (VMP)
41788811000001109,Idarubicin 5mg capsules (VMP)
41788911000001104,Idarubicin 5mg powder for solution for injection vials (VMP)
41789011000001108,Ifosfamide 1g powder for solution for injection vials (VMP)
41789111000001109,Ifosfamide 2g powder for solution for injection vials (VMP)
41790411000001108,Leflunomide 100mg tablets (VMP)
41790511000001107,Leflunomide 10mg tablets (VMP)
41790611000001106,Leflunomide 20mg tablets (VMP)
41790811000001105,Lomustine 100mg capsules (VMP)
41790911000001100,Lomustine 10mg capsules (VMP)
41791011000001108,Lomustine 40mg capsules (VMP)
41791711000001105,Melphalan 2mg tablets (VMP)
41791811000001102,Mercaptopurine 50mg tablets (VMP)
41791911000001107,Methotrexate 10mg tablets (VMP)
41792011000001100,Methotrexate 2.5mg tablets (VMP)
41792311000001102,Mitomycin 10mg powder for solution for injection vials (VMP)
41792411000001109,Mitomycin 20mg powder for solution for injection vials (VMP)
41792511000001108,Mitomycin 2mg powder for solution for injection vials (VMP)
41792611000001107,Mitomycin 40mg powder for intravesical solution vials (VMP)
41792711000001103,Mitotane 500mg tablets (VMP)
41793111000001105,Oxaliplatin 100mg powder for solution for infusion vials (VMP)
41793211000001104,Oxaliplatin 50mg powder for solution for infusion vials (VMP)
41793411000001100,Penicillamine 125mg tablets (VMP)
41793511000001101,Penicillamine 250mg tablets (VMP)
41793611000001102,Pentostatin 10mg powder for solution for injection vials (VMP)
41793811000001103,Procarbazine 50mg capsules (VMP)
41794111000001107,Raltitrexed 2mg powder for solution for infusion vials (VMP)
41794211000001101,Razoxane 125mg tablets (VMP)
41794811000001100,Tegafur 100mg / Uracil 224mg capsules (VMP)
41795111000001106,Thiotepa 15mg powder for solution for injection vials (VMP)
41795411000001101,Tioguanine 40mg tablets (VMP)
41795711000001107,Topotecan 1mg powder for solution for infusion vials (VMP)
41795811000001104,Topotecan 4mg powder for solution for infusion vials (VMP)
41795911000001109,Verteporfin 15mg powder for solution for infusion vials (VMP)
41796011000001101,Vindesine 5mg powder for solution for injection vials (VMP)
41911000001104,Azathioprine 50mg tablets (A A H Pharmaceuticals Ltd) (AMP)
41991311000001102,Calquence 100mg tablets (AstraZeneca UK Ltd) (AMP)
4200711000001102,Lanvis 40mg tablets (Aspen Pharma Trading Ltd) (AMP)
42066111000001101,Azacitidine 150mg powder for suspension for injection vials (Thornton & Ross Ltd) (AMP)
42066311000001104,Cabazitaxel 45mg/4.5ml concentrate for solution for infusion vials (Sandoz Ltd) (AMP)
42066511000001105,Cabazitaxel 60mg/6ml concentrate for solution for infusion vials (Sandoz Ltd) (AMP)
42069911000001107,Dasatinib 50mg tablets (Sandoz Ltd) (AMP)
42070111000001107,Dasatinib 80mg tablets (Sandoz Ltd) (AMP)
42072111000001106,Dasatinib 20mg tablets (Sandoz Ltd) (AMP)
42072911000001109,Dasatinib 100mg tablets (Sandoz Ltd) (AMP)
42073111000001100,Dasatinib 140mg tablets (Sandoz Ltd) (AMP)
42167511000001102,Acalabrutinib 100mg tablets (VMP)
42175211000001104,Teriflunomide 14mg tablets (Viatris UK Healthcare Ltd) (AMP)
42197711000001105,Advagraf 1mg modified-release capsules (Pilsco Ltd) (AMP)
42202711000001108,Cabazitaxel 60mg/3ml concentrate for solution for infusion vials (Genus Pharmaceuticals Ltd) (AMP)
42242511000001108,Gemcitabine 1.5g/150ml infusion bags (Sun Pharma UK Ltd) (AMP)
42243611000001102,Gemcitabine 1.3g/130ml infusion bags (Sun Pharma UK Ltd) (AMP)
42256611000001106,Azathioprine 75mg tablets (Resolution Chemicals Ltd) (AMP)
42256911000001100,Azathioprine 100mg tablets (Resolution Chemicals Ltd) (AMP)
42258311000001102,Spevigo 450mg/7.5ml concentrate for solution for infusion vials (LEO Pharma) (AMP)
42260811000001100,Tecentriq 1875mg/15ml solution for injection vials (Roche Products Ltd) (AMP)
42261811000001108,Teriflunomide 14mg tablets (Teva UK Ltd) (AMP)
42264711000001102,Atezolizumab 1.875g/15ml solution for injection vials (VMP)
42264811000001105,Azathioprine 100mg tablets (VMP)
42264911000001100,Azathioprine 75mg tablets (VMP)
42287711000001106,Leflunomide 10mg tablets (Rivopharm (UK) Ltd) (AMP)
42304411000001101,Gemcitabine 1.3g/130ml infusion bags (VMP)
42304511000001102,Gemcitabine 1.5g/150ml infusion bags (VMP)
42308711000001104,Bortezomib 7mg/2.8ml solution for injection vials (Thornton & Ross Ltd) (AMP)
42314611000001100,Mycophenolate mofetil 1g/5ml oral suspension sugar free (Rosemont Pharmaceuticals Ltd) (AMP)
42336911000001109,Bortezomib 7mg/2.8ml solution for injection vials (VMP)
42344311000001101,Columvi 2.5mg/2.5ml concentrate for solution for infusion vials (Roche Products Ltd) (AMP)
42344611000001106,Columvi 10mg/10ml concentrate for solution for infusion vials (Roche Products Ltd) (AMP)
42348811000001102,Glofitamab 10mg/10ml solution for infusion vials (VMP)
42348911000001107,Glofitamab 2.5mg/2.5ml solution for infusion vials (VMP)
42349811000001109,Fingolimod 500microgram capsules (Tillomed Laboratories Ltd) (AMP)
42359811000001106,Cabazitaxel 60mg/1.5ml concentrate and solvent for solution for infusion vials (Tillomed Laboratories Ltd) (AMP)
42360811000001105,Bortezomib 3.5mg powder for solution for injection vials (Fresenius Kabi Ltd) (AMP)
42361711000001105,Pemetrexed 1g/40ml concentrate for solution for infusion vials (Fresenius Kabi Ltd) (AMP)
42363311000001107,Talvey 40mg/1ml solution for injection vials (Janssen-Cilag Ltd) (AMP)
42363611000001102,Talvey 3mg/1.5ml solution for injection vials (Janssen-Cilag Ltd) (AMP)
42367811000001109,Talquetamab 3mg/1.5ml solution for injection vials (VMP)
42367911000001104,Talquetamab 40mg/1ml solution for injection vials (VMP)
42390511000001109,Spesolimab 450mg/7.5ml solution for infusion vials (VMP)
42414511000001105,Stelara 90mg/1ml solution for injection pre-filled pens (Janssen-Cilag Ltd) (AMP)
42414811000001108,Stelara 45mg/0.5ml solution for injection pre-filled pens (Janssen-Cilag Ltd) (AMP)
42428311000001100,Tyruko 300mg/15ml concentrate for solution for infusion vials (Sandoz Ltd) (AMP)
42445311000001107,Ustekinumab 45mg/0.5ml solution for injection pre-filled disposable devices (VMP)
42445411000001100,Ustekinumab 90mg/1ml solution for injection pre-filled disposable devices (VMP)
42451711000001107,Teriflunomide 14mg tablets (Sandoz Ltd) (AMP)
42479211000001102,Vinorelbine 20mg capsules (medac UK) (AMP)
42479711000001109,Vinorelbine 30mg capsules (medac UK) (AMP)
42479911000001106,Vinorelbine 80mg capsules (medac UK) (AMP)
42485211000001106,Zercepac 420mg powder for concentrate for solution for infusion vials (Accord-UK Ltd) (AMP)
42548611000001104,Etoposide 50mg capsules (Neon Healthcare Ltd) (AMP)
42548811000001100,Etoposide 100mg capsules (Neon Healthcare Ltd) (AMP)
42561711000001108,Epysqli 300mg/30ml concentrate for solution for infusion vials (Samsung Bioepis NL B.V. Ltd) (AMP)
42574711000001104,Lomustine 40mg capsules (CST Pharma Ltd) (AMP)
42586211000001107,Bekemv 300mg/30ml concentrate for solution for infusion vials (Amgen Ltd) (AMP)
42594211000001101,Bexarotene 75mg capsules (Genus Pharmaceuticals Ltd) (AMP)
42628211000001106,Tyenne 162mg/0.9ml solution for injection pre-filled syringes (Fresenius Kabi Ltd) (AMP)
42628411000001105,Tyenne 162mg/0.9ml solution for injection pre-filled pens (Fresenius Kabi Ltd) (AMP)
42629011000001106,Jayempi 10mg/ml oral suspension (Nova Laboratories Ltd) (AMP)
42634411000001103,Tyenne 400mg/20ml concentrate for solution for infusion vials (Fresenius Kabi Ltd) (AMP)
42634611000001100,Tyenne 200mg/10ml concentrate for solution for infusion vials (Fresenius Kabi Ltd) (AMP)
42634911000001106,Tyenne 80mg/4ml concentrate for solution for infusion vials (Fresenius Kabi Ltd) (AMP)
42642711000001100,Azathioprine 10mg/ml oral suspension sugar free (VMP)
42662811000001101,Sunitinib 12.5mg capsules (MSN Laboratories Europe Ltd) (AMP)
42663211000001108,Sunitinib 25mg capsules (MSN Laboratories Europe Ltd) (AMP)
42663411000001107,Sunitinib 50mg capsules (MSN Laboratories Europe Ltd) (AMP)
42676211000001109,Pirfenidone 267mg tablets (MSN Laboratories Europe Ltd) (AMP)
42676511000001107,Bortezomib 3.5mg powder for solution for injection vials (Milpharm Ltd) (AMP)
42676711000001102,Pirfenidone 801mg tablets (MSN Laboratories Europe Ltd) (AMP)
42678011000001100,Sorafenib 200mg tablets (Accord-UK Ltd) (AMP)
42679911000001109,Etoposide 100mg capsules (Alliance Healthcare (Distribution) Ltd) (AMP)
42680111000001106,Etoposide 50mg capsules (Alliance Healthcare (Distribution) Ltd) (AMP)
42702911000001104,Spexotras 50micrograms/ml oral solution (Novartis Pharmaceuticals UK Ltd) (AMP)
42712411000001109,Imatinib 100mg tablets (Orion Pharma (UK) Ltd) (AMP)
42712811000001106,Imatinib 400mg tablets (Orion Pharma (UK) Ltd) (AMP)
42713111000001105,Versavo 100mg/4ml concentrate for solution for infusion vials (Dr Reddy's Laboratories (UK) Ltd) (AMP)
42713411000001100,Versavo 400mg/16ml concentrate for solution for infusion vials (Dr Reddy's Laboratories (UK) Ltd) (AMP)
42721911000001100,Yuflyma 20mg/0.2ml solution for injection pre-filled syringes (Celltrion Healthcare UK Ltd) (AMP)
42726311000001109,Trabectedin 250microgram powder for concentrate for solution for infusion vials (Kent Pharma (UK) Ltd) (AMP)
42726511000001103,Trabectedin 1mg powder for concentrate for solution for infusion vials (Kent Pharma (UK) Ltd) (AMP)
42728911000001109,Oxaliplatin 200mg/40ml concentrate for solution for infusion vials (Seacross Pharmaceuticals Ltd) (AMP)
42729411000001109,Finlee 10mg dispersible tablets (Novartis Pharmaceuticals UK Ltd) (AMP)
42743011000001100,Doxorubicin pegylated liposomal 20mg/10ml concentrate for solution for infusion vials (Baxter Healthcare Ltd) (AMP)
42743211000001105,Doxorubicin pegylated liposomal 50mg/25ml concentrate for solution for infusion vials (Baxter Healthcare Ltd) (AMP)
42743411000001109,Doxorubicin pegylated liposomal 20mg/10ml concentrate for solution for infusion vials (Accord-UK Ltd) (AMP)
42743611000001107,Doxorubicin pegylated liposomal 50mg/25ml concentrate for solution for infusion vials (Accord-UK Ltd) (AMP)
42749211000001107,Verteporfin 15mg powder for solution for infusion vials (Neon Healthcare Ltd) (AMP)
42766611000001107,CellCept 500mg tablets (Abacus Medicine Ltd) (AMP)
42766811000001106,Gilenya 0.5mg capsules (Abacus Medicine Ltd) (AMP)
42771511000001108,Modigraf 1mg granules for oral suspension sachets (Abacus Medicine Ltd) (AMP)
42776911000001106,Vidaza 100mg powder for suspension for injection vials (Abacus Medicine Ltd) (AMP)
42785011000001107,Hyrimoz 40mg/0.4ml solution for injection pre-filled pens (Sandoz Ltd) (AMP)
42790711000001103,Ponatinib 30mg tablets (Incyte Biosciences UK Ltd) (AMP)
42791211000001104,Ponatinib 45mg tablets (Incyte Biosciences UK Ltd) (AMP)
42791511000001101,Ponatinib 15mg tablets (Incyte Biosciences UK Ltd) (AMP)
428011000001101,Azathioprine 50mg tablets (Sandoz Ltd) (AMP)
42850611000001103,Hyrimoz 40mg/0.4ml solution for injection pre-filled syringes (Sandoz Ltd) (AMP)
42854311000001100,Teriflunomide 14mg tablets (Dr Reddy's Laboratories (UK) Ltd) (AMP)
42874211000001105,Anagrelide 500microgram capsules (Brown & Burk UK Ltd) (AMP)
42880011000001104,Thalidomide 50mg capsules (Zentiva Pharma UK Ltd) (AMP)
42880211000001109,Dabrafenib 10mg dispersible tablets sugar free (VMP)
42880511000001107,Trametinib 50micrograms/ml oral solution sugar free (VMP)
42887511000001106,Fingolimod 500microgram capsules (Amarox Ltd) (AMP)
42896911000001101,Mycophenolate mofetil 1g/5ml oral suspension sugar free (A A H Pharmaceuticals Ltd) (AMP)
42962911000001105,Pyzchiva 90mg/1ml solution for injection pre-filled syringes (Sandoz Ltd) (AMP)
42963111000001101,Uzpruvo 45mg/0.5ml solution for injection pre-filled syringes (Genus Pharmaceuticals Holdings Ltd) (AMP)
42963311000001104,Uzpruvo 90mg/1ml solution for injection pre-filled syringes (Genus Pharmaceuticals Holdings Ltd) (AMP)
42963511000001105,Pyzchiva 130mg/26ml concentrate for solution for infusion vials (Sandoz Ltd) (AMP)
42963711000001100,Pyzchiva 45mg/0.5ml solution for injection pre-filled syringes (Sandoz Ltd) (AMP)
42989711000001104,Everolimus 2.5mg tablets (Teva UK Ltd) (AMP)
42997211000001101,Everolimus 5mg tablets (Teva UK Ltd) (AMP)
43008811000001101,Pirfenidone 267mg tablets (Amarox Ltd) (AMP)
43067311000001108,Doxorubicin 10mg/5ml concentrate for solution for infusion vials (Hikma Pharmaceuticals International Ltd) (AMP)
43069011000001101,Doxorubicin 50mg/25ml concentrate for solution for infusion vials (Hikma Pharmaceuticals International Ltd) (AMP)
43072411000001108,Epirubicin 10mg/5ml solution for injection vials (Hikma Pharmaceuticals International Ltd) (AMP)
43072711000001102,Epirubicin 50mg/25ml solution for injection vials (Hikma Pharmaceuticals International Ltd) (AMP)
43114211000001103,Wezenla 45mg/0.5ml solution for injection vials (Amgen Ltd) (AMP)
43114411000001104,Wezenla 45mg/0.5ml solution for injection pre-filled syringes (Amgen Ltd) (AMP)
43114611000001101,Wezenla 90mg/1ml solution for injection pre-filled syringes (Amgen Ltd) (AMP)
43114811000001102,Wezenla 130mg/26ml concentrate for solution for infusion vials (Amgen Ltd) (AMP)
43143811000001108,Imraldi 40mg/0.4ml solution for injection pre-filled pens (Biogen Idec Ltd) (AMP)
43144011000001100,Imraldi 40mg/0.4ml solution for injection pre-filled syringes (Biogen Idec Ltd) (AMP)
43160411000001109,Pemetrexed 500mg/20ml concentrate for solution for infusion vials (Fresenius Kabi Ltd) (AMP)
43160611000001107,Pemetrexed 100mg/4ml concentrate for solution for infusion vials (Fresenius Kabi Ltd) (AMP)
43173111000001100,Phelinun 50mg powder and solvent for concentrate for solution for infusion vials (Adienne Pharma & Biotech) (AMP)
43192211000001108,Mifamurtide 4mg powder for concentrate for dispersion for infusion vials (Esteve Pharmaceuticals Ltd) (AMP)
43266311000001102,Amgevita HCF 80mg/0.8ml solution for injection pre-filled pens (Amgen Ltd) (AMP)
4329311000001108,Targretin 75mg capsules (H.A.C. Pharma) (AMP)
4332011000001100,Glivec 100mg capsules (Novartis Pharmaceuticals UK Ltd) (AMP)
4338011000001102,Pegasys 135micrograms/0.5ml solution for injection pre-filled syringes (pharmaand GmbH) (AMP)
4338311000001104,Pegasys 180micrograms/0.5ml solution for injection pre-filled syringes (pharmaand GmbH) (AMP)
4346311000001104,CellCept 500mg powder for solution for infusion vials (Roche Products Ltd) (AMP)
43487111000001100,Simulect 20mg powder for solution for injection vials (Novartis Pharmaceuticals UK Ltd) (AMP)
43532911000001101,Basiliximab 20mg powder for solution for injection vials (VMP)
43541311000001107,Amgevita HCF 80mg/0.8ml solution for injection pre-filled syringes (Amgen Ltd) (AMP)
43541511000001101,Amgevita HCF 40mg/0.4ml solution for injection pre-filled pens (Amgen Ltd) (AMP)
43541811000001103,Amgevita HCF 40mg/0.4ml solution for injection pre-filled syringes (Amgen Ltd) (AMP)
43542611000001108,Amgevita HCF 20mg/0.2ml solution for injection pre-filled syringes (Amgen Ltd) (AMP)
4355111000001105,Fludara 10mg tablets (Sanofi) (AMP)
43634211000001107,Teriflunomide 14mg tablets (Accord-UK Ltd) (AMP)
4367011000001108,Lomustine 40mg capsules (medac UK) (AMP)
43796811000001101,Pomalidomide 1mg capsules (Viatris UK Healthcare Ltd) (AMP)
43797011000001105,Pomalidomide 2mg capsules (Viatris UK Healthcare Ltd) (AMP)
43797211000001100,Lenalidomide 2.5mg capsules (Grindeks Kalceks UK Ltd) (AMP)
43797411000001101,Pomalidomide 3mg capsules (Viatris UK Healthcare Ltd) (AMP)
43797611000001103,Lenalidomide 5mg capsules (Grindeks Kalceks UK Ltd) (AMP)
43797811000001104,Lenalidomide 7.5mg capsules (Grindeks Kalceks UK Ltd) (AMP)
43798011000001106,Pomalidomide 4mg capsules (Viatris UK Healthcare Ltd) (AMP)
43798111000001107,Lenalidomide 10mg capsules (Grindeks Kalceks UK Ltd) (AMP)
43798411000001102,Lenalidomide 15mg capsules (Grindeks Kalceks UK Ltd) (AMP)
43798611000001104,Lenalidomide 20mg capsules (Grindeks Kalceks UK Ltd) (AMP)
43798811000001100,Lenalidomide 25mg capsules (Grindeks Kalceks UK Ltd) (AMP)
43799211000001106,Bosutinib 100mg tablets (Dr Reddy's Laboratories (UK) Ltd) (AMP)
43799411000001105,Bosutinib 400mg tablets (Dr Reddy's Laboratories (UK) Ltd) (AMP)
43799611000001108,Bosutinib 500mg tablets (Dr Reddy's Laboratories (UK) Ltd) (AMP)
43804311000001104,Imatinib 100mg capsules (Grindeks Kalceks UK Ltd) (AMP)
43815711000001104,Teriflunomide 14mg tablets (A A H Pharmaceuticals Ltd) (AMP)
43876111000001103,Bortezomib 3.5mg powder for solution for injection vials (MSN Laboratories Europe Ltd) (AMP)
4391311000001103,Prograf 5mg/1ml solution for infusion ampoules (Astellas Pharma Ltd) (AMP)
43929711000001102,Bosutinib 100mg tablets (Pfizer Ltd) (AMP)
43930311000001108,Bosutinib 400mg tablets (Pfizer Ltd) (AMP)
43930611000001103,Bosutinib 500mg tablets (Pfizer Ltd) (AMP)
4398011000001107,Remicade 100mg powder for concentrate for solution for infusion vials (Janssen-Cilag Ltd) (AMP)
44002611000001100,Bevacizumab 3mg/0.12ml solution for injection pre-filled syringes (Special Order) (AMP)
44003111000001102,Bevacizumab 3.75mg/0.15ml solution for injection pre-filled syringes (Special Order) (AMP)
44007511000001101,Bevacizumab 3.75mg/0.15ml solution for injection pre-filled syringes (VMP)
44007611000001102,Bevacizumab 3mg/0.12ml solution for injection pre-filled syringes (VMP)
44021011000001106,Oxaliplatin 50mg/10ml concentrate for solution for infusion vials (AS Kalceks) (AMP)
44021811000001100,Azathioprine 100mg tablets (Alliance Healthcare (Distribution) Ltd) (AMP)
44022111000001102,Azathioprine 75mg tablets (Alliance Healthcare (Distribution) Ltd) (AMP)
44023911000001106,Oxaliplatin 100mg/20ml concentrate for solution for infusion vials (AS Kalceks) (AMP)
44024211000001104,Oxaliplatin 200mg/40ml concentrate for solution for infusion vials (AS Kalceks) (AMP)
44033311000001107,Eribulin 880micrograms/2ml solution for injection vials (Zentiva Pharma UK Ltd) (AMP)
44037211000001108,Bosutinib 100mg tablets (Zentiva Pharma UK Ltd) (AMP)
44037611000001105,Bosutinib 400mg tablets (Zentiva Pharma UK Ltd) (AMP)
44037911000001104,Bosutinib 500mg tablets (Zentiva Pharma UK Ltd) (AMP)
44060311000001105,Pembrolizumab (Keytruda) 80mg/50ml in Sodium chloride 0.9% infusion bags (Special Order) (AMP)
44060511000001104,Pembrolizumab 80mg/50ml in Sodium chloride 0.9% infusion bags (VMP)
44060711000001109,Pembrolizumab (Keytruda) 225mg/100ml in Sodium chloride 0.9% infusion bags (Special Order) (AMP)
44060911000001106,Pembrolizumab 225mg/100ml in Sodium chloride 0.9% infusion bags (VMP)
44061111000001102,Pembrolizumab (Keytruda) 100mg/50ml in Sodium chloride 0.9% infusion bags (Special Order) (AMP)
44061311000001100,Pembrolizumab 100mg/50ml in Sodium chloride 0.9% infusion bags (VMP)
44061511000001106,Pembrolizumab (Keytruda) 125mg/50ml in Sodium chloride 0.9% infusion bags (Special Order) (AMP)
44061811000001109,Pembrolizumab 125mg/50ml in Sodium chloride 0.9% infusion bags (VMP)
44061911000001104,Pembrolizumab (Keytruda) 250mg/100ml in Sodium chloride 0.9% infusion bags (Special Order) (AMP)
44062111000001107,Pembrolizumab 250mg/100ml in Sodium chloride 0.9% infusion bags (VMP)
44062311000001109,Pembrolizumab (Keytruda) 150mg/100ml in Sodium chloride 0.9% infusion bags (Special Order) (AMP)
44062511000001103,Pembrolizumab 150mg/100ml in Sodium chloride 0.9% infusion bags (VMP)
44062711000001108,Pembrolizumab (Keytruda) 275mg/100ml in Sodium chloride 0.9% infusion bags (Special Order) (AMP)
44062911000001105,Pembrolizumab 275mg/100ml in Sodium chloride 0.9% infusion bags (VMP)
44063111000001101,Pembrolizumab (Keytruda) 175mg/100ml in Sodium chloride 0.9% infusion bags (Special Order) (AMP)
44063411000001106,Pembrolizumab 175mg/100ml in Sodium chloride 0.9% infusion bags (VMP)
44063511000001105,Pembrolizumab (Keytruda) 300mg/100ml in Sodium chloride 0.9% infusion bags (Special Order) (AMP)
44063711000001100,Pembrolizumab 300mg/100ml in Sodium chloride 0.9% infusion bags (VMP)
44063911000001103,Pembrolizumab (Keytruda) 200mg/100ml in Sodium chloride 0.9% infusion bags (Special Order) (AMP)
44064111000001104,Pembrolizumab 200mg/100ml in Sodium chloride 0.9% infusion bags (VMP)
44064311000001102,Pembrolizumab (Keytruda) 350mg/100ml in Sodium chloride 0.9% infusion bags (Special Order) (AMP)
44064511000001108,Pembrolizumab 350mg/100ml in Sodium chloride 0.9% infusion bags (VMP)
44064811000001106,Pembrolizumab (Keytruda) 400mg/100ml in Sodium chloride 0.9% infusion bags (Special Order) (AMP)
44065011000001101,Pembrolizumab 400mg/100ml in Sodium chloride 0.9% infusion bags (VMP)
44067711000001105,Pomalidomide 1mg capsules (Zentiva Pharma UK Ltd) (AMP)
44068411000001100,Pomalidomide 2mg capsules (Zentiva Pharma UK Ltd) (AMP)
44069111000001103,Pomalidomide 3mg capsules (Zentiva Pharma UK Ltd) (AMP)
44069611000001106,Pomalidomide 4mg capsules (Zentiva Pharma UK Ltd) (AMP)
44090211000001100,Steqeyma 45mg/0.5ml solution for injection pre-filled syringes (Celltrion Healthcare UK Ltd) (AMP)
44090411000001101,Steqeyma 90mg/1ml solution for injection pre-filled syringes (Celltrion Healthcare UK Ltd) (AMP)
44090611000001103,Steqeyma 130mg/26ml concentrate for solution for infusion vials (Celltrion Healthcare UK Ltd) (AMP)
44110211000001109,Ogivri 420mg powder for concentrate for solution for infusion vials (Biocon Biologics Ireland Ltd) (AMP)
44110411000001108,Ogivri 150mg powder for concentrate for solution for infusion vials (Biocon Biologics Ireland Ltd) (AMP)
44112811000001106,Abevmy 400mg/16ml concentrate for solution for infusion vials (Biocon Biologics Ireland Ltd) (AMP)
44113011000001109,Abevmy 100mg/4ml concentrate for solution for infusion vials (Biocon Biologics Ireland Ltd) (AMP)
44113311000001107,Trabectedin 1mg powder for concentrate for solution for infusion vials (Genus Pharmaceuticals Ltd) (AMP)
44113911000001108,Trabectedin 250microgram powder for concentrate for solution for infusion vials (Genus Pharmaceuticals Ltd) (AMP)
44126111000001107,Uzpruvo 130mg/26ml concentrate for solution for infusion vials (Genus Pharmaceuticals Holdings Ltd) (AMP)
44137811000001101,Abraxane 100mg powder for dispersion for infusion vials (Bristol-Myers Squibb Pharmaceuticals Ltd) (AMP)
44139811000001109,Tuxxalib 100mg powder for dispersion for infusion vials (Genus Pharmaceuticals Ltd) (AMP)
44141411000001105,Pomalidomide 1mg capsules (Thornton & Ross Ltd) (AMP)
44142311000001107,Pomalidomide 2mg capsules (Thornton & Ross Ltd) (AMP)
44144611000001105,Pomalidomide 3mg capsules (Thornton & Ross Ltd) (AMP)
44144811000001109,Pomalidomide 4mg capsules (Thornton & Ross Ltd) (AMP)
44147011000001106,Eribulin 880micrograms/2ml solution for injection vials (Genus Pharmaceuticals Ltd) (AMP)
44147411000001102,Bosutinib 100mg tablets (Thornton & Ross Ltd) (AMP)
44148111000001108,Bosutinib 400mg tablets (Thornton & Ross Ltd) (AMP)
44148311000001105,Bosutinib 500mg tablets (Thornton & Ross Ltd) (AMP)
44149711000001100,Sirolimus 500microgram tablets (Pfizer Ltd) (AMP)
44150111000001108,Sirolimus 1mg tablets (Pfizer Ltd) (AMP)
44150311000001105,Sirolimus 2mg tablets (Pfizer Ltd) (AMP)
44157811000001102,Eribulin 880micrograms/2ml solution for injection vials (Eisai Ltd) (AMP)
44162711000001102,Eribulin 880micrograms/2ml solution for injection vials (Baxter Healthcare Ltd) (AMP)
44170511000001101,Irinotecan 100mg/5ml concentrate for solution for infusion vials (Amarox Ltd) (AMP)
44170711000001106,Irinotecan 300mg/15ml concentrate for solution for infusion vials (Amarox Ltd) (AMP)
44170911000001108,Irinotecan 40mg/2ml concentrate for solution for infusion vials (Amarox Ltd) (AMP)
44176311000001105,Teriflunomide 14mg tablets (Perennial Pharma Ltd) (AMP)
44195311000001109,Vyxeos liposomal 44mg/100mg powder for concentrate for solution for infusion vials (Jazz Pharmaceuticals UK Ltd) (AMP)
44195511000001103,Doxorubicin pegylated liposomal 20mg/10ml concentrate for solution for infusion vials (Sun Pharmaceutical Industries Europe B.V.) (AMP)
44196811000001108,Daunorubicin liposomal 44mg / Cytarabine liposomal 100mg powder for solution for infusion vials (VMP)
4419711000001107,Treosulfan 250mg capsules (A A H Pharmaceuticals Ltd) (AMP)
44197911000001100,Doxorubicin pegylated liposomal 50mg/25ml concentrate for solution for infusion vials (Sun Pharmaceutical Industries Europe B.V.) (AMP)
4419911000001109,Treosulfan 250mg capsules (Alliance Healthcare (Distribution) Ltd) (AMP)
4420211000001101,Temodal 20mg capsules (Merck Sharp & Dohme (UK) Ltd) (AMP)
4420511000001103,Temodal 100mg capsules (Merck Sharp & Dohme (UK) Ltd) (AMP)
4420811000001100,Temodal 250mg capsules (Merck Sharp & Dohme (UK) Ltd) (AMP)
44293011000001108,Teriflunomide 14mg tablets (Alliance Healthcare (Distribution) Ltd) (AMP)
4430311000001107,Vepesid 50mg capsules (Neon Healthcare Ltd) (AMP)
4430611000001102,Vepesid 100mg capsules (Neon Healthcare Ltd) (AMP)
4430911000001108,Vepesid 100mg/5ml solution for infusion vials (Bristol-Myers Squibb Pharmaceuticals Ltd) (AMP)
44316911000001109,Pomalidomide 1mg capsules (Accord-UK Ltd) (AMP)
44317111000001109,Pomalidomide 2mg capsules (Accord-UK Ltd) (AMP)
44317411000001104,Pomalidomide 3mg capsules (Accord-UK Ltd) (AMP)
44317611000001101,Pomalidomide 4mg capsules (Accord-UK Ltd) (AMP)
44334911000001106,Dasatinib 20mg tablets (Thornton & Ross Ltd) (AMP)
44335211000001101,Dasatinib 50mg tablets (Thornton & Ross Ltd) (AMP)
44335611000001104,Dasatinib 80mg tablets (Thornton & Ross Ltd) (AMP)
44335811000001100,Dasatinib 100mg tablets (Thornton & Ross Ltd) (AMP)
44336011000001102,Dasatinib 140mg tablets (Thornton & Ross Ltd) (AMP)
44369811000001106,Pomalidomide 1mg capsules (Wockhardt UK Ltd) (AMP)
44370911000001103,Pomalidomide 2mg capsules (Wockhardt UK Ltd) (AMP)
44371411000001102,Pomalidomide 3mg capsules (Wockhardt UK Ltd) (AMP)
44371711000001108,Pomalidomide 4mg capsules (Wockhardt UK Ltd) (AMP)
44374411000001100,Eribulin 880micrograms/2ml solution for injection vials (Kent Pharma (UK) Ltd) (AMP)
44437111000001107,Thiotepa 15mg powder for concentrate for solution for infusion vials (Seacross Pharmaceuticals Ltd) (AMP)
44437311000001109,Thiotepa 100mg powder for concentrate for solution for infusion vials (Seacross Pharmaceuticals Ltd) (AMP)
4445211000001107,Xeloda 150mg tablets (Roche Products Ltd) (AMP)
4445511000001105,Xeloda 500mg tablets (Roche Products Ltd) (AMP)
44455311000001102,Apexelsin 100mg powder for dispersion for infusion vials (Zentiva Pharma UK Ltd) (AMP)
44495011000001105,Mektovi 45mg tablets (Pierre Fabre Ltd) (AMP)
44511711000001103,Cabozantinib 20mg tablets (Ipsen Ltd) (AMP)
44511911000001101,Cabozantinib 40mg tablets (Ipsen Ltd) (AMP)
44512111000001109,Cabozantinib 60mg tablets (Ipsen Ltd) (AMP)
4453011000001100,Uftoral capsules (Merck Serono Ltd) (AMP)
4454611000001105,Zavedos 5mg capsules (Pfizer Ltd) (AMP)
4455011000001104,Zavedos 10mg capsules (Pfizer Ltd) (AMP)
4455411000001108,Zavedos 25mg capsules (Pfizer Ltd) (AMP)
44555511000001104,Cabozantinib 20mg tablets (A A H Pharmaceuticals Ltd) (AMP)
44555711000001109,Cabozantinib 40mg tablets (A A H Pharmaceuticals Ltd) (AMP)
44556211000001108,Eribulin 880micrograms/2ml solution for injection vials (A A H Pharmaceuticals Ltd) (AMP)
4455911000001100,Zavedos 5mg powder for solution for injection vials (Pfizer Ltd) (AMP)
4456211000001103,Zavedos 10mg powder for solution for injection vials (Pfizer Ltd) (AMP)
4465211000001102,Mitoxantrone 20mg/10ml concentrate for solution for infusion vials (Pfizer Ltd) (AMP)
4465811000001101,Novantrone 20mg/10ml solution for infusion vials (Wyeth Pharmaceuticals) (AMP)
4466011000001103,Onkotrone 20mg/10ml solution for infusion vials (Baxter Healthcare Ltd) (AMP)
4467411000001109,Onkotrone 25mg/12.5ml solution for infusion vials (Baxter Healthcare Ltd) (AMP)
44679511000001105,Binimetinib 45mg tablets (VMP)
4469711000001106,Novantrone 25mg/12.5ml solution for infusion vials (Wyeth Pharmaceuticals) (AMP)
4471911000001104,Novantrone 30mg/15ml solution for infusion vials (Wyeth Pharmaceuticals) (AMP)
4474711000001103,Onkotrone 30mg/15ml solution for infusion vials (ASTA Medica Ltd) (AMP)
4475511000001109,Cisplatin 10mg/10ml solution for infusion vials (A A H Pharmaceuticals Ltd) (AMP)
4475811000001107,Cisplatin 10mg/10ml concentrate for solution for infusion vials (Hospira UK Ltd) (AMP)
4476011000001105,Cisplatin 10mg/10ml solution for infusion vials (Alliance Healthcare (Distribution) Ltd) (AMP)
4476611000001103,Cisplatin 50mg/50ml solution for infusion vials (A A H Pharmaceuticals Ltd) (AMP)
4476911000001109,Cisplatin 50mg/50ml concentrate for solution for infusion vials (Pfizer Ltd) (AMP)
4477311000001106,Cisplatin 50mg/50ml concentrate for solution for infusion vials (Alliance Healthcare (Distribution) Ltd) (AMP)
4477811000001102,Cisplatin 100mg/100ml solution for infusion vials (A A H Pharmaceuticals Ltd) (AMP)
4478011000001109,Cisplatin 100mg/100ml solution for infusion vials (Wockhardt UK Ltd) (AMP)
4478311000001107,Cisplatin 100mg/100ml concentrate for solution for infusion vials (Pfizer Ltd) (AMP)
44784211000001109,Teriflunomide 14mg tablets (MSN Laboratories Europe Ltd) (AMP)
4478711000001106,Cisplatin 100mg/100ml concentrate for solution for infusion vials (Alliance Healthcare (Distribution) Ltd) (AMP)
4483411000001100,Mitoxantrone 20mg/10ml solution for infusion vials (VMP)
4483511000001101,Mitoxantrone 25mg/12.5ml solution for infusion vials (VMP)
4483611000001102,Mitoxantrone 30mg/15ml solution for infusion vials (VMP)
44884511000001109,Cabozantinib 60mg tablets (A A H Pharmaceuticals Ltd) (AMP)
4488611000001109,Cisplatin 100mg/100ml solution for infusion vials (VMP)
4488711000001100,Cisplatin 10mg/10ml solution for infusion vials (VMP)
4488811000001108,Cisplatin 50mg/50ml solution for infusion vials (VMP)
4489611000001100,Pharmorubicin Rapid Dissolution 20mg powder for solution for injection vials (Pfizer Ltd) (AMP)
44929211000001107,Erlotinib 150mg tablets (Alliance Healthcare (Distribution) Ltd) (AMP)
44929511000001105,Erlotinib 25mg tablets (Alliance Healthcare (Distribution) Ltd) (AMP)
44929611000001109,"Bleomycin 15,000unit powder for solution for injection vials (Neon Healthcare Ltd) (AMP)"
4494511000001102,Pharmorubicin Rapid Dissolution 50mg powder for solution for injection vials (Pfizer Ltd) (AMP)
44945711000001104,Cisplatin 100mg/100ml concentrate for solution for infusion vials (Hikma Pharmaceuticals International Ltd) (AMP)
44945911000001102,Cisplatin 50mg/50ml concentrate for solution for infusion vials (Hikma Pharmaceuticals International Ltd) (AMP)
44949211000001109,Otulfi 45mg/0.5ml solution for injection pre-filled syringes (Fresenius Kabi Ltd) (AMP)
44949411000001108,Otulfi 90mg/1ml solution for injection pre-filled syringes (Fresenius Kabi Ltd) (AMP)
44949611000001106,Otulfi 130mg/26ml concentrate for solution for infusion vials (Fresenius Kabi Ltd) (AMP)
44951611000001107,Imuldosa 45mg/0.5ml solution for injection pre-filled syringes (Accord-UK Ltd) (AMP)
44951811000001106,Imuldosa 90mg/1ml solution for injection pre-filled syringes (Accord-UK Ltd) (AMP)
44952011000001108,Carmustine 100mg powder and solvent for concentrate for solution for infusion vials (Accord-UK Ltd) (AMP)
44958611000001104,Fingolimod 500microgram capsules (Alliance Healthcare (Distribution) Ltd) (AMP)
4496611000001107,Cosmegen Lyovac 500microgram powder for solution for injection vials (Recordati Rare Diseases UK Ltd) (AMP)
44984611000001103,Thiotepa 15mg powder for concentrate for solution for infusion vials (Fresenius Kabi Ltd) (AMP)
44985211000001104,Thiotepa 100mg powder for concentrate for solution for infusion vials (Fresenius Kabi Ltd) (AMP)
44990811000001108,Teriflunomide 14mg tablets (Axunio Pharma GmbH) (AMP)
45012711000001103,Opdivo 600mg/5ml solution for injection vials (Bristol-Myers Squibb Pharmaceuticals Ltd) (AMP)
4511211000001109,Razoxane 125mg tablets (A A H Pharmaceuticals Ltd) (AMP)
4511411000001108,Razoxane 125mg tablets (Cambridge Laboratories Ltd) (AMP)
4511611000001106,Razoxane 125mg tablets (Alliance Healthcare (Distribution) Ltd) (AMP)
45160911000001106,Nivolumab 600mg/5ml solution for injection vials (VMP)
45168811000001103,Cyclophosphamide 1g powder for solution for injection vials (Seacross Pharmaceuticals Ltd) (AMP)
45169011000001104,Cyclophosphamide 500mg powder for solution for injection vials (Seacross Pharmaceuticals Ltd) (AMP)
45169211000001109,Cyclophosphamide 2g powder for solution for injection vials (Seacross Pharmaceuticals Ltd) (AMP)
45169611000001106,Axitinib 1mg tablets (Genus Pharmaceuticals Ltd) (AMP)
45169811000001105,Axitinib 3mg tablets (Genus Pharmaceuticals Ltd) (AMP)
45170011000001101,Axitinib 5mg tablets (Genus Pharmaceuticals Ltd) (AMP)
45170211000001106,Axitinib 7mg tablets (Genus Pharmaceuticals Ltd) (AMP)
45180611000001102,Imuldosa 130mg/26ml concentrate for solution for infusion vials (Accord-UK Ltd) (AMP)
45267011000001105,Pomalidomide 1mg capsules (Amarox Ltd) (AMP)
45268011000001106,Pomalidomide 2mg capsules (Amarox Ltd) (AMP)
45268311000001109,Pomalidomide 3mg capsules (Amarox Ltd) (AMP)
45268711000001108,Pomalidomide 4mg capsules (Amarox Ltd) (AMP)
45274011000001105,Teriflunomide 14mg tablets (Amarox Ltd) (AMP)
45274211000001100,Axitinib 1mg tablets (Pfizer Ltd) (AMP)
45274511000001102,Axitinib 3mg tablets (Pfizer Ltd) (AMP)
45274811000001104,Axitinib 5mg tablets (Pfizer Ltd) (AMP)
45275211000001104,Axitinib 7mg tablets (Pfizer Ltd) (AMP)
45275411000001100,Irinotecan 500mg/25ml concentrate for solution for infusion vials (Amarox Ltd) (AMP)
45279111000001107,Ilaris 150mg/1ml solution for injection pre-filled pens (Novartis Pharmaceuticals UK Ltd) (AMP)
45284211000001109,Wezenla 45mg/0.5ml solution for injection pre-filled pens (Amgen Ltd) (AMP)
45284411000001108,Wezenla 90mg/1ml solution for injection pre-filled pens (Amgen Ltd) (AMP)
45285011000001100,Axitinib 1mg tablets (Teva UK Ltd) (AMP)
45285511000001108,Axitinib 3mg tablets (Teva UK Ltd) (AMP)
45285711000001103,Axitinib 5mg tablets (Teva UK Ltd) (AMP)
45287211000001102,Pyzchiva 90mg/1ml solution for injection pre-filled pens (Sandoz Ltd) (AMP)
45295411000001105,Axitinib 7mg tablets (Teva UK Ltd) (AMP)
45295711000001104,Axitinib 1mg tablets (Accord-UK Ltd) (AMP)
45296711000001107,Axitinib 3mg tablets (Accord-UK Ltd) (AMP)
45297811000001102,Axitinib 5mg tablets (Accord-UK Ltd) (AMP)
45302611000001109,Nilotinib 200mg capsules (Teva UK Ltd) (AMP)
45302911000001103,Nilotinib 150mg capsules (Teva UK Ltd) (AMP)
45330411000001101,Fingolimod 500microgram capsules (Genus Pharmaceuticals Holdings Ltd) (AMP)
45336711000001105,Pomalidomide 1mg capsules (Grindeks Kalceks UK Ltd) (AMP)
45336911000001107,Pomalidomide 2mg capsules (Grindeks Kalceks UK Ltd) (AMP)
45337111000001107,Pomalidomide 3mg capsules (Grindeks Kalceks UK Ltd) (AMP)
45337311000001109,Pomalidomide 4mg capsules (Grindeks Kalceks UK Ltd) (AMP)
45404411000001106,Ituxredi 500mg/50ml concentrate for solution for infusion vials (Dr Reddy's Laboratories (UK) Ltd) (AMP)
45409511000001109,Bevqolva 100mg/4ml concentrate for solution for infusion vials (CuraTeQ Biologics s.r.o.) (AMP)
45409711000001104,Bevqolva 400mg/16ml concentrate for solution for infusion vials (CuraTeQ Biologics s.r.o.) (AMP)
45414511000001108,Cisplatin 10mg/10ml concentrate for solution for infusion vials (Amarox Ltd) (AMP)
45415011000001101,Cisplatin 50mg/50ml concentrate for solution for infusion vials (Amarox Ltd) (AMP)
45415211000001106,Cisplatin 100mg/100ml concentrate for solution for infusion vials (Amarox Ltd) (AMP)
45416811000001104,Pyzchiva 45mg/0.5ml solution for injection pre-filled pens (Sandoz Ltd) (AMP)
45426211000001105,Nilotinib 150mg capsules (Zentiva Pharma UK Ltd) (AMP)
45426911000001101,Nilotinib 200mg capsules (Zentiva Pharma UK Ltd) (AMP)
45435911000001105,Canakinumab 150mg/1ml solution for injection pre-filled disposable devices (VMP)
45436711000001100,Eribulin 880micrograms/2ml solution for injection vials (Dr Reddy's Laboratories (UK) Ltd) (AMP)
45480211000001100,Ituxredi 100mg/10ml concentrate for solution for infusion vials (Dr Reddy's Laboratories (UK) Ltd) (AMP)
45491411000001106,Pirfenidone 267mg tablets (Novumgen Ltd) (AMP)
45491811000001108,Pirfenidone 801mg tablets (Novumgen Ltd) (AMP)
45493411000001105,Nilotinib 200mg capsules (Accord-UK Ltd) (AMP)
45495511000001108,Nilotinib 150mg capsules (Accord-UK Ltd) (AMP)
45512711000001100,Azacitidine 200mg tablets (MSN Laboratories Europe Ltd) (AMP)
45513111000001107,Azacitidine 300mg tablets (MSN Laboratories Europe Ltd) (AMP)
45523111000001104,Jakavi 5mg/ml oral solution (Novartis Pharmaceuticals UK Ltd) (AMP)
45535711000001100,Lenvatinib 4mg capsules (Eisai Ltd) (AMP)
45535911000001103,Lenvatinib 10mg capsules (Eisai Ltd) (AMP)
45544911000001101,Mercaptopurine 50mg tablets (Accord-UK Ltd) (AMP)
45559711000001104,Gobivaz 50mg/0.5ml solution for injection pre-filled syringes (Advanz Pharma) (AMP)
45560011000001100,Gobivaz 100mg/1ml solution for injection pre-filled pens (Advanz Pharma) (AMP)
45561011000001109,Gobivaz 50mg/0.5ml solution for injection pre-filled pens (Advanz Pharma) (AMP)
45563811000001104,Sunitinib 12.5mg capsules (Alliance Healthcare (Distribution) Ltd) (AMP)
45564211000001102,Imatinib 100mg tablets (Alliance Healthcare (Distribution) Ltd) (AMP)
45564911000001106,Everolimus 10mg tablets (Alliance Healthcare (Distribution) Ltd) (AMP)
45565311000001109,Everolimus 5mg tablets (Alliance Healthcare (Distribution) Ltd) (AMP)
45573711000001104,Teriflunomide 14mg tablets (Torrent Pharma (UK) Ltd) (AMP)
45574011000001104,Sorafenib 200mg tablets (Torrent Pharma (UK) Ltd) (AMP)
45574211000001109,Apremilast 30mg tablets (Aristo Pharma Ltd) (AMP)
45574711000001102,Pazopanib 200mg tablets (Genus Pharmaceuticals Ltd) (AMP)
45574911000001100,Pazopanib 400mg tablets (Genus Pharmaceuticals Ltd) (AMP)
45595211000001103,Apremilast 10mg tablets (Aristo Pharma Ltd) (AMP)
45595411000001104,Apremilast 20mg tablets (Aristo Pharma Ltd) (AMP)
45595711000001105,Apremilast 10mg/20mg/30mg tablets treatment initiation pack (Aristo Pharma Ltd) (AMP)
45611811000001107,Trabectedin 1mg powder for concentrate for solution for infusion vials (Accord-UK Ltd) (AMP)
45612011000001109,Trabectedin 250microgram powder for concentrate for solution for infusion vials (Accord-UK Ltd) (AMP)
45623411000001102,Mitotane 500mg tablets (Esteve Pharmaceuticals Ltd) (AMP)
45628711000001102,Apremilast 30mg tablets (Genus Pharmaceuticals Ltd) (AMP)
45628911000001100,Ruxolitinib 5mg/ml oral solution sugar free (VMP)
45631211000001102,Pazopanib 200mg tablets (Zentiva Pharma UK Ltd) (AMP)
45631411000001103,Pazopanib 400mg tablets (Zentiva Pharma UK Ltd) (AMP)
45632211000001109,Apremilast 10mg tablets (Genus Pharmaceuticals Ltd) (AMP)
45632411000001108,Apremilast 20mg tablets (Genus Pharmaceuticals Ltd) (AMP)
45632711000001102,Apremilast 10mg/20mg/30mg tablets treatment initiation pack (Genus Pharmaceuticals Ltd) (AMP)
45633311000001106,Myrin 100mg tablets (Lipomed GmbH) (AMP)
45637211000001107,Naveruclif 100mg powder for dispersion for infusion vials (Accord-UK Ltd) (AMP)
45640711000001102,Oxaliplatin 100mg/20ml concentrate for solution for infusion vials (Amarox Ltd) (AMP)
45640911000001100,Oxaliplatin 200mg/40ml concentrate for solution for infusion vials (Amarox Ltd) (AMP)
45641111000001109,Oxaliplatin 50mg/10ml concentrate for solution for infusion vials (Amarox Ltd) (AMP)
4564711000001100,Rapamune 2mg tablets (Pfizer Ltd) (AMP)
45664411000001108,Pazopanib 200mg tablets (Dr Reddy's Laboratories (UK) Ltd) (AMP)
45664611000001106,Pazopanib 400mg tablets (Dr Reddy's Laboratories (UK) Ltd) (AMP)
45665311000001102,Avtozma 80mg/4ml concentrate for solution for infusion vials (Celltrion Healthcare UK Ltd) (AMP)
45665511000001108,Avtozma 200mg/10ml concentrate for solution for infusion vials (Celltrion Healthcare UK Ltd) (AMP)
45665711000001103,Avtozma 400mg/20ml concentrate for solution for infusion vials (Celltrion Healthcare UK Ltd) (AMP)
45665911000001101,Avtozma 162mg/0.9ml solution for injection pre-filled pens (Celltrion Healthcare UK Ltd) (AMP)
45666111000001105,Avtozma 162mg/0.9ml solution for injection pre-filled syringes (Celltrion Healthcare UK Ltd) (AMP)
45669211000001108,Carmustine 100mg powder and solvent for concentrate for solution for infusion vials (MSN Laboratories Europe Ltd) (AMP)
45669411000001107,Dasatinib 50mg tablets (MSN Laboratories Europe Ltd) (AMP)
45669611000001105,Dasatinib 100mg tablets (MSN Laboratories Europe Ltd) (AMP)
45673611000001103,Fingolimod 500microgram capsules (MSN Laboratories Europe Ltd) (AMP)
45675211000001101,Apremilast 10mg tablets (Teva UK Ltd) (AMP)
45675411000001102,Apremilast 20mg tablets (Teva UK Ltd) (AMP)
45675611000001104,Apremilast 30mg tablets (Teva UK Ltd) (AMP)
45675911000001105,Apremilast 10mg/20mg/30mg tablets treatment initiation pack (Teva UK Ltd) (AMP)
456811000001107,Neoral 100mg capsules (Novartis Pharmaceuticals UK Ltd) (AMP)
45690411000001100,Apremilast 30mg tablets (Accord-UK Ltd) (AMP)
45690611000001102,Apremilast 10mg tablets (Accord-UK Ltd) (AMP)
45690811000001103,Apremilast 20mg tablets (Accord-UK Ltd) (AMP)
45691111000001104,Apremilast 10mg/20mg/30mg tablets treatment initiation pack (Accord-UK Ltd) (AMP)
45691511000001108,Pazopanib 200mg tablets (Accord-UK Ltd) (AMP)
45691711000001103,Pazopanib 400mg tablets (Accord-UK Ltd) (AMP)
45696011000001107,Etoposide 100mg powder for solution for injection vials (Imported) (AMP)
45723911000001102,Apremilast 30mg tablets (Celix Pharma Ltd) (AMP)
45724511000001107,Apremilast 10mg tablets (Celix Pharma Ltd) (AMP)
45724811000001105,Apremilast 20mg tablets (Celix Pharma Ltd) (AMP)
45725111000001104,Apremilast 10mg/20mg/30mg tablets treatment initiation pack (Celix Pharma Ltd) (AMP)
45732911000001107,Keytruda 395mg/2.4ml solution for injection vials (Merck Sharp & Dohme (UK) Ltd) (AMP)
45733211000001109,Keytruda 790mg/4.8ml solution for injection vials (Merck Sharp & Dohme (UK) Ltd) (AMP)
45737311000001108,Melphalan 50mg powder and solvent for solution for injection vials (Amarox Ltd) (AMP)
45743611000001105,Imatinib 100mg tablets (Crescent Pharma Ltd) (AMP)
45743911000001104,Temozolomide 100mg capsules (Crescent Pharma Ltd) (AMP)
45744611000001108,Temozolomide 250mg capsules (Crescent Pharma Ltd) (AMP)
45746711000001108,Temozolomide 5mg capsules (Crescent Pharma Ltd) (AMP)
45750611000001103,Pembrolizumab 395mg/2.4ml solution for injection vials (VMP)
45750711000001107,Pembrolizumab 790mg/4.8ml solution for injection vials (VMP)
45755111000001103,Apremilast 30mg tablets (Krka UK Ltd) (AMP)
45758611000001100,Retsevmo 40mg tablets (Eli Lilly and Company Ltd) (AMP)
45758811000001101,Retsevmo 80mg tablets (Eli Lilly and Company Ltd) (AMP)
45769011000001109,Selpercatinib 40mg tablets (VMP)
45769111000001105,Selpercatinib 80mg tablets (VMP)
45769911000001108,Apremilast 10mg/20mg/30mg tablets treatment initiation pack (Alliance Healthcare (Distribution) Ltd) (AMP)
45770211000001102,Apremilast 30mg tablets (Alliance Healthcare (Distribution) Ltd) (AMP)
45770511000001104,Apremilast 10mg tablets (Alliance Healthcare (Distribution) Ltd) (AMP)
45770611000001100,Apremilast 20mg tablets (Alliance Healthcare (Distribution) Ltd) (AMP)
45772411000001102,Pirfenidone 801mg tablets (Alliance Healthcare (Distribution) Ltd) (AMP)
45772611000001104,Pirfenidone 267mg tablets (Alliance Healthcare (Distribution) Ltd) (AMP)
45773411000001106,Imatinib 100mg tablets (Thornton & Ross Ltd) (AMP)
45778311000001107,Ofev 25mg capsules (Boehringer Ingelheim Ltd) (AMP)
45779111000001103,Imatinib 400mg tablets (Thornton & Ross Ltd) (AMP)
45792311000001101,Nintedanib 25mg capsules (VMP)
45796211000001105,Apremilast 30mg tablets (Torrent Pharma (UK) Ltd) (AMP)
45814511000001104,Nintedanib 100mg capsules (Advanz Pharma) (AMP)
45814711000001109,Nintedanib 150mg capsules (Advanz Pharma) (AMP)
45815011000001106,Nintedanib 100mg capsules (Accord-UK Ltd) (AMP)
45815311000001109,Nintedanib 150mg capsules (Accord-UK Ltd) (AMP)
45823211000001109,Apremilast 30mg tablets (A A H Pharmaceuticals Ltd) (AMP)
45823511000001107,Apremilast 10mg tablets (A A H Pharmaceuticals Ltd) (AMP)
45823811000001105,Apremilast 20mg tablets (A A H Pharmaceuticals Ltd) (AMP)
45824211000001107,Apremilast 10mg/20mg/30mg tablets treatment initiation pack (A A H Pharmaceuticals Ltd) (AMP)
45835211000001106,Apacross 100mg powder for dispersion for infusion vials (Seacross Pharmaceuticals Ltd) (AMP)
45837211000001103,Nintedanib 100mg capsules (Teva UK Ltd) (AMP)
45837411000001104,Nintedanib 150mg capsules (Teva UK Ltd) (AMP)
45839711000001102,Nintedanib 100mg capsules (Dr Reddy's Laboratories (UK) Ltd) (AMP)
45840011000001106,Nintedanib 150mg capsules (Dr Reddy's Laboratories (UK) Ltd) (AMP)
45840211000001101,Nexalboz 100mg powder for dispersion for infusion vials (Dr Reddy's Laboratories (UK) Ltd) (AMP)
45889711000001107,Nintedanib 100mg capsules (Celix Pharma Ltd) (AMP)
45889911000001109,Nintedanib 150mg capsules (Celix Pharma Ltd) (AMP)
4595211000001106,DTIC-Dome 200mg powder for solution for injection vials (Bayer Plc) (AMP)
4595711000001104,Dacarbazine 200mg powder for solution for injection vials (Hospira UK Ltd) (AMP)
45989211000001109,Azathioprine 25mg tablets (Noumed Life Sciences Ltd) (AMP)
45989411000001108,Azathioprine 50mg tablets (Noumed Life Sciences Ltd) (AMP)
45995011000001102,Leflunomide 10mg tablets (Milpharm Ltd) (AMP)
45997211000001104,Apremilast 10mg tablets (Amarox Ltd) (AMP)
45997511000001101,Apremilast 20mg tablets (Amarox Ltd) (AMP)
45997711000001106,Apremilast 30mg tablets (Amarox Ltd) (AMP)
45998211000001100,Apremilast 10mg/20mg/30mg tablets treatment initiation pack (Amarox Ltd) (AMP)
46000811000001106,Mycophenolate mofetil 500mg tablets (Milpharm Ltd) (AMP)
4619811000001101,Alkeran 50mg powder and solvent for solution for injection vials (Aspen Pharma Trading Ltd) (AMP)
4625511000001105,Leukeran 5mg tablets (GlaxoSmithKline UK Ltd) (AMP)
4626011000001106,Taxotere 20mg/0.5ml solution for infusion vials and diluent (Sanofi) (AMP)
4629111000001104,Taxol 30mg/5ml solution for infusion vials (Bristol-Myers Squibb Pharmaceuticals Ltd) (AMP)
4629411000001109,Taxol 100mg/16.7ml solution for infusion vials (Bristol-Myers Squibb Pharmaceuticals Ltd) (AMP)
4630011000001106,Taxotere 80mg/2ml solution for infusion vials and diluent (Sanofi) (AMP)
4630811000001100,Docetaxel 20mg/0.5ml solution for infusion vials and diluent (VMP)
4630911000001105,Docetaxel 80mg/2ml solution for infusion vials and diluent (VMP)
4633411000001105,Paraplatin 150mg/15ml solution for infusion vials (Bristol-Myers Squibb Pharmaceuticals Ltd) (AMP)
4634511000001107,Paraplatin 450mg/45ml solution for infusion vials (Bristol-Myers Squibb Pharmaceuticals Ltd) (AMP)
4634911000001100,Nipent 10mg powder for solution for injection vials (Pfizer Ltd) (AMP)
4635311000001102,Carboplatin 450mg/45ml solution for infusion vials (Pfizer Ltd) (AMP)
4635611000001107,Carboplatin 150mg/15ml solution for infusion vials (Pfizer Ltd) (AMP)
4638011000001108,Paclitaxel 30mg/5ml solution for infusion vials (VMP)
4639311000001100,Carboplatin 150mg/15ml solution for infusion vials (VMP)
4639411000001107,Carboplatin 450mg/45ml solution for infusion vials (VMP)
4642211000001104,Paraplatin 50mg/5ml solution for infusion vials (Bristol-Myers Squibb Pharmaceuticals Ltd) (AMP)
4642411000001100,Carboplatin 50mg/5ml solution for infusion vials (Pfizer Ltd) (AMP)
4643411000001109,Paraplatin 600mg/60ml solution for infusion vials (Bristol-Myers Squibb Pharmaceuticals Ltd) (AMP)
4644511000001106,Carboplatin 600mg/60ml solution for infusion vials (Pfizer Ltd) (AMP)
4651711000001101,Chlorambucil 5mg tablets (VMP)
4651811000001109,Carboplatin 50mg/5ml solution for infusion vials (VMP)
4651911000001104,Carboplatin 600mg/60ml solution for infusion vials (VMP)
4673411000001108,Cisplatin 50mg powder for solution for infusion vials (A A H Pharmaceuticals Ltd) (AMP)
4673611000001106,Cisplatin 50mg powder for solution for infusion vials (Pfizer Ltd) (AMP)
4676911000001106,Cytarabine 1g/10ml solution for injection vials (A A H Pharmaceuticals Ltd) (AMP)
4677511000001102,Cytarabine 1g/10ml solution for injection vials (Pfizer Ltd) (AMP)
4677711000001107,Cytarabine 1g/10ml solution for injection vials (Pfizer Ltd) (AMP)
4678011000001106,Cytarabine 500mg/5ml solution for injection vials (A A H Pharmaceuticals Ltd) (AMP)
4678211000001101,Cytarabine 500mg/5ml solution for injection vials (Pfizer Ltd) (AMP)
4678511000001103,Cytarabine 2g/20ml solution for injection vials (A A H Pharmaceuticals Ltd) (AMP)
4678711000001108,Cytarabine 2g/20ml solution for injection vials (Pfizer Ltd) (AMP)
4678911000001105,Cytarabine 2g/20ml solution for injection vials (Pfizer Ltd) (AMP)
4679211000001106,Cytarabine 100mg/1ml solution for injection vials (A A H Pharmaceuticals Ltd) (AMP)
4679411000001105,Cytarabine 100mg/1ml solution for injection vials (Pfizer Ltd) (AMP)
4679811000001107,Cytarabine 100mg/5ml solution for injection vials (A A H Pharmaceuticals Ltd) (AMP)
4680011000001101,Cytarabine 100mg/5ml solution for injection vials (Pfizer Ltd) (AMP)
4680211000001106,Cytarabine 20mg/ml solution for injection vials (Pfizer Ltd) (AMP)
4680511000001109,Cytarabine 500mg/25ml solution for injection vials (Pfizer Ltd) (AMP)
4680811000001107,"Bleo-Kyowa 15,000unit powder for solution for injection vials (Kyowa Kirin Ltd) (AMP)"
4683211000001101,Doxorubicin 10mg/5ml solution for injection vials (Pfizer Ltd) (AMP)
4683411000001102,Doxorubicin 10mg/5ml solution for injection vials (Alliance Healthcare (Distribution) Ltd) (AMP)
4683611000001104,Doxorubicin 10mg/5ml solution for injection Cytosafe vials (Pfizer Ltd) (AMP)
4684511000001100,Doxorubicin 50mg/25ml solution for injection vials (Alliance Healthcare (Distribution) Ltd) (AMP)
4684811000001102,Doxorubicin 50mg/25ml solution for injection vials (Pfizer Ltd) (AMP)
4685211000001102,Doxorubicin 50mg/25ml solution for injection Cytosafe vials (Pfizer Ltd) (AMP)
4685511000001104,Doxorubicin 200mg/100ml solution for infusion vials (Pfizer Ltd) (AMP)
4686511000001106,Doxorubicin 10mg powder for solution for injection vials (A A H Pharmaceuticals Ltd) (AMP)
4686811000001109,Doxorubicin 10mg powder for solution for injection vials (Hospira UK Ltd) (AMP)
4687011000001100,Doxorubicin Rapid Dissolution 10mg powder for solution for injection vials (Pfizer Ltd) (AMP)
4688311000001101,Doxorubicin 50mg powder for solution for injection vials (A A H Pharmaceuticals Ltd) (AMP)
4688511000001107,Doxorubicin 50mg powder for solution for injection vials (Hospira UK Ltd) (AMP)
4688911000001100,Doxorubicin Rapid Dissolution 50mg powder for solution for injection vials (Pfizer Ltd) (AMP)
4690811000001106,DaunoXome 50mg/25ml concentrate for solution for infusion vials (Galen Ltd) (AMP)
4691711000001106,Daunorubicin 20mg powder for solution for infusion vials (Zentiva Pharma UK Ltd) (AMP)
4694211000001102,Daunorubicin (liposomal) 50mg/25ml solution for infusion vials (VMP)
4694311000001105,"Bleomycin 15,000unit powder for solution for injection vials (VMP)"
4696711000001100,Campto 100mg/5ml concentrate for solution for infusion vials (Pfizer Ltd) (AMP)
4699111000001109,Cytarabine 100mg/5ml solution for injection vials (VMP)
4700511000001101,Doxorubicin 50mg/25ml solution for injection vials (VMP)
4700611000001102,Doxorubicin 10mg/5ml solution for injection vials (VMP)
4701011000001100,Cisplatin 50mg powder for solution for infusion vials (VMP)
4742011000001102,Etoposide 200mg/10ml solution for infusion vials (Hospira UK Ltd) (AMP)
4745311000001105,Proleukin 18million unit powder for solution for injection vials (Iovance Biotherapeutics UK SP Ltd) (AMP)
4747011000001100,Etoposide 200mg/10ml solution for infusion vials (VMP)
4748711000001102,Kineret 100mg/0.67ml solution for injection pre-filled syringes (Swedish Orphan Biovitrum Ltd) (AMP)
4751711000001105,Anakinra 100mg/0.67ml solution for injection pre-filled syringes (VMP)
4753111000001105,Leustat 10mg/10ml solution for infusion vials (Atnahs Pharma UK Ltd) (AMP)
4756511000001109,Gemzar 1g powder for solution for infusion vials (Eli Lilly and Company Ltd) (AMP)
4762311000001105,Platinex 50mg/50ml solution for infusion vials (Bristol-Myers Squibb Pharmaceuticals Ltd) (AMP)
4762511000001104,Platinex 100mg/100ml solution for infusion vials (Bristol-Myers Squibb Pharmaceuticals Ltd) (AMP)
4762811000001101,"Erwinase 10,000unit powder for solution for injection vials (Porton Biopharma Ltd) (AMP)"
4767011000001109,Pharmorubicin Rapid Dissolution 10mg powder for solution for injection vials (Pfizer Ltd) (AMP)
4771111000001107,Gemzar 200mg powder for solution for infusion vials (Eli Lilly and Company Ltd) (AMP)
4773411000001103,Simulect 20mg powder and solvent for solution for injection vials (Novartis Pharmaceuticals UK Ltd) (AMP)
4780911000001109,Zenapax 25mg/5ml solution for infusion vials (Roche Products Ltd) (AMP)
4785711000001102,Etopophos 100mg powder for solution for injection vials (Neon Healthcare Ltd) (AMP)
4800711000001108,Navelbine 10mg/1ml concentrate for solution for infusion vials (Pierre Fabre Ltd) (AMP)
4802711000001107,Hycamtin 4mg powder for concentrate for solution for infusion vials (Novartis Pharmaceuticals UK Ltd) (AMP)
4803011000001101,Herceptin 150mg powder for concentrate for solution for infusion vials (Roche Products Ltd) (AMP)
4803311000001103,Treosulfan 1g powder for solution for injection vials (medac UK) (AMP)
4803611000001108,Treosulfan 5g powder for solution for injection vials (medac UK) (AMP)
4804211000001109,Navelbine 50mg/5ml concentrate for solution for infusion vials (Pierre Fabre Ltd) (AMP)
4811811000001106,Visudyne 15mg powder for solution for infusion vials (Neon Healthcare Ltd) (AMP)
4812711000001105,Velbe 10mg powder for solution for injection vials (Eli Lilly and Company Ltd) (AMP)
4813011000001104,Vinblastine 10mg/10ml solution for injection vials (Pfizer Ltd) (AMP)
4813511000001107,Vincristine 1mg/1ml solution for injection vials (A A H Pharmaceuticals Ltd) (AMP)
4813911000001100,Oncovin 1mg/1ml solution for injection vials (Eli Lilly and Company Ltd) (AMP)
4814411000001106,Vincristine 1mg/1ml solution for injection vials (Pfizer Ltd) (AMP)
4815211000001108,Vincristine 2mg/2ml solution for injection vials (A A H Pharmaceuticals Ltd) (AMP)
4815511000001106,Vincristine 2mg/2ml solution for injection vials (Pfizer Ltd) (AMP)
4815711000001101,Vincristine 2mg/2ml solution for injection vials (Alliance Healthcare (Distribution) Ltd) (AMP)
4816311000001105,Vincristine 5mg/5ml solution for injection vials (Pfizer Ltd) (AMP)
4821411000001100,Cytarabine 100mg/5ml solution for injection vials (Alliance Healthcare (Distribution) Ltd) (AMP)
4821811000001103,Cytarabine 500mg/25ml solution for injection vials (Alliance Healthcare (Distribution) Ltd) (AMP)
4822211000001106,Cytarabine 1g/10ml solution for injection vials (Alliance Healthcare (Distribution) Ltd) (AMP)
4822411000001105,Cytarabine 2g/20ml solution for injection vials (Alliance Healthcare (Distribution) Ltd) (AMP)
4830011000001102,Taxol 300mg/50ml solution for infusion vials (Bristol-Myers Squibb Pharmaceuticals Ltd) (AMP)
483011000001100,Penicillamine 125mg tablets (Alliance Healthcare (Distribution) Ltd) (AMP)
4840911000001104,Alkeran 5mg tablets (GlaxoSmithKline UK Ltd) (AMP)
4843711000001105,Melphalan 5mg tablets (VMP)
4844711000001107,BiCNU 100mg powder and solvent for solution for infusion vials (Bristol-Myers Squibb Pharmaceuticals Ltd) (AMP)
4846111000001104,Fludara 50mg powder for solution for injection vials (Sanofi) (AMP)
4849211000001101,Treosulfan 250mg capsules (medac UK) (AMP)
4853111000001107,Pharmorubicin 10mg/5ml solution for injection Cytosafe vials (Pfizer Ltd) (AMP)
4853411000001102,Pharmorubicin 50mg/25ml solution for injection Cytosafe vials (Pfizer Ltd) (AMP)
4881311000001100,CellCept 1g/5ml oral suspension (Roche Products Ltd) (AMP)
4897811000001103,Mycophenolate mofetil 1g/5ml oral suspension sugar free (VMP)
494311000001101,Myocrisin 20mg/0.5ml solution for injection ampoules (Sanofi) (AMP)
4943611000001108,Dacarbazine 600mg powder for solution for infusion vials (Hospira UK Ltd) (AMP)
4948711000001105,Fluorouracil 250mg capsules (Cambridge Laboratories Ltd) (AMP)
4950411000001104,Fluorouracil 500mg/10ml solution for injection vials (A A H Pharmaceuticals Ltd) (AMP)
4951111000001103,Fluorouracil 500mg/10ml solution for injection vials (Pfizer Ltd) (AMP)
4951311000001101,Fluorouracil 500mg/10ml solution for injection vials (medac UK) (AMP)
4954711000001104,Fluorouracil 1g/20ml solution for injection vials (Hospira UK Ltd) (AMP)
4954911000001102,Fluorouracil 1g/20ml solution for injection vials (medac UK) (AMP)
4956811000001100,Dacarbazine 600mg powder for solution for infusion vials (VMP)
4957011000001109,Fluorouracil 1g/20ml solution for injection vials (VMP)
4958811000001104,Fluorouracil 2.5g/50ml solution for infusion vials (A A H Pharmaceuticals Ltd) (AMP)
4959011000001100,Fluorouracil 2.5g/50ml solution for infusion vials (Pfizer Ltd) (AMP)
4959311000001102,Fluorouracil 2.5g/50ml solution for infusion vials (medac UK) (AMP)
4962711000001103,Fluorouracil 5g/100ml solution for infusion vials (Pfizer Ltd) (AMP)
4963311000001107,Fluorouracil 5g/100ml solution for infusion vials (medac UK) (AMP)
4969811000001101,Fluorouracil 5g/100ml solution for infusion vials (VMP)
498611000001101,Penicillamine 125mg tablets (Kent Pharma (UK) Ltd) (AMP)
499111000001102,Arava 10mg tablets (Sanofi) (AMP)
4998511000001107,Procarbazine 50mg capsules (A A H Pharmaceuticals Ltd) (AMP)
4998711000001102,Procarbazine 50mg capsules (Alliance Pharmaceuticals Ltd) (AMP)
4998911000001100,Procarbazine 50mg capsules (Alliance Healthcare (Distribution) Ltd) (AMP)
5007511000001108,Humira 40mg/0.8ml solution for injection pre-filled syringes (AbbVie Ltd) (AMP)
5007811000001106,Simulect 10mg powder and solvent for solution for injection vials (Novartis Pharmaceuticals UK Ltd) (AMP)
5009111000001105,Cyclophosphamide 500mg powder for solution for injection vials (A A H Pharmaceuticals Ltd) (AMP)
5009611000001102,Endoxana 500mg powder for solution for injection vials (Baxter Healthcare Ltd) (AMP)
5009911000001108,Cyclophosphamide 500mg powder for solution for injection vials (Pfizer Ltd) (AMP)
5010211000001108,Cyclophosphamide 500mg powder for solution for injection vials (Alliance Healthcare (Distribution) Ltd) (AMP)
5051611000001109,Cytarabine 500mg/25ml solution for injection vials (A A H Pharmaceuticals Ltd) (AMP)
5305411000001102,Neoral 100mg/ml oral solution (Dowelhurst Ltd) (AMP)
5347111000001105,CellCept 250mg capsules (Waymade Healthcare Plc) (AMP)
5347711000001106,CellCept 500mg tablets (Waymade Healthcare Plc) (AMP)
5375011000001101,Imuran 25mg tablets (Waymade Healthcare Plc) (AMP)
5393711000001105,Neoral 25mg capsules (Waymade Healthcare Plc) (AMP)
5394111000001106,Neoral 50mg capsules (Waymade Healthcare Plc) (AMP)
5394311000001108,Neoral 100mg capsules (Waymade Healthcare Plc) (AMP)
5397211000001107,Neoral 100mg/ml oral solution (Waymade Healthcare Plc) (AMP)
544611000001107,Azathioprine 25mg tablets (Viatris UK Healthcare Ltd) (AMP)
5491311000001103,Prograf 1mg capsules (Waymade Healthcare Plc) (AMP)
5493011000001100,Azathioprine 25mg tablets (Dowelhurst Ltd) (AMP)
5494911000001104,Azathioprine 50mg tablets (Dowelhurst Ltd) (AMP)
5552111000001108,Imuran 25mg tablets (Dowelhurst Ltd) (AMP)
5552411000001103,Imuran 50mg tablets (Dowelhurst Ltd) (AMP)
5570811000001104,Prograf 1mg capsules (Dowelhurst Ltd) (AMP)
5571711000001104,Neoral 100mg capsules (Dowelhurst Ltd) (AMP)
5572411000001100,Neoral 25mg capsules (Dowelhurst Ltd) (AMP)
5574011000001103,Neoral 50mg capsules (Dowelhurst Ltd) (AMP)
5866911000001101,Azathioprine 25mg tablets (Actavis UK Ltd) (AMP)
611111000001100,Azathioprine 25mg tablets (Alliance Healthcare (Distribution) Ltd) (AMP)
62411000001105,Arava 20mg tablets (Sanofi) (AMP)
638611000001108,Sandimmun 50mg capsules (Novartis Pharmaceuticals UK Ltd) (AMP)
644711000001108,Maxtrex 2.5mg tablets (Pfizer Ltd) (AMP)
655811000001102,Fluorouracil 500mg/20ml solution for injection vials (A A H Pharmaceuticals Ltd) (AMP)
656111000001103,Prograf 500microgram capsules (Astellas Pharma Ltd) (AMP)
660811000001100,Neoral 25mg capsules (Novartis Pharmaceuticals UK Ltd) (AMP)
675711000001108,Imuran 50mg tablets (Aspen Pharma Trading Ltd) (AMP)
679611000001101,Myocrisin 10mg/0.5ml solution for injection ampoules (Sanofi) (AMP)
683611000001105,Methotrexate 2.5mg tablets (Advanz Pharma) (AMP)
690211000001104,Penicillamine 125mg tablets (Teva UK Ltd) (AMP)
706911000001103,Methotrexate 2.5mg tablets (Alliance Healthcare (Distribution) Ltd) (AMP)
708911000001104,Hydrea 500mg capsules (Neon Healthcare Ltd) (AMP)
715511000001100,Azathioprine 50mg tablets (Teva UK Ltd) (AMP)
7258211000001106,Endoxana 1g powder for solution for injection vials (Baxter Healthcare Ltd) (AMP)
7258311000001103,Cyclophosphamide 1g powder for solution for injection vials (Pfizer Ltd) (AMP)
7262611000001104,Endoxana 200mg powder for solution for injection vials (Baxter Healthcare Ltd) (AMP)
7267211000001103,Mitoxana 2g powder for solution for injection vials (Baxter Healthcare Ltd) (AMP)
7268711000001106,Mitoxana 1g powder for solution for injection vials (Baxter Healthcare Ltd) (AMP)
7274311000001106,Thiotepa 15mg powder for solution for injection vials (Cyanamid UK) (AMP)
7275711000001109,Mitomycin-C Kyowa 40mg powder for intravesical solution vials (Kyowa Kirin Ltd) (AMP)
7275911000001106,Mitomycin-C Kyowa 10mg powder for solution for injection vials (Kyowa Kirin Ltd) (AMP)
7276211000001108,Mitomycin-C Kyowa 20mg powder for solution for injection vials (Kyowa Kirin Ltd) (AMP)
7276411000001107,Mitomycin-C Kyowa 2mg powder for solution for injection vials (Kyowa Kirin Ltd) (AMP)
7309311000001105,Tomudex 2mg powder for solution for infusion vials (Pfizer Ltd) (AMP)
7309811000001101,Eloxatin 50mg powder for solution for infusion vials (Sanofi) (AMP)
7310011000001101,Eloxatin 100mg powder for solution for infusion vials (Sanofi) (AMP)
7315711000001109,Hycamtin 1mg powder for concentrate for solution for infusion vials (Novartis Pharmaceuticals UK Ltd) (AMP)
7319811000001103,Glivec 400mg tablets (Novartis Pharmaceuticals UK Ltd) (AMP)
7321111000001100,Pharmorubicin 200mg/100ml solution for infusion Cytosafe vials (Pfizer Ltd) (AMP)
7322711000001106,Dacarbazine 100mg powder for solution for injection vials (VMP)
7322811000001103,Dacarbazine 500mg powder for solution for infusion vials (VMP)
7322911000001108,Dacarbazine 1g powder for solution for infusion vials (VMP)
7323311000001102,Dacarbazine 1g powder for solution for infusion vials (medac UK) (AMP)
7323411000001109,Dacarbazine 100mg powder for solution for injection vials (medac UK) (AMP)
7323511000001108,Dacarbazine 500mg powder for solution for infusion vials (medac UK) (AMP)
744711000001104,Azathioprine 25mg tablets (A A H Pharmaceuticals Ltd) (AMP)
745811000001108,Penicillamine 125mg tablets (Viatris UK Healthcare Ltd) (AMP)
7466111000001105,Carboplatin 50mg/5ml solution for infusion vials (Wockhardt UK Ltd) (AMP)
7466511000001101,Carboplatin 150mg/15ml solution for infusion vials (Wockhardt UK Ltd) (AMP)
7467111000001108,Carboplatin 450mg/45ml solution for infusion vials (Wockhardt UK Ltd) (AMP)
7501011000001106,Eldisine 5mg powder for solution for injection vials (Genus Pharmaceuticals Ltd) (AMP)
7513011000001109,Velcade 3.5mg powder for solution for injection vials (Janssen-Cilag Ltd) (AMP)
752211000001104,Prograf 5mg capsules (Astellas Pharma Ltd) (AMP)
7525711000001100,Bortezomib 3.5mg powder for solution for injection vials (VMP)
7533111000001100,Busulfan 60mg/10ml solution for infusion ampoules (VMP)
7533311000001103,Busilvex 60mg/10ml concentrate for solution for infusion ampoules (Pierre Fabre Ltd) (AMP)
7542511000001101,Arsenic 10mg/10ml solution for infusion ampoules (VMP)
7553411000001106,Carmustine 7.7mg implant (VMP)
7553611000001109,Gliadel 7.7mg implant (Clinigen Healthcare Ltd) (AMP)
7553911000001103,Paxene 100mg/16.7ml solution for infusion vials (Hospira UK Ltd) (AMP)
7554611000001107,Paxene 30mg/5ml solution for infusion vials (Hospira UK Ltd) (AMP)
7554911000001101,Paxene 300mg/50ml solution for infusion vials (Hospira UK Ltd) (AMP)
7556411000001101,Paxene 150mg/25ml solution for infusion vials (Hospira UK Ltd) (AMP)
7591711000001106,Cytarabine (liposomal) 50mg/5ml suspension for injection vials (VMP)
7591911000001108,DepoCyte 50mg/5ml suspension for injection vials (Napp Pharmaceuticals Ltd) (AMP)
7602611000001102,Trisenox 10mg/10ml concentrate for solution for infusion ampoules (Teva UK Ltd) (AMP)
764611000001101,Penicillamine 250mg tablets (Alliance Healthcare (Distribution) Ltd) (AMP)
7654211000001102,Etoposide 500mg/25ml solution for infusion vials (VMP)
7654411000001103,Eposin 500mg/25ml concentrate for solution for infusion vials (medac UK) (AMP)
7655711000001108,Amsidine 75mg/1.5ml solution for infusion ampoules and diluent (Mercury Pharma Group Ltd) (AMP)
7659211000001103,Eposin 100mg/5ml concentrate for solution for infusion vials (medac UK) (AMP)
7693411000001106,Alemtuzumab 30mg/3ml solution for infusion ampoules (VMP)
7694211000001105,MabCampath 30mg/3ml concentrate for solution for infusion ampoules (Schering Health Care Ltd) (AMP)
7695711000001104,MabThera 100mg/10ml concentrate for solution for infusion vials (Roche Products Ltd) (AMP)
7697011000001108,MabThera 500mg/50ml concentrate for solution for infusion vials (Roche Products Ltd) (AMP)
7714811000001101,Cetuximab 100mg/50ml solution for infusion vials (VMP)
7715011000001106,Erbitux 100mg/50ml solution for infusion vials (Merck Serono Ltd) (AMP)
7815711000001106,Temoporfin 20mg/5ml solution for injection vials (VMP)
7816311000001102,Foscan 20mg/5ml solution for injection vials (Biolitec Pharma Ltd) (AMP)
786611000001108,Myocrisin 50mg/0.5ml solution for injection ampoules (Sanofi) (AMP)
795511000001101,Penicillamine 250mg tablets (Actavis UK Ltd) (AMP)
8076911000001104,Mycophenolic acid 180mg gastro-resistant tablets (VMP)
8077011000001100,Mycophenolic acid 360mg gastro-resistant tablets (VMP)
8077511000001108,Myfortic 180mg gastro-resistant tablets (Novartis Pharmaceuticals UK Ltd) (AMP)
8077811000001106,Myfortic 360mg gastro-resistant tablets (Novartis Pharmaceuticals UK Ltd) (AMP)
8089311000001103,Campto 40mg/2ml concentrate for solution for infusion vials (Pfizer Ltd) (AMP)
8089611000001108,Glivec 100mg tablets (Novartis Pharmaceuticals UK Ltd) (AMP)
8170311000001107,Lomustine 40mg capsules (Alliance Healthcare (Distribution) Ltd) (AMP)
8246011000001106,Raptiva 125mg powder and solvent for solution for injection vials (Merck Serono Ltd) (AMP)
8259811000001108,Azathioprine 100mg/5ml oral solution (Special Order) (AMP)
8260111000001100,Azathioprine 100mg/5ml oral suspension (Special Order) (AMP)
8260411000001105,Azathioprine 120mg/5ml oral solution (Special Order) (AMP)
8260811000001107,Azathioprine 120mg/5ml oral suspension (Special Order) (AMP)
8261211000001100,Azathioprine 150mg/5ml oral solution (Special Order) (AMP)
8262111000001101,Azathioprine 13mg/5ml oral solution (Special Order) (AMP)
8262811000001108,Azathioprine 10mg/5ml oral solution (Special Order) (AMP)
8262911000001103,Azathioprine 150mg/5ml oral suspension (Special Order) (AMP)
8263111000001107,Azathioprine 15mg/5ml oral solution (Special Order) (AMP)
8263511000001103,Azathioprine 13mg/5ml oral suspension (Special Order) (AMP)
8264111000001109,Azathioprine 10mg/5ml oral suspension (Special Order) (AMP)
8264311000001106,Azathioprine 15mg/5ml oral suspension (Special Order) (AMP)
8264611000001101,Azathioprine 17.5mg/5ml oral solution (Special Order) (AMP)
8265411000001103,Azathioprine 12mg/5ml oral solution (Special Order) (AMP)
8265911000001106,Azathioprine 2.5mg/5ml oral solution (Special Order) (AMP)
8266011000001103,Azathioprine 17.5mg/5ml oral suspension (Special Order) (AMP)
8266211000001108,Azathioprine 12mg/5ml oral suspension (Special Order) (AMP)
8267211000001105,Azathioprine 20mg/5ml oral solution (Special Order) (AMP)
8267811000001106,Azathioprine 2.5mg/5ml oral suspension (Special Order) (AMP)
8268111000001103,Azathioprine 20mg/5ml oral suspension (Special Order) (AMP)
8268511000001107,Azathioprine 30mg/5ml oral solution (Special Order) (AMP)
8268711000001102,Azathioprine 25mg/5ml oral solution (Special Order) (AMP)
8269111000001105,Azathioprine 30mg/5ml oral suspension (Special Order) (AMP)
8269711000001106,Azathioprine 25mg/5ml oral suspension (Special Order) (AMP)
8272311000001109,Azathioprine 40mg/5ml oral solution (Special Order) (AMP)
8273411000001106,Azathioprine 5mg/5ml oral solution (Special Order) (AMP)
8274811000001106,Azathioprine 50mg/5ml oral solution (Special Order) (AMP)
8275911000001102,Azathioprine 5mg/5ml oral suspension (Special Order) (AMP)
8277711000001105,Azathioprine 40mg/5ml oral suspension (Special Order) (AMP)
8278511000001101,Azathioprine 50mg/5ml oral suspension (Special Order) (AMP)
8279411000001108,Azathioprine 75mg/5ml oral solution (Special Order) (AMP)
8280411000001108,Azathioprine 75mg/5ml oral suspension (Special Order) (AMP)
8281911000001107,Azathioprine 100mg/5ml oral solution (VMP)
8282011000001100,Azathioprine 100mg/5ml oral suspension (VMP)
8282111000001104,Azathioprine 10mg/5ml oral solution (VMP)
8282211000001105,Azathioprine 10mg/5ml oral suspension (VMP)
8282311000001102,Azathioprine 120mg/5ml oral solution (VMP)
8282411000001109,Azathioprine 120mg/5ml oral suspension (VMP)
8282511000001108,Azathioprine 12mg/5ml oral solution (VMP)
8282611000001107,Azathioprine 12mg/5ml oral suspension (VMP)
8282711000001103,Azathioprine 13mg/5ml oral solution (VMP)
8282811000001106,Azathioprine 13mg/5ml oral suspension (VMP)
8282911000001101,Azathioprine 150mg/5ml oral solution (VMP)
8283011000001109,Azathioprine 150mg/5ml oral suspension (VMP)
8283111000001105,Azathioprine 15mg/5ml oral solution (VMP)
8283211000001104,Azathioprine 15mg/5ml oral suspension (VMP)
8283311000001107,Azathioprine 17.5mg/5ml oral solution (VMP)
8283411000001100,Azathioprine 17.5mg/5ml oral suspension (VMP)
8283511000001101,Azathioprine 2.5mg/5ml oral solution (VMP)
8283611000001102,Azathioprine 2.5mg/5ml oral suspension (VMP)
8283811000001103,Azathioprine 20mg/5ml oral solution (VMP)
8283911000001108,Azathioprine 20mg/5ml oral suspension (VMP)
8284011000001106,Azathioprine 25mg/5ml oral solution (VMP)
8284111000001107,Azathioprine 25mg/5ml oral suspension (VMP)
8284211000001101,Azathioprine 30mg/5ml oral solution (VMP)
8285111000001106,Efalizumab 125mg powder and solvent for solution for injection vials (VMP)
8288511000001105,Azathioprine 60mg/5ml oral solution (Special Order) (AMP)
8290111000001102,Azathioprine 60mg/5ml oral suspension (Special Order) (AMP)
8291411000001103,Azathioprine 90mg/5ml oral solution (Special Order) (AMP)
8292211000001109,Azathioprine 90mg/5ml oral suspension (Special Order) (AMP)
8307511000001102,Azathioprine 90mg/5ml oral suspension (VMP)
8307711000001107,Azathioprine 90mg/5ml oral solution (VMP)
8307811000001104,Azathioprine 75mg/5ml oral suspension (VMP)
8307911000001109,Azathioprine 75mg/5ml oral solution (VMP)
8308011000001106,Azathioprine 60mg/5ml oral suspension (VMP)
8308111000001107,Azathioprine 60mg/5ml oral solution (VMP)
8308211000001101,Azathioprine 5mg/5ml oral suspension (VMP)
8308311000001109,Azathioprine 5mg/5ml oral solution (VMP)
8308411000001102,Azathioprine 50mg/5ml oral suspension (VMP)
8308511000001103,Azathioprine 50mg/5ml oral solution (VMP)
8308611000001104,Azathioprine 40mg/5ml oral suspension (VMP)
8308711000001108,Azathioprine 40mg/5ml oral solution (VMP)
8308811000001100,Azathioprine 30mg/5ml oral suspension (VMP)
8388611000001100,Azathioprine 25mg tablets (Teva UK Ltd) (AMP)
8409011000001109,Cyclophosphamide 25mg/5ml oral solution (Special Order) (AMP)
8409411000001100,Cyclophosphamide 50mg/5ml oral solution (Special Order) (AMP)
8409711000001106,Cyclophosphamide 25mg/5ml oral suspension (Special Order) (AMP)
841011000001102,Penicillamine 125mg tablets (Actavis UK Ltd) (AMP)
8410111000001102,Cyclophosphamide 100mg/5ml oral solution (Special Order) (AMP)
8410311000001100,Cyclophosphamide 50mg/5ml oral suspension (Special Order) (AMP)
8410911000001104,Cyclophosphamide 100mg/5ml oral suspension (Special Order) (AMP)
843311000001103,Azathioprine 50mg tablets (Viatris UK Healthcare Ltd) (AMP)
8450911000001105,Cyclophosphamide 100mg/5ml oral solution (VMP)
8451011000001102,Cyclophosphamide 100mg/5ml oral suspension (VMP)
8451111000001101,Cyclophosphamide 25mg/5ml oral solution (VMP)
8451211000001107,Cyclophosphamide 25mg/5ml oral suspension (VMP)
8451311000001104,Cyclophosphamide 50mg/5ml oral solution (VMP)
8451411000001106,Cyclophosphamide 50mg/5ml oral suspension (VMP)
8612811000001107,Mercaptopurine 100mg/5ml oral suspension (Special Order) (AMP)
8613411000001101,Mercaptopurine 25mg/5ml oral suspension (Special Order) (AMP)
8618111000001102,Methotrexate 10mg/5ml oral solution (Special Order) (AMP)
8618811000001109,Methotrexate 10mg/5ml oral suspension (Special Order) (AMP)
8619311000001106,Methotrexate 12.5mg/5ml oral solution (Special Order) (AMP)
8619611000001101,Methotrexate 12.5mg/5ml oral suspension (Special Order) (AMP)
8619911000001107,Methotrexate 15mg/5ml oral solution (Special Order) (AMP)
8620311000001107,Methotrexate 15mg/5ml oral suspension (Special Order) (AMP)
8622711000001105,Methotrexate 2.5mg/5ml oral solution (Special Order) (AMP)
8624211000001107,Methotrexate 2.5mg/5ml oral suspension (Special Order) (AMP)
8625811000001109,Methotrexate 7.5mg/5ml oral solution (Special Order) (AMP)
8625911000001104,Methotrexate 5mg/5ml oral solution (Special Order) (AMP)
8626411000001103,Methotrexate 7.5mg/5ml oral suspension (Special Order) (AMP)
8626511000001104,Methotrexate 5mg/5ml oral suspension (Special Order) (AMP)
863111000001105,Azathioprine 50mg tablets (Kent Pharma (UK) Ltd) (AMP)
8663611000001102,Mercaptopurine 20mg/ml oral suspension (VMP)
8663711000001106,Mercaptopurine 25mg/5ml oral suspension (VMP)
8664911000001105,Methotrexate 10mg/5ml oral solution (VMP)
8665011000001105,Methotrexate 10mg/5ml oral suspension (VMP)
8665111000001106,Methotrexate 12.5mg/5ml oral solution (VMP)
8665211000001100,Methotrexate 12.5mg/5ml oral suspension (VMP)
8665311000001108,Methotrexate 15mg/5ml oral solution (VMP)
8665411000001101,Methotrexate 15mg/5ml oral suspension (VMP)
8665611000001103,Methotrexate 2.5mg/5ml oral solution (VMP)
8665711000001107,Methotrexate 2.5mg/5ml oral suspension (VMP)
8665811000001104,Methotrexate 5mg/5ml oral solution (VMP)
8665911000001109,Methotrexate 5mg/5ml oral suspension (VMP)
8666011000001101,Methotrexate 7.5mg/5ml oral solution (VMP)
8666111000001100,Methotrexate 7.5mg/5ml oral suspension (VMP)
8708211000001102,Tacrolimus 2.5mg/5ml oral solution (Special Order) (AMP)
8708811000001101,Tacrolimus 2.5mg/5ml oral suspension (Special Order) (AMP)
8726011000001101,Tacrolimus 2.5mg/5ml oral suspension (VMP)
8726211000001106,Tacrolimus 2.5mg/5ml oral solution (VMP)
8733511000001103,Azathioprine 10mg capsules (Special Order) (AMP)
8742911000001104,Azathioprine 5mg capsules (Special Order) (AMP)
8743211000001102,Azathioprine 30mg capsules (Special Order) (AMP)
8759711000001105,Mercaptopurine 10mg capsules (Part VIIID Drug Tariff Special Order) (AMP)
8791311000001100,Azathioprine 10mg capsules (VMP)
8791411000001107,Azathioprine 30mg capsules (VMP)
8791511000001106,Azathioprine 5mg capsules (VMP)
8796611000001103,Mercaptopurine 10mg capsules (VMP)
8822711000001100,Tacrolimus 5mg/5ml oral suspension (Drug Tariff Special Order) (AMP)
8823011000001106,Tacrolimus 5mg/5ml oral suspension (VMP)
88611000001108,Sandimmun 250mg/5ml concentrate for solution for infusion ampoules (Novartis Pharmaceuticals UK Ltd) (AMP)
888811000001106,Azathioprine 50mg tablets (Alliance Healthcare (Distribution) Ltd) (AMP)
8993211000001102,Pemetrexed 500mg powder for solution for infusion vials (VMP)
8993411000001103,Alimta 500mg powder for concentrate for solution for infusion vials (Eli Lilly and Company Ltd) (AMP)
900111000001107,Penicillamine 125mg tablets (A A H Pharmaceuticals Ltd) (AMP)
9040511000001106,Xagrid 500microgram capsules (Takeda UK Ltd) (AMP)
906711000001106,Imuran 50mg powder for solution for injection vials (Aspen Pharma Trading Ltd) (AMP)
9098211000001100,Taxol 150mg/25ml solution for infusion vials (Bristol-Myers Squibb Pharmaceuticals Ltd) (AMP)
9104711000001109,Carboplatin 150mg/15ml solution for infusion vials (PLIVA Pharma Ltd) (AMP)
9104911000001106,Carboplatin 450mg/45ml solution for infusion vials (PLIVA Pharma Ltd) (AMP)
9118411000001109,Fluorouracil 250mg/10ml solution for injection vials (Pfizer Ltd) (AMP)
911911000001101,Sandimmun 50mg/1ml concentrate for solution for infusion ampoules (Novartis Pharmaceuticals UK Ltd) (AMP)
9152611000001102,Avastin 400mg/16ml solution for infusion vials (Roche Products Ltd) (AMP)
9152911000001108,Avastin 100mg/4ml solution for infusion vials (Roche Products Ltd) (AMP)
9163211000001101,Paclitaxel 30mg/5ml concentrate for solution for infusion vials (Pfizer Ltd) (AMP)
9163411000001102,Paclitaxel 100mg/16.7ml concentrate for solution for infusion vials (Pfizer Ltd) (AMP)
9163611000001104,Paclitaxel 150mg/25ml concentrate for solution for infusion vials (Pfizer Ltd) (AMP)
9163811000001100,Paclitaxel 300mg/50ml concentrate for solution for infusion vials (Pfizer Ltd) (AMP)
9188011000001102,Alemtuzumab 30mg/1ml solution for infusion vials (VMP)
9188211000001107,MabCampath 30mg/1ml concentrate for solution for infusion vials (Genzyme Therapeutics Ltd) (AMP)
928011000001103,Methotrexate 10mg tablets (A A H Pharmaceuticals Ltd) (AMP)
9309311000001101,Enbrel 50mg powder and solvent for solution for injection vials (Wyeth Pharmaceuticals) (AMP)
939011000001105,Penicillamine 250mg tablets (Kent Pharma (UK) Ltd) (AMP)
9448011000001109,Methotrexate 50mg/2ml solution for injection pre-filled syringes (Special Order) (AMP)
9448511000001101,Methotrexate 35mg/1.4ml solution for injection pre-filled syringes (Special Order) (AMP)
9449511000001107,Methotrexate 32.5mg/1.3ml solution for injection pre-filled syringes (Special Order) (AMP)
9450111000001105,Methotrexate 30mg/1.2ml solution for injection pre-filled syringes (Special Order) (AMP)
9451611000001107,Methotrexate 27.5mg/1.1ml solution for injection pre-filled syringes (Special Order) (AMP)
9452311000001106,Methotrexate 25mg/1ml solution for injection pre-filled syringes (Special Order) (AMP)
9452811000001102,Methotrexate 22.5mg/0.9ml solution for injection pre-filled syringes (Special Order) (AMP)
9453111000001103,Methotrexate 20mg/0.8ml solution for injection pre-filled syringes (Special Order) (AMP)
9453611000001106,Methotrexate 17.5mg/0.7ml solution for injection pre-filled syringes (Special Order) (AMP)
9454211000001107,Methotrexate 15mg/0.6ml solution for injection pre-filled syringes (Special Order) (AMP)
9455211000001108,Methotrexate 12.5mg/0.5ml solution for injection pre-filled syringes (Special Order) (AMP)
9455911000001104,Methotrexate 10mg/0.4ml solution for injection pre-filled syringes (Special Order) (AMP)
9456611000001100,Methotrexate 7.5mg/0.3ml solution for injection pre-filled syringes (Special Order) (AMP)
9457411000001101,Methotrexate 5mg/0.2ml solution for injection pre-filled syringes (Special Order) (AMP)
9467311000001101,Lysodren 500mg tablets (Esteve RD UK & Ireland Ltd) (AMP)
9468211000001108,Methotrexate 10mg/0.4ml solution for injection pre-filled syringes (VMP)
9468311000001100,Methotrexate 12.5mg/0.5ml solution for injection pre-filled syringes (VMP)
9468411000001107,Methotrexate 15mg/0.6ml solution for injection pre-filled syringes (VMP)
9468511000001106,Methotrexate 17.5mg/0.7ml solution for injection pre-filled syringes (VMP)
9468611000001105,Methotrexate 20mg/0.8ml solution for injection pre-filled syringes (VMP)
9468711000001101,Methotrexate 22.5mg/0.9ml solution for injection pre-filled syringes (VMP)
9468811000001109,Methotrexate 25mg/1ml solution for injection pre-filled syringes (VMP)
9468911000001104,Methotrexate 27.5mg/1.1ml solution for injection pre-filled syringes (VMP)
9469011000001108,Methotrexate 30mg/1.2ml solution for injection pre-filled syringes (VMP)
9469111000001109,Methotrexate 32.5mg/1.3ml solution for injection pre-filled syringes (VMP)
9469211000001103,Methotrexate 35mg/1.4ml solution for injection pre-filled syringes (VMP)
9469311000001106,Methotrexate 50mg/2ml solution for injection pre-filled syringes (VMP)
9469411000001104,Methotrexate 5mg/0.2ml solution for injection pre-filled syringes (VMP)
9469511000001100,Methotrexate 7.5mg/0.3ml solution for injection pre-filled syringes (VMP)
9509411000001105,Vinorelbine 10mg/1ml solution for infusion vials (Hospira UK Ltd) (AMP)
9510011000001107,Vinorelbine 50mg/5ml solution for infusion vials (Hospira UK Ltd) (AMP)
9522211000001109,Myocet 50mg powder and solvent for suspension for infusion vials (Teva UK Ltd) (AMP)
9522511000001107,Navelbine 20mg capsules (Pierre Fabre Ltd) (AMP)
9522811000001105,Navelbine 30mg capsules (Pierre Fabre Ltd) (AMP)
9526811000001106,Doxorubicin (liposomal) 50mg powder and solvent for suspension for infusion vials (VMP)
9526911000001101,Vinorelbine 20mg capsules (VMP)
9527011000001102,Vinorelbine 30mg capsules (VMP)
9561911000001100,Methotrexate 1g/10ml solution for injection vials (Wockhardt UK Ltd) (AMP)
9562111000001108,Methotrexate 5g/50ml solution for infusion vials (Wockhardt UK Ltd) (AMP)
9562411000001103,Mitoxantrone 10mg/5ml solution for infusion vials (Wockhardt UK Ltd) (AMP)
9562611000001100,Mitoxantrone 20mg/10ml solution for infusion vials (Wockhardt UK Ltd) (AMP)
9564211000001106,Mitoxantrone 10mg/5ml solution for infusion vials (VMP)
9564711000001104,Tarceva 100mg tablets (Neon Healthcare Ltd) (AMP)
9565011000001102,Tarceva 150mg tablets (Neon Healthcare Ltd) (AMP)
98511000001108,Distamine 125mg tablets (Alliance Pharmaceuticals Ltd) (AMP)
